Workbook
Name Final_demand_space_heating: [1]Dashboard!$E$23
Name TWh_to_TJ: #REF!

Sheet Overview
A1: category | B1: sub category | C1: value | D1: unit | E1: comment
A2: Domestic production in 2023 | B2: Wet biomass | C2: =Biomass!D8 -> 16143 | D2: TJ | E2: CBS (2023) Nationale balans vaste biomassa: productie en verbruik; energiedragers gives the domestic production of solid, non-woody biomass. See https://opendata.cbs.nl/statline/#/CBS/nl/dataset/85899NED/table?ts=1748946872021
A3: Domestic production in 2023 | B3: Dry/wood biomass | C3: =Biomass!D7 -> 48926 | D3: TJ | E3: CBS (2023) Nationale balans vaste biomassa: productie en verbruik; energiedragers gives the domestic production of solid, woody biomass. See https://opendata.cbs.nl/statline/#/CBS/nl/dataset/85899NED/table?ts=1748946872021
A4: Domestic production in 2023 | B4: Oily biomass | C4: =C9 -> 10500 | D4: TJ | E4: Same value assumed as the maximum potential and as for nl2019. Should be updated at some point.
A5: Domestic production maximum | B5: Biogenic waste | C5: 21382 | D5: TJ | E5: TNO - onderzoek biomassa in opdracht van Quintel (https://docs.energytransitionmodel.com/main/biomass)
A6: Domestic production maximum | B6: Non-biogenic waste | C6: =ROUND(Waste!F22,0) -> 31694 | D6: TJ | E6: Eurostat (2023) Municipal waste by waste management operations used to estimate maximum waste production. Same method as used for nl2019. Should be updated at some point.
A7: Domestic production maximum | B7: Wet biomass | C7: 109873 | D7: TJ | E7: TNO - onderzoek biomassa in opdracht van Quintel (https://docs.energytransitionmodel.com/main/biomass)
A8: Domestic production maximum | B8: Dry biomass | C8: 62160 | D8: TJ | E8: TNO - onderzoek biomassa in opdracht van Quintel (https://docs.energytransitionmodel.com/main/biomass)
A9: Domestic production maximum | B9: Oily biomass | C9: 10500 | D9: TJ | E9: TNO - onderzoek biomassa in opdracht van Quintel (https://docs.energytransitionmodel.com/main/biomass)
A10: LNG | B10: Share of LNG in total primary natural gas supply | C10: =LNG!D10/SUM(LNG!D7:D10)*100 -> 36.870011 | D10: % | E10: CBS (2023) Aardgasbalans; aanbod en verbruik gives the import and export of LNG for the Netherlands in 2023. See https://opendata.cbs.nl/statline/#/CBS/nl/dataset/00372?ts=1748873694280. However, Eurostat does not take transit into account for import and export on their energy balance. This means the total import and export on the energy balance is much lower than the numbers reported by CBS. Therefore, instead of the actual import of LNG, the share of LNG import in total supply is calculated using CBS.
A11: Green gas | B11: Share of green gas produced through wet biomass fermentation | C11: 100 | D11: % | E11: Assumption, all green gas production from biogas fermentation as conventional technology. Biomass gasification is still a relatively new technology. See https://www.rvo.nl/onderwerpen/bio-energie/vergisting-en-vergassing.
A12: Green gas | B12: Share of green gas produced through wet biomass gasification | C12: 0 | D12: % | E12: Assumption, all green gas production from biogas fermentation as conventional technology. Biomass gasification is still a relatively new technology. See https://www.rvo.nl/onderwerpen/bio-energie/vergisting-en-vergassing.
A13: Green gas | B13: Share of green gas produced through dry biomass gasification | C13: 0 | D13: % | E13: Assumption, all green gas production from biogas fermentation as conventional technology. Biomass gasification is still a relatively new technology. See https://www.rvo.nl/onderwerpen/bio-energie/vergisting-en-vergassing.

Sheet LNG
B3: CBS
B4: Aardgasbalans; aanbod en verbruik
B6: Aanbod van aardgas | D6: 2023
B7: Winning uit bodem | C7: mln m3 | D7: 11206
B8: Productie uit andere bronnen | C8: mln m3 | D8: 358
B9: Invoer van gasvorming aardgas, totaal | C9: mln m3 | D9: 30824
B10: Invoer vloeibaar aardgas (LNG), totaal | C10: mln m3 | D10: 24756
B22: Eurostat
B23: Energy balance guide

Sheet Biomass
B3: CBS
B4: Nationale balans vaste biomassa: productie en verbruik; energiedragers
B6: Winning | D6: 2023
B7: Houtige biomassa totaal | C7: TJ | D7: 48926
B8: Niet houtige-biomassa totaal | C8: TJ | D8: 16143

Sheet Waste
B2: Waste source analysis
B4: Eurostat | C4: Waste production in 2023 (Mt)
B5: GEO/WST_OPER | C5: Waste generated | D5: Material recycling | E5: Composting and digestion | F5: Incineration / disposal (D10)
B6: European Union (28 countries) | C6: ='Waste - Eurostat raw'!B11 -> 229129 | D6: ='Waste - Eurostat raw'!F11 -> 65873 | E6: ='Waste - Eurostat raw'!H11 -> 44203 | F6: ='Waste - Eurostat raw'!J11 -> 58005
B7: Netherlands | C7: ='Waste - Eurostat raw'!B12 -> 8364 | D7: ='Waste - Eurostat raw'!F12 -> 2309 | E7: ='Waste - Eurostat raw'!H12 -> 2573 | F7: ='Waste - Eurostat raw'!J12 -> 3367
B10: Country | C10: Total waste production (Mt) | D10: Total incineration with energy recovery (Mt) | E10: Total recycling (Mt) | F10: Total composting (Mt) | G10: Available for incineration with energy recovery (Mt)
B11: NL | C11: =C7 -> 8364 | D11: =F7 -> 3367 | E11: =D7 -> 2309 | F11: =E7 -> 2573 | G11: =C11-D11-E11-F11 -> 115
B12: EU | C12: =C6 -> 229129 | D12: =F6 -> 58005 | E12: =D6 -> 65873 | F12: =E6 -> 44203 | G12: =C12-D12-E12-F12 -> 61048
B13: Source | C13: [1] | D13: [1] | E13: [1] | F13: [1] | G13: [1]
B16: Country | D16: Total incineration with energy recovery (%) | E16: Total recycling (%) | F16: Total composting (%) | G16: Available for incineration with energy recovery (%)
B17: NL | D17: =D11/C11 -> 0.40255858 | E17: =E11/C11 -> 0.27606408 | F17: =F11/C11 -> 0.30762793 | G17: =1-D17-E17-F17 -> 0.013749402
B20: Country | C20: Biogenic | D20: Non-biogenic
E21: Max biogenic | F21: Max non-biogenic
B22: NL | C22: 32443.485 | D22: 30647.482 | E22: =(D17+G17)/D17*C22 -> 33551.593 | F22: =(D17+G17)/D17*D22 -> 31694.248
B23: Source | C23: [2] | D23: [2]
B25: References
B26: [1] Eurostat (2023) Municipal waste (env_wasmun) https://doi.org/10.2908/ENV_WASMUN
B27: [2] Quintel (2023) Primary production analysis. Value derived from Eurostat energy balance (2023).

Sheet Waste - Eurostat raw
A1: Data extracted on 03/06/2025 11:13:19 from [ESTAT]
A2: Dataset: | B2: Municipal waste by waste management operations [env_wasmun__custom_16952031]
A3: Last updated: | B3: 13/02/2025 11:00
A5: Time frequency | C5: Annual
A6: Unit of measure | C6: Thousand tonnes
A7: Time | C7: 2023
A9: WST_OPER (Labels) | B9: Waste generated | D9: Waste treatment | F9: Recycling - material | H9: Recycling - composting and digestion | J9: Disposal - incineration (D10) and recovery - energy recovery (R1)
A10: GEO (Labels)
A11: European Union - 27 countries (from 2020) | B11: 229129 | C11: i | D11: 220517 | E11: i | F11: 65873 | G11: i | H11: 44203 | I11: i | J11: 58005 | K11: i
A12: Netherlands | B12: 8364 | D12: 8364 | F12: 2309 | H12: 2573 | J12: 3367
A14: Special value
A15: : | B15: not available
A16: Observation flags:
A17: i | B17: value imputed by Eurostat or other receiving agencies
