Workbook

Sheet Data
A1: GM_code | B1: arable_land_km2 | C1: arable_land_scaled | D1: greenhouse_scaled | E1: total_land_area_km2 | F1: coast_line_km
A2: GM1680 | B2: =INDEX(Calculation!$A$1:$K$343,MATCH($A2,Calculation!$B:$B,0),MATCH(B$1,Calculation!$1:$1,0)) -> 187.48843 | C2: =B2/SUM($B$2:$B$343) -> 0.0084058687 | D2: =INDEX(Calculation!$A$1:$I$343,MATCH($A2,Calculation!$B:$B,0),MATCH(D$1,Calculation!$1:$1,0)) -> 0 | E2: =INDEX(Calculation!$A$1:$K$343,MATCH($A2,Calculation!$B:$B,0),MATCH(E$1,Calculation!$1:$1,0)) -> 276.06032 | F2: =INDEX(Calculation!$A$1:$K$343,MATCH($A2,Calculation!$B:$B,0),MATCH(F$1,Calculation!$1:$1,0)) -> 0
A3: GM0358 | B3: =INDEX(Calculation!$A$1:$K$343,MATCH($A3,Calculation!$B:$B,0),MATCH(B$1,Calculation!$1:$1,0)) -> 7.6329903 | C3: =B3/SUM($B$2:$B$343) -> 0.000342218 | D3: =INDEX(Calculation!$A$1:$I$343,MATCH($A3,Calculation!$B:$B,0),MATCH(D$1,Calculation!$1:$1,0)) -> 0.011068605 | E3: =INDEX(Calculation!$A$1:$K$343,MATCH($A3,Calculation!$B:$B,0),MATCH(E$1,Calculation!$1:$1,0)) -> 20.098982 | F3: =INDEX(Calculation!$A$1:$K$343,MATCH($A3,Calculation!$B:$B,0),MATCH(F$1,Calculation!$1:$1,0)) -> 0
A4: GM0197 | B4: =INDEX(Calculation!$A$1:$K$343,MATCH($A4,Calculation!$B:$B,0),MATCH(B$1,Calculation!$1:$1,0)) -> 80.464678 | C4: =B4/SUM($B$2:$B$343) -> 0.0036075588 | D4: =INDEX(Calculation!$A$1:$I$343,MATCH($A4,Calculation!$B:$B,0),MATCH(D$1,Calculation!$1:$1,0)) -> 0 | E4: =INDEX(Calculation!$A$1:$K$343,MATCH($A4,Calculation!$B:$B,0),MATCH(E$1,Calculation!$1:$1,0)) -> 96.530352 | F4: =INDEX(Calculation!$A$1:$K$343,MATCH($A4,Calculation!$B:$B,0),MATCH(F$1,Calculation!$1:$1,0)) -> 0
A5: GM0059 | B5: =INDEX(Calculation!$A$1:$K$343,MATCH($A5,Calculation!$B:$B,0),MATCH(B$1,Calculation!$1:$1,0)) -> 85.163223 | C5: =B5/SUM($B$2:$B$343) -> 0.0038182137 | D5: =INDEX(Calculation!$A$1:$I$343,MATCH($A5,Calculation!$B:$B,0),MATCH(D$1,Calculation!$1:$1,0)) -> 8.091987e-05 | E5: =INDEX(Calculation!$A$1:$K$343,MATCH($A5,Calculation!$B:$B,0),MATCH(E$1,Calculation!$1:$1,0)) -> 102.20596 | F5: =INDEX(Calculation!$A$1:$K$343,MATCH($A5,Calculation!$B:$B,0),MATCH(F$1,Calculation!$1:$1,0)) -> 0
A6: GM0482 | B6: =INDEX(Calculation!$A$1:$K$343,MATCH($A6,Calculation!$B:$B,0),MATCH(B$1,Calculation!$1:$1,0)) -> 2.9173258 | C6: =B6/SUM($B$2:$B$343) -> 0.00013079558 | D6: =INDEX(Calculation!$A$1:$I$343,MATCH($A6,Calculation!$B:$B,0),MATCH(D$1,Calculation!$1:$1,0)) -> 0 | E6: =INDEX(Calculation!$A$1:$K$343,MATCH($A6,Calculation!$B:$B,0),MATCH(E$1,Calculation!$1:$1,0)) -> 8.7726386 | F6: =INDEX(Calculation!$A$1:$K$343,MATCH($A6,Calculation!$B:$B,0),MATCH(F$1,Calculation!$1:$1,0)) -> 0
A7: GM0613 | B7: =INDEX(Calculation!$A$1:$K$343,MATCH($A7,Calculation!$B:$B,0),MATCH(B$1,Calculation!$1:$1,0)) -> 10.912899 | C7: =B7/SUM($B$2:$B$343) -> 0.00048926963 | D7: =INDEX(Calculation!$A$1:$I$343,MATCH($A7,Calculation!$B:$B,0),MATCH(D$1,Calculation!$1:$1,0)) -> 0.00030093901 | E7: =INDEX(Calculation!$A$1:$K$343,MATCH($A7,Calculation!$B:$B,0),MATCH(E$1,Calculation!$1:$1,0)) -> 21.665086 | F7: =INDEX(Calculation!$A$1:$K$343,MATCH($A7,Calculation!$B:$B,0),MATCH(F$1,Calculation!$1:$1,0)) -> 0
A8: GM0361 | B8: =INDEX(Calculation!$A$1:$K$343,MATCH($A8,Calculation!$B:$B,0),MATCH(B$1,Calculation!$1:$1,0)) -> 77.929016 | C8: =B8/SUM($B$2:$B$343) -> 0.0034938747 | D8: =INDEX(Calculation!$A$1:$I$343,MATCH($A8,Calculation!$B:$B,0),MATCH(D$1,Calculation!$1:$1,0)) -> 0.00033622707 | E8: =INDEX(Calculation!$A$1:$K$343,MATCH($A8,Calculation!$B:$B,0),MATCH(E$1,Calculation!$1:$1,0)) -> 110.31265 | F8: =INDEX(Calculation!$A$1:$K$343,MATCH($A8,Calculation!$B:$B,0),MATCH(F$1,Calculation!$1:$1,0)) -> 0
A9: GM0141 | B9: =INDEX(Calculation!$A$1:$K$343,MATCH($A9,Calculation!$B:$B,0),MATCH(B$1,Calculation!$1:$1,0)) -> 35.396501 | C9: =B9/SUM($B$2:$B$343) -> 0.0015869691 | D9: =INDEX(Calculation!$A$1:$I$343,MATCH($A9,Calculation!$B:$B,0),MATCH(D$1,Calculation!$1:$1,0)) -> 0 | E9: =INDEX(Calculation!$A$1:$K$343,MATCH($A9,Calculation!$B:$B,0),MATCH(E$1,Calculation!$1:$1,0)) -> 67.180699 | F9: =INDEX(Calculation!$A$1:$K$343,MATCH($A9,Calculation!$B:$B,0),MATCH(F$1,Calculation!$1:$1,0)) -> 0
A10: GM0034 | B10: =INDEX(Calculation!$A$1:$K$343,MATCH($A10,Calculation!$B:$B,0),MATCH(B$1,Calculation!$1:$1,0)) -> 32.41344 | C10: =B10/SUM($B$2:$B$343) -> 0.0014532264 | D10: =INDEX(Calculation!$A$1:$I$343,MATCH($A10,Calculation!$B:$B,0),MATCH(D$1,Calculation!$1:$1,0)) -> 0.0089035874 | E10: =INDEX(Calculation!$A$1:$K$343,MATCH($A10,Calculation!$B:$B,0),MATCH(E$1,Calculation!$1:$1,0)) -> 129.17946 | F10: =INDEX(Calculation!$A$1:$K$343,MATCH($A10,Calculation!$B:$B,0),MATCH(F$1,Calculation!$1:$1,0)) -> 0
A11: GM0484 | B11: =INDEX(Calculation!$A$1:$K$343,MATCH($A11,Calculation!$B:$B,0),MATCH(B$1,Calculation!$1:$1,0)) -> 93.385315 | C11: =B11/SUM($B$2:$B$343) -> 0.0041868435 | D11: =INDEX(Calculation!$A$1:$I$343,MATCH($A11,Calculation!$B:$B,0),MATCH(D$1,Calculation!$1:$1,0)) -> 0.0047111813 | E11: =INDEX(Calculation!$A$1:$K$343,MATCH($A11,Calculation!$B:$B,0),MATCH(E$1,Calculation!$1:$1,0)) -> 125.92552 | F11: =INDEX(Calculation!$A$1:$K$343,MATCH($A11,Calculation!$B:$B,0),MATCH(F$1,Calculation!$1:$1,0)) -> 0
A12: GM1723 | B12: =INDEX(Calculation!$A$1:$K$343,MATCH($A12,Calculation!$B:$B,0),MATCH(B$1,Calculation!$1:$1,0)) -> 65.50847 | C12: =B12/SUM($B$2:$B$343) -> 0.0029370112 | D12: =INDEX(Calculation!$A$1:$I$343,MATCH($A12,Calculation!$B:$B,0),MATCH(D$1,Calculation!$1:$1,0)) -> 0.001165676 | E12: =INDEX(Calculation!$A$1:$K$343,MATCH($A12,Calculation!$B:$B,0),MATCH(E$1,Calculation!$1:$1,0)) -> 92.98024 | F12: =INDEX(Calculation!$A$1:$K$343,MATCH($A12,Calculation!$B:$B,0),MATCH(F$1,Calculation!$1:$1,0)) -> 0
A13: GM1959 | B13: =INDEX(Calculation!$A$1:$K$343,MATCH($A13,Calculation!$B:$B,0),MATCH(B$1,Calculation!$1:$1,0)) -> 154.74114 | C13: =B13/SUM($B$2:$B$343) -> 0.0069376748 | D13: =INDEX(Calculation!$A$1:$I$343,MATCH($A13,Calculation!$B:$B,0),MATCH(D$1,Calculation!$1:$1,0)) -> 0.0023249889 | E13: =INDEX(Calculation!$A$1:$K$343,MATCH($A13,Calculation!$B:$B,0),MATCH(E$1,Calculation!$1:$1,0)) -> 199.73981 | F13: =INDEX(Calculation!$A$1:$K$343,MATCH($A13,Calculation!$B:$B,0),MATCH(F$1,Calculation!$1:$1,0)) -> 0
... A343: GM0193 | B343: =INDEX(Calculation!$A$1:$K$343,MATCH($A343,Calculation!$B:$B,0),MATCH(B$1,Calculation!$1:$1,0)) -> 66.072162 | C343: =B343/SUM($B$2:$B$343) -> 0.0029622838 | D343: =INDEX(Calculation!$A$1:$I$343,MATCH($A343,Calculation!$B:$B,0),MATCH(D$1,Calculation!$1:$1,0)) -> 9.3655252e-05 | E343: =INDEX(Calculation!$A$1:$K$343,MATCH($A343,Calculation!$B:$B,0),MATCH(E$1,Calculation!$1:$1,0)) -> 110.67247 | F343: =INDEX(Calculation!$A$1:$K$343,MATCH($A343,Calculation!$B:$B,0),MATCH(F$1,Calculation!$1:$1,0)) -> 0

Sheet Calculation
A1: =Source_CBS_bodemgebruik!A3 -> Jaarstatcode | B1: GM_code | C1: =Source_CBS_bodemgebruik!N3 -> HG_5 | D1: arable_land_km2 | E1: arable_land_scaled | F1: =Source_CBS_bodemgebruik!AL3 -> CAT_50 | G1: greenhouse_scaled | H1: Totaal land (excl. buitenland) | I1: total_land_area_km2 | J1: HG_8 | K1: coast_line_km
A2: =Source_CBS_bodemgebruik!A4 -> 2023GM0014 | B2: =RIGHT(A2,6) -> GM0014 | C2: =Source_CBS_bodemgebruik!N4 -> 10777.586 | D2: =C2/100 -> 107.77586 | E2: =D2/SUM(D$2:D$343) -> 0.0048320304 | F2: =Source_CBS_bodemgebruik!AL4 -> 1.1639379 | G2: =F2/SUM(F$2:F$343) -> 7.3827627e-05 | H2: =Source_CBS_bodemgebruik!H4 -> 18552.544 | I2: =H2/100 -> 185.52544 | J2: =Source_CBS_bodemgebruik!Q4 -> 0 | K2: =J2/100 -> 0
A3: =Source_CBS_bodemgebruik!A5 -> 2023GM0034 | B3: =RIGHT(A3,6) -> GM0034 | C3: =Source_CBS_bodemgebruik!N5 -> 3241.344 | D3: =C3/100 -> 32.41344 | E3: =D3/SUM(D$2:D$343) -> 0.0014532264 | F3: =Source_CBS_bodemgebruik!AL5 -> 140.37053 | G3: =F3/SUM(F$2:F$343) -> 0.0089035874 | H3: =Source_CBS_bodemgebruik!H5 -> 12917.946 | I3: =H3/100 -> 129.17946 | J3: =Source_CBS_bodemgebruik!Q5 -> 0 | K3: =J3/100 -> 0
A4: =Source_CBS_bodemgebruik!A6 -> 2023GM0037 | B4: =RIGHT(A4,6) -> GM0037 | C4: =Source_CBS_bodemgebruik!N6 -> 9309.4045 | D4: =C4/100 -> 93.094045 | E4: =D4/SUM(D$2:D$343) -> 0.0041737847 | F4: =Source_CBS_bodemgebruik!AL6 -> 0 | G4: =F4/SUM(F$2:F$343) -> 0 | H4: =Source_CBS_bodemgebruik!H6 -> 11762.989 | I4: =H4/100 -> 117.62989 | J4: =Source_CBS_bodemgebruik!Q6 -> 0 | K4: =J4/100 -> 0
A5: =Source_CBS_bodemgebruik!A7 -> 2023GM0047 | B5: =RIGHT(A5,6) -> GM0047 | C5: =Source_CBS_bodemgebruik!N7 -> 5700.0794 | D5: =C5/100 -> 57.000794 | E5: =D5/SUM(D$2:D$343) -> 0.0025555774 | F5: =Source_CBS_bodemgebruik!AL7 -> 0 | G5: =F5/SUM(F$2:F$343) -> 0 | H5: =Source_CBS_bodemgebruik!H7 -> 7593.3265 | I5: =H5/100 -> 75.933265 | J5: =Source_CBS_bodemgebruik!Q7 -> 0 | K5: =J5/100 -> 0
A6: =Source_CBS_bodemgebruik!A8 -> 2023GM0050 | B6: =RIGHT(A6,6) -> GM0050 | C6: =Source_CBS_bodemgebruik!N8 -> 17307.826 | D6: =C6/100 -> 173.07826 | E6: =D6/SUM(D$2:D$343) -> 0.0077598022 | F6: =Source_CBS_bodemgebruik!AL8 -> 1.7902609 | G6: =F6/SUM(F$2:F$343) -> 0.00011355478 | H6: =Source_CBS_bodemgebruik!H8 -> 24710.789 | I6: =H6/100 -> 247.10789 | J6: =Source_CBS_bodemgebruik!Q8 -> 0 | K6: =J6/100 -> 0
A7: =Source_CBS_bodemgebruik!A9 -> 2023GM0059 | B7: =RIGHT(A7,6) -> GM0059 | C7: =Source_CBS_bodemgebruik!N9 -> 8516.3223 | D7: =C7/100 -> 85.163223 | E7: =D7/SUM(D$2:D$343) -> 0.0038182137 | F7: =Source_CBS_bodemgebruik!AL9 -> 1.2757515 | G7: =F7/SUM(F$2:F$343) -> 8.091987e-05 | H7: =Source_CBS_bodemgebruik!H9 -> 10220.596 | I7: =H7/100 -> 102.20596 | J7: =Source_CBS_bodemgebruik!Q9 -> 0 | K7: =J7/100 -> 0
A8: =Source_CBS_bodemgebruik!A10 -> 2023GM0060 | B8: =RIGHT(A8,6) -> GM0060 | C8: =Source_CBS_bodemgebruik!N10 -> 1924.565 | D8: =C8/100 -> 19.24565 | E8: =D8/SUM(D$2:D$343) -> 0.00086286078 | F8: =Source_CBS_bodemgebruik!AL10 -> 0 | G8: =F8/SUM(F$2:F$343) -> 0 | H8: =Source_CBS_bodemgebruik!H10 -> 5659.1982 | I8: =H8/100 -> 56.591982 | J8: =Source_CBS_bodemgebruik!Q10 -> 21114.661 | K8: =J8/100 -> 211.14661
A9: =Source_CBS_bodemgebruik!A11 -> 2023GM0072 | B9: =RIGHT(A9,6) -> GM0072 | C9: =Source_CBS_bodemgebruik!N11 -> 1664.3181 | D9: =C9/100 -> 16.643181 | E9: =D9/SUM(D$2:D$343) -> 0.00074618152 | F9: =Source_CBS_bodemgebruik!AL11 -> 0 | G9: =F9/SUM(F$2:F$343) -> 0 | H9: =Source_CBS_bodemgebruik!H11 -> 2496.1535 | I9: =H9/100 -> 24.961535 | J9: =Source_CBS_bodemgebruik!Q11 -> 36183.093 | K9: =J9/100 -> 361.83093
A10: =Source_CBS_bodemgebruik!A12 -> 2023GM0074 | B10: =RIGHT(A10,6) -> GM0074 | C10: =Source_CBS_bodemgebruik!N12 -> 14615.501 | D10: =C10/100 -> 146.15501 | E10: =D10/SUM(D$2:D$343) -> 0.0065527237 | F10: =Source_CBS_bodemgebruik!AL12 -> 0 | G10: =F10/SUM(F$2:F$343) -> 0 | H10: =Source_CBS_bodemgebruik!H12 -> 18996.621 | I10: =H10/100 -> 189.96621 | J10: =Source_CBS_bodemgebruik!Q12 -> 0 | K10: =J10/100 -> 0
A11: =Source_CBS_bodemgebruik!A13 -> 2023GM0080 | B11: =RIGHT(A11,6) -> GM0080 | C11: =Source_CBS_bodemgebruik!N13 -> 17847.708 | D11: =C11/100 -> 178.47708 | E11: =D11/SUM(D$2:D$343) -> 0.0080018536 | F11: =Source_CBS_bodemgebruik!AL13 -> 2.4597446 | G11: =F11/SUM(F$2:F$343) -> 0.00015601958 | H11: =Source_CBS_bodemgebruik!H13 -> 23755.444 | I11: =H11/100 -> 237.55444 | J11: =Source_CBS_bodemgebruik!Q13 -> 0 | K11: =J11/100 -> 0
A12: =Source_CBS_bodemgebruik!A14 -> 2023GM0085 | B12: =RIGHT(A12,6) -> GM0085 | C12: =Source_CBS_bodemgebruik!N14 -> 16276.548 | D12: =C12/100 -> 162.76548 | E12: =D12/SUM(D$2:D$343) -> 0.0072974383 | F12: =Source_CBS_bodemgebruik!AL14 -> 0 | G12: =F12/SUM(F$2:F$343) -> 0 | H12: =Source_CBS_bodemgebruik!H14 -> 22329.611 | I12: =H12/100 -> 223.29611 | J12: =Source_CBS_bodemgebruik!Q14 -> 0 | K12: =J12/100 -> 0
A13: =Source_CBS_bodemgebruik!A15 -> 2023GM0086 | B13: =RIGHT(A13,6) -> GM0086 | C13: =Source_CBS_bodemgebruik!N15 -> 17771.202 | D13: =C13/100 -> 177.71202 | E13: =D13/SUM(D$2:D$343) -> 0.0079675529 | F13: =Source_CBS_bodemgebruik!AL15 -> 0 | G13: =F13/SUM(F$2:F$343) -> 0 | H13: =Source_CBS_bodemgebruik!H15 -> 22440.129 | I13: =H13/100 -> 224.40129 | J13: =Source_CBS_bodemgebruik!Q15 -> 0 | K13: =J13/100 -> 0
... A343: =Source_CBS_bodemgebruik!A345 -> 2023GM1992 | B343: =RIGHT(A343,6) -> GM1992 | C343: =Source_CBS_bodemgebruik!N345 -> 7491.4651 | D343: =C343/100 -> 74.914651 | E343: =D343/SUM(D$2:D$343) -> 0.0033587285 | F343: =Source_CBS_bodemgebruik!AL345 -> 312.41505 | G343: =F343/SUM(F$2:F$343) -> 0.01981623 | H343: =Source_CBS_bodemgebruik!H345 -> 12176.937 | I343: =H343/100 -> 121.76937 | J343: =Source_CBS_bodemgebruik!Q345 -> 4020.4921 | K343: =J343/100 -> 40.204921

Sheet Source_CBS_bodemgebruik
A1: Gecorrigeerd bodemgebruik 1996-2017 naar regio van het jaar 2023
H2: Totaal land (excl. buitenland) | I2: Totaal water (excl. buitenland) | J2: Verkeersterrein | K2: Bebouwd terrein | L2: Semi-bebouwd terrein | M2: Recreatieterrein | N2: Agrarisch terrein | O2: Bos en open natuurlijk terrein | P2: Binnenwater | Q2: Buitenwater | R2: Buitenland | S2: Spoorterrein | T2: Hoofdweg | U2: Vliegveld | V2: Woonterrein | W2: Detailhandel en horeca | X2: Openbare voorziening | Y2: Sociaal-culturele voorziening | Z2: Bedrijfsterrein | AA2: Stortplaats | AB2: Wrakkenopslagplaats | AC2: Begraafplaats | AD2: Delfstofwinplaats | AE2: Bouwterrein | AF2: Semi-verhard overig terrein | AG2: Park en plantsoen | AH2: Sportterrein | AI2: Volkstuin | AJ2: Dagrecreatief terrein | AK2: Verblijfsrecreatief terrein | AL2: Glastuinbouw | AM2: Overig agrarisch terrein | AN2: Bos | AO2: Open droog natuurlijk terrein | AP2: Open nat natuurlijk terrein | AQ2: IJsselmeer & Markermeer | AR2: Afgesloten zeearm | AS2: Rijn & Maas | AT2: Randmeer | AU2: Spaarbekken | AV2: Recreatief binnenwater | AW2: Binnenwater voor delfstofwinning | AX2: Vloei- en/of slibveld | AY2: Overig binnenwater | AZ2: Waddenzee, Eems & Dollard | BA2: Oosterschelde | BB2: Westerschelde | BC2: Noordzee | BD2: Buitenland
A3: Jaarstatcode | B3: Regiosoort | C3: Regionaam | D3: Periode | E3: Methode | F3: Eenheid | G3: Totaal | H3: Land | I3: Water | J3: HG_1 | K3: HG_2 | L3: HG_3 | M3: HG_4 | N3: HG_5 | O3: HG_6 | P3: HG_7 | Q3: HG_8 | R3: HG_9 | S3: CAT_10 | T3: CAT_11 | U3: CAT_12 | V3: CAT_20 | W3: CAT_21 | X3: CAT_22 | Y3: CAT_23 | Z3: CAT_24 | AA3: CAT_30 | AB3: CAT_31 | AC3: CAT_32 | AD3: CAT_33 | AE3: CAT_34 | AF3: CAT_35 | AG3: CAT_40 | AH3: CAT_41 | AI3: CAT_42 | AJ3: CAT_43 | AK3: CAT_44 | AL3: CAT_50 | AM3: CAT_51 | AN3: CAT_60 | AO3: CAT_61 | AP3: CAT_62 | AQ3: CAT_70 | AR3: CAT_71 | AS3: CAT_72 | AT3: CAT_73 | AU3: CAT_74 | AV3: CAT_75 | AW3: CAT_76 | AX3: CAT_77 | AY3: CAT_78 | AZ3: CAT_80 | BA3: CAT_81 | BB3: CAT_82 | BC3: CAT_83 | BD3: CAT_90
A4: 2023GM0014 | B4: GM | C4: Groningen | D4: 2017 | E4: BBG | F4: ha | G4: 19796.047 | H4: 18552.544 | I4: 1243.5034 | J4: 798.67273 | K4: 4038.0434 | L4: 742.5435 | M4: 1030.6809 | N4: 10777.586 | O4: 1165.0169 | P4: 1243.5034 | Q4: 0 | R4: 0 | S4: 111.7702 | T4: 686.90253 | U4: 0 | V4: 2603.2755 | W4: 177.64214 | X4: 160.07301 | Y4: 292.65887 | Z4: 804.39389 | AA4: 59.342837 | AB4: 11.403887 | AC4: 81.999869 | AD4: 28.60022 | AE4: 561.19669 | AF4: 0 | AG4: 471.32527 | AH4: 335.50058 | AI4: 63.632985 | AJ4: 95.658885 | AK4: 64.563224 | AL4: 1.1639379 | AM4: 10776.423 | AN4: 555.53994 | AO4: 5.28524 | AP4: 604.19171 | AQ4: 0 | AR4: 0 | AS4: 0 | AT4: 0 | AU4: 0 | AV4: 101.9012 | AW4: 10.24342 | AX4: 16.830386 | AY4: 1114.5284 | AZ4: 0 | BA4: 0 | BB4: 0 | BC4: 0 | BD4: 0
A5: 2023GM0034 | B5: GM | C5: Almere | D5: 2017 | E5: BBG | F5: ha | G5: 24876.609 | H5: 12917.946 | I5: 11958.663 | J5: 704.94322 | K5: 3296.2416 | L5: 1074.0716 | M5: 1513.1509 | N5: 3241.344 | O5: 3088.1943 | P5: 11958.663 | Q5: 0 | R5: 0 | S5: 52.315489 | T5: 652.62774 | U5: 0 | V5: 2413.0436 | W5: 113.11808 | X5: 37.801802 | Y5: 139.02527 | Z5: 593.2529 | AA5: 41.982174 | AB5: 0.57385734 | AC5: 18.47557 | AD5: 0 | AE5: 958.10388 | AF5: 54.936159 | AG5: 936.96056 | AH5: 310.63254 | AI5: 64.487385 | AJ5: 185.84398 | AK5: 15.226411 | AL5: 140.37053 | AM5: 3100.9735 | AN5: 2595.1215 | AO5: 21.562518 | AP5: 471.51028 | AQ5: 10052.951 | AR5: 0 | AS5: 0 | AT5: 872.76353 | AU5: 0 | AV5: 61.217417 | AW5: 0 | AX5: 0 | AY5: 971.73133 | AZ5: 0 | BA5: 0 | BB5: 0 | BC5: 0 | BD5: 0
A6: 2023GM0037 | B6: GM | C6: Stadskanaal | D6: 2017 | E6: BBG | F6: ha | G6: 11994.411 | H6: 11762.989 | I6: 231.42156 | J6: 360.5112 | K6: 1115.0324 | L6: 67.992124 | M6: 249.30882 | N6: 9309.4045 | O6: 660.74002 | P6: 231.42156 | Q6: 0 | R6: 0 | S6: 42.886802 | T6: 312.26314 | U6: 5.3612614 | V6: 882.83548 | W6: 34.513358 | X6: 4.4664235 | Y6: 18.742564 | Z6: 174.47453 | AA6: 0 | AB6: 5.2883161 | AC6: 19.50817 | AD6: 0.057048315 | AE6: 43.13859 | AF6: 0 | AG6: 76.177088 | AH6: 102.50585 | AI6: 8.1112503 | AJ6: 28.844361 | AK6: 33.670269 | AL6: 0 | AM6: 9309.4045 | AN6: 541.39786 | AO6: 19.489875 | AP6: 99.85228 | AQ6: 0 | AR6: 0 | AS6: 0 | AT6: 0 | AU6: 0 | AV6: 14.86299 | AW6: 0 | AX6: 0 | AY6: 216.55857 | AZ6: 0 | BA6: 0 | BB6: 0 | BC6: 0 | BD6: 0
A7: 2023GM0047 | B7: GM | C7: Veendam | D7: 2017 | E7: BBG | F7: ha | G7: 7867.8839 | H7: 7593.3265 | I7: 274.55746 | J7: 275.72144 | K7: 992.36347 | L7: 207.29624 | M7: 366.78688 | N7: 5700.0794 | O7: 51.079056 | P7: 274.55746 | Q7: 0 | R7: 0 | S7: 34.126691 | T7: 220.60239 | U7: 20.992356 | V7: 638.33768 | W7: 26.344041 | X7: 37.210511 | Y7: 19.376001 | Z7: 271.09524 | AA7: 47.237903 | AB7: 0 | AC7: 18.238862 | AD7: 30.244164 | AE7: 111.57531 | AF7: 0 | AG7: 143.40427 | AH7: 163.71687 | AI7: 14.713565 | AJ7: 44.95218 | AK7: 0 | AL7: 0 | AM7: 5700.0794 | AN7: 51.043728 | AO7: 0.035328224 | AP7: 0 | AQ7: 0 | AR7: 0 | AS7: 0 | AT7: 0 | AU7: 0 | AV7: 65.222234 | AW7: 0 | AX7: 0 | AY7: 209.33523 | AZ7: 0 | BA7: 0 | BB7: 0 | BC7: 0 | BD7: 0
A8: 2023GM0050 | B8: GM | C8: Zeewolde | D8: 2017 | E8: BBG | F8: ha | G8: 26885.879 | H8: 24710.789 | I8: 2175.0903 | J8: 351.51589 | K8: 596.2779 | L8: 133.36858 | M8: 756.91405 | N8: 17307.826 | O8: 5564.8868 | P8: 2175.0903 | Q8: 0 | R8: 0 | S8: 0 | T8: 351.51589 | U8: 0 | V8: 301.47035 | W8: 14.2591 | X8: 35.569642 | Y8: 27.246532 | Z8: 217.73228 | AA8: 0 | AB8: 0 | AC8: 2.8026029 | AD8: 0 | AE8: 108.00286 | AF8: 22.563111 | AG8: 116.95702 | AH8: 232.71316 | AI8: 3.3670448 | AJ8: 111.62262 | AK8: 292.2542 | AL8: 1.7902609 | AM8: 17306.035 | AN8: 4785.8961 | AO8: 435.12904 | AP8: 343.86166 | AQ8: 0 | AR8: 0 | AS8: 0 | AT8: 1609.1462 | AU8: 0 | AV8: 67.571156 | AW8: 0 | AX8: 0 | AY8: 498.37294 | AZ8: 0 | BA8: 0 | BB8: 0 | BC8: 0 | BD8: 0
A9: 2023GM0059 | B9: GM | C9: Achtkarspelen | D9: 2017 | E9: BBG | F9: ha | G9: 10398.083 | H9: 10220.596 | I9: 177.48744 | J9: 265.67984 | K9: 936.07819 | L9: 54.701359 | M9: 117.27334 | N9: 8516.3223 | O9: 330.54073 | P9: 177.48744 | Q9: 0 | R9: 0 | S9: 23.043425 | T9: 242.63641 | U9: 0 | V9: 642.19913 | W9: 24.256153 | X9: 14.11283 | Y9: 17.797894 | Z9: 237.71218 | AA9: 0 | AB9: 3.5678643 | AC9: 15.06546 | AD9: 13.488627 | AE9: 22.579408 | AF9: 0 | AG9: 17.526224 | AH9: 85.714344 | AI9: 4.9209651 | AJ9: 6.0782074 | AK9: 3.0336026 | AL9: 1.2757515 | AM9: 8515.0465 | AN9: 70.935371 | AO9: 6.9048829 | AP9: 252.70047 | AQ9: 0 | AR9: 0 | AS9: 0 | AT9: 0 | AU9: 0 | AV9: 3.2462561 | AW9: 18.914688 | AX9: 0 | AY9: 155.32649 | AZ9: 0 | BA9: 0 | BB9: 0 | BC9: 0 | BD9: 0
A10: 2023GM0060 | B10: GM | C10: Ameland | D10: 2017 | E10: BBG | F10: ha | G10: 26849.869 | H10: 5659.1982 | I10: 21190.67 | J10: 115.0397 | K10: 177.063 | L10: 38.717617 | M10: 291.55341 | N10: 1924.565 | O10: 3112.2594 | P10: 76.009426 | Q10: 21114.661 | R10: 0 | S10: 0 | T10: 100.48585 | U10: 14.553851 | V10: 125.23544 | W10: 7.6187026 | X10: 23.96945 | Y10: 1.9556102 | Z10: 18.283796 | AA10: 3.0249807 | AB10: 0 | AC10: 2.3694946 | AD10: 0.80019255 | AE10: 11.421644 | AF10: 21.101305 | AG10: 1.5964686 | AH10: 60.802337 | AI10: 0 | AJ10: 8.8851006 | AK10: 220.2695 | AL10: 0 | AM10: 1924.565 | AN10: 196.74774 | AO10: 2362.1042 | AP10: 553.40748 | AQ10: 0 | AR10: 0 | AS10: 0 | AT10: 0 | AU10: 0 | AV10: 6.9454053 | AW10: 0 | AX10: 0 | AY10: 69.064021 | AZ10: 15455.778 | BA10: 0 | BB10: 0 | BC10: 5658.8832 | BD10: 0
A11: 2023GM0072 | B11: GM | C11: Harlingen | D11: 2017 | E11: BBG | F11: ha | G11: 38766.755 | H11: 2496.1535 | I11: 36270.601 | J11: 101.63078 | K11: 510.8644 | L11: 123.25501 | M11: 55.270023 | N11: 1664.3181 | O11: 40.815143 | P11: 87.508331 | Q11: 36183.093 | R11: 0 | S11: 12.348505 | T11: 89.282273 | U11: 0 | V11: 263.52831 | W11: 19.475162 | X11: 26.623863 | Y11: 19.130632 | Z11: 182.10643 | AA11: 0 | AB11: 0 | AC11: 4.6093728 | AD11: 0 | AE11: 81.686375 | AF11: 36.95926 | AG11: 15.194665 | AH11: 26.317684 | AI11: 0 | AJ11: 3.287359 | AK11: 10.470315 | AL11: 0 | AM11: 1664.3181 | AN11: 13.840623 | AO11: 2.0899217 | AP11: 24.884598 | AQ11: 0 | AR11: 0 | AS11: 0 | AT11: 0 | AU11: 0 | AV11: 0.73098534 | AW11: 0 | AX11: 0 | AY11: 86.777346 | AZ11: 36183.093 | BA11: 0 | BB11: 0 | BC11: 0 | BD11: 0
A12: 2023GM0074 | B12: GM | C12: Heerenveen | D12: 2017 | E12: BBG | F12: ha | G12: 19816.526 | H12: 18996.621 | I12: 819.90441 | J12: 618.69115 | K12: 1592.3185 | L12: 230.99385 | M12: 370.30464 | N12: 14615.501 | O12: 1568.8118 | P12: 819.90441 | Q12: 0 | R12: 0 | S12: 54.637553 | T12: 564.0536 | U12: 0 | V12: 974.57194 | W12: 46.912777 | X12: 27.891335 | Y12: 62.889874 | Z12: 480.05254 | AA12: 43.751302 | AB12: 3.0000602 | AC12: 22.329559 | AD12: 22.095609 | AE12: 139.81732 | AF12: 0 | AG12: 133.30736 | AH12: 149.5386 | AI12: 5.9239398 | AJ12: 66.378963 | AK12: 15.155784 | AL12: 0 | AM12: 14615.501 | AN12: 1088.5212 | AO12: 109.30158 | AP12: 370.98896 | AQ12: 0 | AR12: 0 | AS12: 0 | AT12: 0 | AU12: 0 | AV12: 50.179997 | AW12: 31.586774 | AX12: 0 | AY12: 738.13764 | AZ12: 0 | BA12: 0 | BB12: 0 | BC12: 0 | BD12: 0
A13: 2023GM0080 | B13: GM | C13: Leeuwarden | D13: 2017 | E13: BBG | F13: ha | G13: 25505.737 | H13: 23755.444 | I13: 1750.2929 | J13: 925.5918 | K13: 2736.7915 | L13: 328.28978 | M13: 700.83457 | N13: 17847.708 | O13: 1216.2281 | P13: 1750.2929 | Q13: 0 | R13: 0 | S13: 80.258621 | T13: 719.58097 | U13: 125.75221 | V13: 1778.326 | W13: 97.553507 | X13: 90.016199 | Y13: 138.40587 | Z13: 632.48991 | AA13: 35.470627 | AB13: 2.1255912 | AC13: 36.564092 | AD13: 6.0815218 | AE13: 248.04794 | AF13: 0 | AG13: 170.61306 | AH13: 285.71086 | AI13: 13.70011 | AJ13: 168.66205 | AK13: 62.148482 | AL13: 2.4597446 | AM13: 17845.249 | AN13: 439.15143 | AO13: 9.0723829 | AP13: 768.00428 | AQ13: 0 | AR13: 0 | AS13: 0 | AT13: 0 | AU13: 0 | AV13: 150.61171 | AW13: 0 | AX13: 0 | AY13: 1599.6812 | AZ13: 0 | BA13: 0 | BB13: 0 | BC13: 0 | BD13: 0
A14: 2023GM0085 | B14: GM | C14: Ooststellingwerf | D14: 2017 | E14: BBG | F14: ha | G14: 22611.255 | H14: 22329.611 | I14: 281.64399 | J14: 429.72245 | K14: 781.82604 | L14: 66.496611 | M14: 313.26354 | N14: 16276.548 | O14: 4461.7545 | P14: 281.64399 | Q14: 0 | R14: 0 | S14: 0 | T14: 429.72245 | U14: 0 | V14: 580.95913 | W14: 28.184245 | X14: 8.6475859 | Y14: 39.616857 | Z14: 124.41823 | AA14: 15.416507 | AB14: 0.65334839 | AC14: 11.351971 | AD14: 12.361211 | AE14: 26.713574 | AF14: 0 | AG14: 31.266512 | AH14: 96.280082 | AI14: 4.1728591 | AJ14: 14.486755 | AK14: 167.05733 | AL14: 0 | AM14: 16276.548 | AN14: 2576.9799 | AO14: 780.61597 | AP14: 1104.1586 | AQ14: 0 | AR14: 0 | AS14: 0 | AT14: 0 | AU14: 0 | AV14: 10.317629 | AW14: 19.141735 | AX14: 0 | AY14: 252.18463 | AZ14: 0 | BA14: 0 | BB14: 0 | BC14: 0 | BD14: 0
A15: 2023GM0086 | B15: GM | C15: Opsterland | D15: 2017 | E15: BBG | F15: ha | G15: 22764.154 | H15: 22440.129 | I15: 324.02471 | J15: 519.59207 | K15: 849.93414 | L15: 92.668005 | M15: 247.73623 | N15: 17771.202 | O15: 2958.9961 | P15: 324.02471 | Q15: 0 | R15: 0 | S15: 0 | T15: 519.59207 | U15: 0 | V15: 581.76071 | W15: 23.011448 | X15: 6.1175593 | Y15: 44.968509 | Z15: 194.07591 | AA15: 0 | AB15: 7.3640328 | AC15: 16.408826 | AD15: 29.52893 | AE15: 39.366216 | AF15: 0 | AG15: 36.779229 | AH15: 119.70291 | AI15: 7.4300701 | AJ15: 17.968038 | AK15: 65.855986 | AL15: 0 | AM15: 17771.202 | AN15: 2243.8854 | AO15: 557.96403 | AP15: 157.14667 | AQ15: 0 | AR15: 0 | AS15: 0 | AT15: 0 | AU15: 0 | AV15: 0 | AW15: 38.92073 | AX15: 0 | AY15: 285.10398 | AZ15: 0 | BA15: 0 | BB15: 0 | BC15: 0 | BD15: 0
... A345: 2023GM1992 | B345: GM | C345: Voorne aan Zee | D345: 2017 | E345: BBG | F345: ha | G345: 18982.976 | H345: 12176.937 | I345: 6806.039 | J345: 502.29134 | K345: 1346.9752 | L345: 94.615264 | M345: 745.09487 | N345: 7491.4651 | O345: 1996.4955 | P345: 2785.5469 | Q345: 4020.4921 | R345: 0 | S345: 0 | T345: 502.29134 | U345: 0 | V345: 1062.1288 | W345: 48.123733 | X345: 16.581111 | Y345: 54.289309 | Z345: 165.85225 | AA345: 0 | AB345: 0.47744088 | AC345: 21.984752 | AD345: 26.778317 | AE345: 27.465146 | AF345: 17.909609 | AG345: 148.84202 | AH345: 149.34 | AI345: 24.18856 | AJ345: 171.8658 | AK345: 250.85849 | AL345: 312.41505 | AM345: 7179.0501 | AN345: 1052.6712 | AO345: 767.78532 | AP345: 176.03899 | AQ345: 0 | AR345: 1791.9998 | AS345: 0 | AT345: 0 | AU345: 0 | AV345: 61.249731 | AW345: 29.515688 | AX345: 0 | AY345: 902.78166 | AZ345: 0 | BA345: 0 | BB345: 0 | BC345: 4020.4921 | BD345: 0

Sheet Source_GM_code_CBS
A1: Gemeentecode | B1: GemeentecodeGM | C1: Gemeentenaam | D1: Provinciecode | E1: ProvinciecodePV | F1: Provincienaam
A2: 1680 | B2: GM1680 | C2: Aa en Hunze | D2: 22 | E2: PV22 | F2: Drenthe
A3: 0358 | B3: GM0358 | C3: Aalsmeer | D3: 27 | E3: PV27 | F3: Noord-Holland
A4: 0197 | B4: GM0197 | C4: Aalten | D4: 25 | E4: PV25 | F4: Gelderland
A5: 0059 | B5: GM0059 | C5: Achtkarspelen | D5: 21 | E5: PV21 | F5: Fryslân
A6: 0482 | B6: GM0482 | C6: Alblasserdam | D6: 28 | E6: PV28 | F6: Zuid-Holland
A7: 0613 | B7: GM0613 | C7: Albrandswaard | D7: 28 | E7: PV28 | F7: Zuid-Holland
A8: 0361 | B8: GM0361 | C8: Alkmaar | D8: 27 | E8: PV27 | F8: Noord-Holland
A9: 0141 | B9: GM0141 | C9: Almelo | D9: 23 | E9: PV23 | F9: Overijssel
A10: 0034 | B10: GM0034 | C10: Almere | D10: 24 | E10: PV24 | F10: Flevoland
A11: 0484 | B11: GM0484 | C11: Alphen aan den Rijn | D11: 28 | E11: PV28 | F11: Zuid-Holland
A12: 1723 | B12: GM1723 | C12: Alphen-Chaam | D12: 30 | E12: PV30 | F12: Noord-Brabant
... A343: 0193 | B343: GM0193 | C343: Zwolle | D343: 23 | E343: PV23 | F343: Overijssel
