Workbook

Sheet Data
A1: GM_code | B1: has_tram_metro
A2: GM1680 | B2: =IFERROR((IF(MATCH(Data!A2,Source_Wikipedia!$C$2:$C$19,0),1,0)),0) -> 0
A3: GM0358 | B3: =IFERROR((IF(MATCH(Data!A3,Source_Wikipedia!$C$2:$C$19,0),1,0)),0) -> 0
A4: GM0197 | B4: =IFERROR((IF(MATCH(Data!A4,Source_Wikipedia!$C$2:$C$19,0),1,0)),0) -> 0
A5: GM0059 | B5: =IFERROR((IF(MATCH(Data!A5,Source_Wikipedia!$C$2:$C$19,0),1,0)),0) -> 0
A6: GM0482 | B6: =IFERROR((IF(MATCH(Data!A6,Source_Wikipedia!$C$2:$C$19,0),1,0)),0) -> 0
A7: GM0613 | B7: =IFERROR((IF(MATCH(Data!A7,Source_Wikipedia!$C$2:$C$19,0),1,0)),0) -> 0
A8: GM0361 | B8: =IFERROR((IF(MATCH(Data!A8,Source_Wikipedia!$C$2:$C$19,0),1,0)),0) -> 0
A9: GM0141 | B9: =IFERROR((IF(MATCH(Data!A9,Source_Wikipedia!$C$2:$C$19,0),1,0)),0) -> 0
A10: GM0034 | B10: =IFERROR((IF(MATCH(Data!A10,Source_Wikipedia!$C$2:$C$19,0),1,0)),0) -> 0
A11: GM0484 | B11: =IFERROR((IF(MATCH(Data!A11,Source_Wikipedia!$C$2:$C$19,0),1,0)),0) -> 0
A12: GM1723 | B12: =IFERROR((IF(MATCH(Data!A12,Source_Wikipedia!$C$2:$C$19,0),1,0)),0) -> 0
A13: GM1959 | B13: =IFERROR((IF(MATCH(Data!A13,Source_Wikipedia!$C$2:$C$19,0),1,0)),0) -> 0
... A343: GM0193 | B343: =IFERROR((IF(MATCH(Data!A343,Source_Wikipedia!$C$2:$C$19,0),1,0)),0) -> 0

Sheet Source_Wikipedia
A1: Source | B1: Municipality | C1: GM_code
A2: Amsterdam (geopend in 1875; elektrificatie in 1900-1906) → Amsterdamse tram | B2: Amsterdam | C2: =INDEX(Source_GM_code_CBS!$B:$B,MATCH($B2,Source_GM_code_CBS!$C:$C,0)) -> GM0363
A3: Amstelveen (geopend in 1990) | B3: Amstelveen | C3: =INDEX(Source_GM_code_CBS!$B:$B,MATCH($B3,Source_GM_code_CBS!$C:$C,0)) -> GM0362
A4: Diemen (geopend in 1990) | B4: Diemen | C4: =INDEX(Source_GM_code_CBS!$B:$B,MATCH($B4,Source_GM_code_CBS!$C:$C,0)) -> GM0384
A5: Den Haag (geopend in 1864; elektrificatie in 1904-1907) → Haagse tram | B5: 's-Gravenhage | C5: =INDEX(Source_GM_code_CBS!$B:$B,MATCH($B5,Source_GM_code_CBS!$C:$C,0)) -> GM0518
A6: Rijswijk (geopend in 1866; elektrificatie in 1923) | B6: Rijswijk | C6: =INDEX(Source_GM_code_CBS!$B:$B,MATCH($B6,Source_GM_code_CBS!$C:$C,0)) -> GM0603
A7: Delft (geopend in 1866; elektrificatie in 1924) | B7: Delft | C7: =INDEX(Source_GM_code_CBS!$B:$B,MATCH($B7,Source_GM_code_CBS!$C:$C,0)) -> GM0503
A8: Voorburg (voor NZH geopend in 1924, voor HTM in 1933) | B8: Leidschendam-Voorburg | C8: =INDEX(Source_GM_code_CBS!$B:$B,MATCH($B8,Source_GM_code_CBS!$C:$C,0)) -> GM1916
A9: Leidschendam (geopend in 1971) | B9: Leidschendam-Voorburg | C9: =INDEX(Source_GM_code_CBS!$B:$B,MATCH($B9,Source_GM_code_CBS!$C:$C,0)) -> GM1916
A10: Nootdorp (geopend in 2002) | B10: Pijnacker-Nootdorp | C10: =INDEX(Source_GM_code_CBS!$B:$B,MATCH($B10,Source_GM_code_CBS!$C:$C,0)) -> GM1926
A11: Zoetermeer (geopend in 2006) | B11: Zoetermeer | C11: =INDEX(Source_GM_code_CBS!$B:$B,MATCH($B11,Source_GM_code_CBS!$C:$C,0)) -> GM0637
A12: Wateringen (geopend in 2007) | B12: 's-Gravenhage | C12: =INDEX(Source_GM_code_CBS!$B:$B,MATCH($B12,Source_GM_code_CBS!$C:$C,0)) -> GM0518
A13: Rotterdam (geopend in 1879; elektrificatie vanaf 1905) → Rotterdamse tram | B13: Rotterdam | C13: =INDEX(Source_GM_code_CBS!$B:$B,MATCH($B13,Source_GM_code_CBS!$C:$C,0)) -> GM0599
... A19: IJsselstein (geopend in 1985) | B19: Ijsselstein | C19: =INDEX(Source_GM_code_CBS!$B:$B,MATCH($B19,Source_GM_code_CBS!$C:$C,0)) -> GM0353

Sheet Source_GM_code_CBS
A1: Gemeentecode | B1: GemeentecodeGM | C1: Gemeentenaam | D1: Provinciecode | E1: ProvinciecodePV | F1: Provincienaam
A2: 1680 | B2: GM1680 | C2: Aa en Hunze | D2: 22 | E2: PV22 | F2: Drenthe
A3: 0358 | B3: GM0358 | C3: Aalsmeer | D3: 27 | E3: PV27 | F3: Noord-Holland
A4: 0197 | B4: GM0197 | C4: Aalten | D4: 25 | E4: PV25 | F4: Gelderland
A5: 0059 | B5: GM0059 | C5: Achtkarspelen | D5: 21 | E5: PV21 | F5: Fryslân
A6: 0482 | B6: GM0482 | C6: Alblasserdam | D6: 28 | E6: PV28 | F6: Zuid-Holland
A7: 0613 | B7: GM0613 | C7: Albrandswaard | D7: 28 | E7: PV28 | F7: Zuid-Holland
A8: 0361 | B8: GM0361 | C8: Alkmaar | D8: 27 | E8: PV27 | F8: Noord-Holland
A9: 0141 | B9: GM0141 | C9: Almelo | D9: 23 | E9: PV23 | F9: Overijssel
A10: 0034 | B10: GM0034 | C10: Almere | D10: 24 | E10: PV24 | F10: Flevoland
A11: 0484 | B11: GM0484 | C11: Alphen aan den Rijn | D11: 28 | E11: PV28 | F11: Zuid-Holland
A12: 1723 | B12: GM1723 | C12: Alphen-Chaam | D12: 30 | E12: PV30 | F12: Noord-Brabant
... A343: 0193 | B343: GM0193 | C343: Zwolle | D343: 23 | E343: PV23 | F343: Overijssel
