Workbook

Sheet Data
A1: GM_code | B1: number_of_cars | C1: number_of_vans | D1: number_of_trucks | E1: number_of_buses
A2: GM1680 | B2: =INDEX(Calculation!$A$1:$F$607,MATCH($A2,Calculation!$B:$B,0),MATCH(B$1,Calculation!$1:$1,0)) -> 15568 | C2: =INDEX(Calculation!$A$1:$F$607,MATCH($A2,Calculation!$B:$B,0),MATCH(C$1,Calculation!$1:$1,0)) -> 1826 | D2: =INDEX(Calculation!$A$1:$F$607,MATCH($A2,Calculation!$B:$B,0),MATCH(D$1,Calculation!$1:$1,0)) -> 101 | E2: =INDEX(Calculation!$A$1:$F$607,MATCH($A2,Calculation!$B:$B,0),MATCH(E$1,Calculation!$1:$1,0)) -> 3
A3: GM0358 | B3: =INDEX(Calculation!$A$1:$F$607,MATCH($A3,Calculation!$B:$B,0),MATCH(B$1,Calculation!$1:$1,0)) -> 17396 | C3: =INDEX(Calculation!$A$1:$F$607,MATCH($A3,Calculation!$B:$B,0),MATCH(C$1,Calculation!$1:$1,0)) -> 1963 | D3: =INDEX(Calculation!$A$1:$F$607,MATCH($A3,Calculation!$B:$B,0),MATCH(D$1,Calculation!$1:$1,0)) -> 181 | E3: =INDEX(Calculation!$A$1:$F$607,MATCH($A3,Calculation!$B:$B,0),MATCH(E$1,Calculation!$1:$1,0)) -> 17
A4: GM0197 | B4: =INDEX(Calculation!$A$1:$F$607,MATCH($A4,Calculation!$B:$B,0),MATCH(B$1,Calculation!$1:$1,0)) -> 14912 | C4: =INDEX(Calculation!$A$1:$F$607,MATCH($A4,Calculation!$B:$B,0),MATCH(C$1,Calculation!$1:$1,0)) -> 1763 | D4: =INDEX(Calculation!$A$1:$F$607,MATCH($A4,Calculation!$B:$B,0),MATCH(D$1,Calculation!$1:$1,0)) -> 91 | E4: =INDEX(Calculation!$A$1:$F$607,MATCH($A4,Calculation!$B:$B,0),MATCH(E$1,Calculation!$1:$1,0)) -> 2
A5: GM0059 | B5: =INDEX(Calculation!$A$1:$F$607,MATCH($A5,Calculation!$B:$B,0),MATCH(B$1,Calculation!$1:$1,0)) -> 15604 | C5: =INDEX(Calculation!$A$1:$F$607,MATCH($A5,Calculation!$B:$B,0),MATCH(C$1,Calculation!$1:$1,0)) -> 2554 | D5: =INDEX(Calculation!$A$1:$F$607,MATCH($A5,Calculation!$B:$B,0),MATCH(D$1,Calculation!$1:$1,0)) -> 152 | E5: =INDEX(Calculation!$A$1:$F$607,MATCH($A5,Calculation!$B:$B,0),MATCH(E$1,Calculation!$1:$1,0)) -> 40
A6: GM0482 | B6: =INDEX(Calculation!$A$1:$F$607,MATCH($A6,Calculation!$B:$B,0),MATCH(B$1,Calculation!$1:$1,0)) -> 9531 | C6: =INDEX(Calculation!$A$1:$F$607,MATCH($A6,Calculation!$B:$B,0),MATCH(C$1,Calculation!$1:$1,0)) -> 1210 | D6: =INDEX(Calculation!$A$1:$F$607,MATCH($A6,Calculation!$B:$B,0),MATCH(D$1,Calculation!$1:$1,0)) -> 83 | E6: =INDEX(Calculation!$A$1:$F$607,MATCH($A6,Calculation!$B:$B,0),MATCH(E$1,Calculation!$1:$1,0)) -> 28
A7: GM0613 | B7: =INDEX(Calculation!$A$1:$F$607,MATCH($A7,Calculation!$B:$B,0),MATCH(B$1,Calculation!$1:$1,0)) -> 12936 | C7: =INDEX(Calculation!$A$1:$F$607,MATCH($A7,Calculation!$B:$B,0),MATCH(C$1,Calculation!$1:$1,0)) -> 908 | D7: =INDEX(Calculation!$A$1:$F$607,MATCH($A7,Calculation!$B:$B,0),MATCH(D$1,Calculation!$1:$1,0)) -> 49 | E7: =INDEX(Calculation!$A$1:$F$607,MATCH($A7,Calculation!$B:$B,0),MATCH(E$1,Calculation!$1:$1,0)) -> 4
A8: GM0361 | B8: =INDEX(Calculation!$A$1:$F$607,MATCH($A8,Calculation!$B:$B,0),MATCH(B$1,Calculation!$1:$1,0)) -> 58882 | C8: =INDEX(Calculation!$A$1:$F$607,MATCH($A8,Calculation!$B:$B,0),MATCH(C$1,Calculation!$1:$1,0)) -> 6290 | D8: =INDEX(Calculation!$A$1:$F$607,MATCH($A8,Calculation!$B:$B,0),MATCH(D$1,Calculation!$1:$1,0)) -> 479 | E8: =INDEX(Calculation!$A$1:$F$607,MATCH($A8,Calculation!$B:$B,0),MATCH(E$1,Calculation!$1:$1,0)) -> 20
A9: GM0141 | B9: =INDEX(Calculation!$A$1:$F$607,MATCH($A9,Calculation!$B:$B,0),MATCH(B$1,Calculation!$1:$1,0)) -> 36279 | C9: =INDEX(Calculation!$A$1:$F$607,MATCH($A9,Calculation!$B:$B,0),MATCH(C$1,Calculation!$1:$1,0)) -> 3787 | D9: =INDEX(Calculation!$A$1:$F$607,MATCH($A9,Calculation!$B:$B,0),MATCH(D$1,Calculation!$1:$1,0)) -> 201 | E9: =INDEX(Calculation!$A$1:$F$607,MATCH($A9,Calculation!$B:$B,0),MATCH(E$1,Calculation!$1:$1,0)) -> 5
A10: GM0034 | B10: =INDEX(Calculation!$A$1:$F$607,MATCH($A10,Calculation!$B:$B,0),MATCH(B$1,Calculation!$1:$1,0)) -> 258677 | C10: =INDEX(Calculation!$A$1:$F$607,MATCH($A10,Calculation!$B:$B,0),MATCH(C$1,Calculation!$1:$1,0)) -> 31940 | D10: =INDEX(Calculation!$A$1:$F$607,MATCH($A10,Calculation!$B:$B,0),MATCH(D$1,Calculation!$1:$1,0)) -> 658 | E10: =INDEX(Calculation!$A$1:$F$607,MATCH($A10,Calculation!$B:$B,0),MATCH(E$1,Calculation!$1:$1,0)) -> 21
A11: GM0484 | B11: =INDEX(Calculation!$A$1:$F$607,MATCH($A11,Calculation!$B:$B,0),MATCH(B$1,Calculation!$1:$1,0)) -> 55413 | C11: =INDEX(Calculation!$A$1:$F$607,MATCH($A11,Calculation!$B:$B,0),MATCH(C$1,Calculation!$1:$1,0)) -> 6214 | D11: =INDEX(Calculation!$A$1:$F$607,MATCH($A11,Calculation!$B:$B,0),MATCH(D$1,Calculation!$1:$1,0)) -> 557 | E11: =INDEX(Calculation!$A$1:$F$607,MATCH($A11,Calculation!$B:$B,0),MATCH(E$1,Calculation!$1:$1,0)) -> 33
A12: GM1723 | B12: =INDEX(Calculation!$A$1:$F$607,MATCH($A12,Calculation!$B:$B,0),MATCH(B$1,Calculation!$1:$1,0)) -> 6532 | C12: =INDEX(Calculation!$A$1:$F$607,MATCH($A12,Calculation!$B:$B,0),MATCH(C$1,Calculation!$1:$1,0)) -> 966 | D12: =INDEX(Calculation!$A$1:$F$607,MATCH($A12,Calculation!$B:$B,0),MATCH(D$1,Calculation!$1:$1,0)) -> 56 | E12: =INDEX(Calculation!$A$1:$F$607,MATCH($A12,Calculation!$B:$B,0),MATCH(E$1,Calculation!$1:$1,0)) -> 0
A13: GM1959 | B13: =INDEX(Calculation!$A$1:$F$607,MATCH($A13,Calculation!$B:$B,0),MATCH(B$1,Calculation!$1:$1,0)) -> 31112 | C13: =INDEX(Calculation!$A$1:$F$607,MATCH($A13,Calculation!$B:$B,0),MATCH(C$1,Calculation!$1:$1,0)) -> 4893 | D13: =INDEX(Calculation!$A$1:$F$607,MATCH($A13,Calculation!$B:$B,0),MATCH(D$1,Calculation!$1:$1,0)) -> 424 | E13: =INDEX(Calculation!$A$1:$F$607,MATCH($A13,Calculation!$B:$B,0),MATCH(E$1,Calculation!$1:$1,0)) -> 19
... A343: GM0193 | B343: =INDEX(Calculation!$A$1:$F$607,MATCH($A343,Calculation!$B:$B,0),MATCH(B$1,Calculation!$1:$1,0)) -> 58042 | C343: =INDEX(Calculation!$A$1:$F$607,MATCH($A343,Calculation!$B:$B,0),MATCH(C$1,Calculation!$1:$1,0)) -> 5862 | D343: =INDEX(Calculation!$A$1:$F$607,MATCH($A343,Calculation!$B:$B,0),MATCH(D$1,Calculation!$1:$1,0)) -> 211 | E343: =INDEX(Calculation!$A$1:$F$607,MATCH($A343,Calculation!$B:$B,0),MATCH(E$1,Calculation!$1:$1,0)) -> 14

Sheet Calculation
A1: Gemeentenaam | B1: GM_code | C1: number_of_cars | D1: number_of_vans | E1: number_of_trucks | F1: number_of_buses
A2: =Source_wegvoertuigen_CBS!A6 -> Aa en Hunze | B2: =INDEX(Source_GM_code_CBS!$B:$B,MATCH($A2,Source_GM_code_CBS!$C:$C,0)) -> GM1680 | C2: =Source_wegvoertuigen_CBS!C6 -> 15568 | D2: =Source_wegvoertuigen_CBS!D6 -> 1826 | E2: =Source_wegvoertuigen_CBS!E6 -> 101 | F2: =Source_wegvoertuigen_CBS!F6 -> 3
A3: =Source_wegvoertuigen_CBS!A7 -> Aalburg | B3: =INDEX(Source_GM_code_CBS!$B:$B,MATCH($A3,Source_GM_code_CBS!$C:$C,0)) -> #N/A | C3: =Source_wegvoertuigen_CBS!C7 -> 0 | D3: =Source_wegvoertuigen_CBS!D7 -> 0 | E3: =Source_wegvoertuigen_CBS!E7 -> 0 | F3: =Source_wegvoertuigen_CBS!F7 -> 0
A4: =Source_wegvoertuigen_CBS!A8 -> Aalsmeer | B4: =INDEX(Source_GM_code_CBS!$B:$B,MATCH($A4,Source_GM_code_CBS!$C:$C,0)) -> GM0358 | C4: =Source_wegvoertuigen_CBS!C8 -> 17396 | D4: =Source_wegvoertuigen_CBS!D8 -> 1963 | E4: =Source_wegvoertuigen_CBS!E8 -> 181 | F4: =Source_wegvoertuigen_CBS!F8 -> 17
A5: =Source_wegvoertuigen_CBS!A9 -> Aalten | B5: =INDEX(Source_GM_code_CBS!$B:$B,MATCH($A5,Source_GM_code_CBS!$C:$C,0)) -> GM0197 | C5: =Source_wegvoertuigen_CBS!C9 -> 14912 | D5: =Source_wegvoertuigen_CBS!D9 -> 1763 | E5: =Source_wegvoertuigen_CBS!E9 -> 91 | F5: =Source_wegvoertuigen_CBS!F9 -> 2
A6: =Source_wegvoertuigen_CBS!A10 -> Ter Aar | B6: =INDEX(Source_GM_code_CBS!$B:$B,MATCH($A6,Source_GM_code_CBS!$C:$C,0)) -> #N/A | C6: =Source_wegvoertuigen_CBS!C10 -> 0 | D6: =Source_wegvoertuigen_CBS!D10 -> 0 | E6: =Source_wegvoertuigen_CBS!E10 -> 0 | F6: =Source_wegvoertuigen_CBS!F10 -> 0
A7: =Source_wegvoertuigen_CBS!A11 -> Abcoude | B7: =INDEX(Source_GM_code_CBS!$B:$B,MATCH($A7,Source_GM_code_CBS!$C:$C,0)) -> #N/A | C7: =Source_wegvoertuigen_CBS!C11 -> 0 | D7: =Source_wegvoertuigen_CBS!D11 -> 0 | E7: =Source_wegvoertuigen_CBS!E11 -> 0 | F7: =Source_wegvoertuigen_CBS!F11 -> 0
A8: =Source_wegvoertuigen_CBS!A12 -> Achtkarspelen | B8: =INDEX(Source_GM_code_CBS!$B:$B,MATCH($A8,Source_GM_code_CBS!$C:$C,0)) -> GM0059 | C8: =Source_wegvoertuigen_CBS!C12 -> 15604 | D8: =Source_wegvoertuigen_CBS!D12 -> 2554 | E8: =Source_wegvoertuigen_CBS!E12 -> 152 | F8: =Source_wegvoertuigen_CBS!F12 -> 40
A9: =Source_wegvoertuigen_CBS!A13 -> Akersloot | B9: =INDEX(Source_GM_code_CBS!$B:$B,MATCH($A9,Source_GM_code_CBS!$C:$C,0)) -> #N/A | C9: =Source_wegvoertuigen_CBS!C13 -> 0 | D9: =Source_wegvoertuigen_CBS!D13 -> 0 | E9: =Source_wegvoertuigen_CBS!E13 -> 0 | F9: =Source_wegvoertuigen_CBS!F13 -> 0
A10: =Source_wegvoertuigen_CBS!A14 -> Alblasserdam | B10: =INDEX(Source_GM_code_CBS!$B:$B,MATCH($A10,Source_GM_code_CBS!$C:$C,0)) -> GM0482 | C10: =Source_wegvoertuigen_CBS!C14 -> 9531 | D10: =Source_wegvoertuigen_CBS!D14 -> 1210 | E10: =Source_wegvoertuigen_CBS!E14 -> 83 | F10: =Source_wegvoertuigen_CBS!F14 -> 28
A11: =Source_wegvoertuigen_CBS!A15 -> Albrandswaard | B11: =INDEX(Source_GM_code_CBS!$B:$B,MATCH($A11,Source_GM_code_CBS!$C:$C,0)) -> GM0613 | C11: =Source_wegvoertuigen_CBS!C15 -> 12936 | D11: =Source_wegvoertuigen_CBS!D15 -> 908 | E11: =Source_wegvoertuigen_CBS!E15 -> 49 | F11: =Source_wegvoertuigen_CBS!F15 -> 4
A12: =Source_wegvoertuigen_CBS!A16 -> Alkemade | B12: =INDEX(Source_GM_code_CBS!$B:$B,MATCH($A12,Source_GM_code_CBS!$C:$C,0)) -> #N/A | C12: =Source_wegvoertuigen_CBS!C16 -> 0 | D12: =Source_wegvoertuigen_CBS!D16 -> 0 | E12: =Source_wegvoertuigen_CBS!E16 -> 0 | F12: =Source_wegvoertuigen_CBS!F16 -> 0
A13: =Source_wegvoertuigen_CBS!A17 -> Alkmaar | B13: =INDEX(Source_GM_code_CBS!$B:$B,MATCH($A13,Source_GM_code_CBS!$C:$C,0)) -> GM0361 | C13: =Source_wegvoertuigen_CBS!C17 -> 58882 | D13: =Source_wegvoertuigen_CBS!D17 -> 6290 | E13: =Source_wegvoertuigen_CBS!E17 -> 479 | F13: =Source_wegvoertuigen_CBS!F17 -> 20
... A42: =Source_wegvoertuigen_CBS!A46 -> Bedum | B42: =INDEX(Source_GM_code_CBS!$B:$B,MATCH($A42,Source_GM_code_CBS!$C:$C,0)) -> #N/A | C42: =Source_wegvoertuigen_CBS!C46 -> 0 | D42: =Source_wegvoertuigen_CBS!D46 -> 0 | E42: =Source_wegvoertuigen_CBS!E46 -> 0 | F42: =Source_wegvoertuigen_CBS!F46 -> 0
A43: Beek | B43: =INDEX(Source_GM_code_CBS!$B:$B,MATCH($A43,Source_GM_code_CBS!$C:$C,0)) -> GM0888 | C43: =Source_wegvoertuigen_CBS!C47 -> 9695 | D43: =Source_wegvoertuigen_CBS!D47 -> 811 | E43: =Source_wegvoertuigen_CBS!E47 -> 61 | F43: =Source_wegvoertuigen_CBS!F47 -> 1
A44: =Source_wegvoertuigen_CBS!A48 -> Beekdaelen | B44: =INDEX(Source_GM_code_CBS!$B:$B,MATCH($A44,Source_GM_code_CBS!$C:$C,0)) -> GM1954 | C44: =Source_wegvoertuigen_CBS!C48 -> 22365 | D44: =Source_wegvoertuigen_CBS!D48 -> 2074 | E44: =Source_wegvoertuigen_CBS!E48 -> 154 | F44: =Source_wegvoertuigen_CBS!F48 -> 1
A45: =Source_wegvoertuigen_CBS!A49 -> Beemster | B45: =INDEX(Source_GM_code_CBS!$B:$B,MATCH($A45,Source_GM_code_CBS!$C:$C,0)) -> #N/A | C45: =Source_wegvoertuigen_CBS!C49 -> 0 | D45: =Source_wegvoertuigen_CBS!D49 -> 0 | E45: =Source_wegvoertuigen_CBS!E49 -> 0 | F45: =Source_wegvoertuigen_CBS!F49 -> 0
A46: =Source_wegvoertuigen_CBS!A50 -> Beesel | B46: =INDEX(Source_GM_code_CBS!$B:$B,MATCH($A46,Source_GM_code_CBS!$C:$C,0)) -> GM0889 | C46: =Source_wegvoertuigen_CBS!C50 -> 7338 | D46: =Source_wegvoertuigen_CBS!D50 -> 548 | E46: =Source_wegvoertuigen_CBS!E50 -> 41 | F46: =Source_wegvoertuigen_CBS!F50 -> 0
A47: =Source_wegvoertuigen_CBS!A51 -> Belfeld | B47: =INDEX(Source_GM_code_CBS!$B:$B,MATCH($A47,Source_GM_code_CBS!$C:$C,0)) -> #N/A | C47: =Source_wegvoertuigen_CBS!C51 -> 0 | D47: =Source_wegvoertuigen_CBS!D51 -> 0 | E47: =Source_wegvoertuigen_CBS!E51 -> 0 | F47: =Source_wegvoertuigen_CBS!F51 -> 0
A48: =Source_wegvoertuigen_CBS!A52 -> Bellingwedde | B48: =INDEX(Source_GM_code_CBS!$B:$B,MATCH($A48,Source_GM_code_CBS!$C:$C,0)) -> #N/A | C48: =Source_wegvoertuigen_CBS!C52 -> 0 | D48: =Source_wegvoertuigen_CBS!D52 -> 0 | E48: =Source_wegvoertuigen_CBS!E52 -> 0 | F48: =Source_wegvoertuigen_CBS!F52 -> 0
A49: =Source_wegvoertuigen_CBS!A53 -> Berg en Dal | B49: =INDEX(Source_GM_code_CBS!$B:$B,MATCH($A49,Source_GM_code_CBS!$C:$C,0)) -> GM1945 | C49: =Source_wegvoertuigen_CBS!C53 -> 19031 | D49: =Source_wegvoertuigen_CBS!D53 -> 1763 | E49: =Source_wegvoertuigen_CBS!E53 -> 69 | F49: =Source_wegvoertuigen_CBS!F53 -> 10
A50: =Source_wegvoertuigen_CBS!A54 -> Bemmel | B50: =INDEX(Source_GM_code_CBS!$B:$B,MATCH($A50,Source_GM_code_CBS!$C:$C,0)) -> #N/A | C50: =Source_wegvoertuigen_CBS!C54 -> 0 | D50: =Source_wegvoertuigen_CBS!D54 -> 0 | E50: =Source_wegvoertuigen_CBS!E54 -> 0 | F50: =Source_wegvoertuigen_CBS!F54 -> 0
A51: =Source_wegvoertuigen_CBS!A55 -> Bennebroek | B51: =INDEX(Source_GM_code_CBS!$B:$B,MATCH($A51,Source_GM_code_CBS!$C:$C,0)) -> #N/A | C51: =Source_wegvoertuigen_CBS!C55 -> 0 | D51: =Source_wegvoertuigen_CBS!D55 -> 0 | E51: =Source_wegvoertuigen_CBS!E55 -> 0 | F51: =Source_wegvoertuigen_CBS!F55 -> 0
A52: =Source_wegvoertuigen_CBS!A56 -> Bergambacht | B52: =INDEX(Source_GM_code_CBS!$B:$B,MATCH($A52,Source_GM_code_CBS!$C:$C,0)) -> #N/A | C52: =Source_wegvoertuigen_CBS!C56 -> 0 | D52: =Source_wegvoertuigen_CBS!D56 -> 0 | E52: =Source_wegvoertuigen_CBS!E56 -> 0 | F52: =Source_wegvoertuigen_CBS!F56 -> 0
A53: =Source_wegvoertuigen_CBS!A57 -> Bergeijk | B53: =INDEX(Source_GM_code_CBS!$B:$B,MATCH($A53,Source_GM_code_CBS!$C:$C,0)) -> GM1724 | C53: =Source_wegvoertuigen_CBS!C57 -> 11303 | D53: =Source_wegvoertuigen_CBS!D57 -> 1837 | E53: =Source_wegvoertuigen_CBS!E57 -> 69 | F53: =Source_wegvoertuigen_CBS!F57 -> 19
A54: =Source_wegvoertuigen_CBS!A58 -> Bergen (L.) | B54: =INDEX(Source_GM_code_CBS!$B:$B,MATCH($A54,Source_GM_code_CBS!$C:$C,0)) -> GM0893 | C54: =Source_wegvoertuigen_CBS!C58 -> 8123 | D54: =Source_wegvoertuigen_CBS!D58 -> 915 | E54: =Source_wegvoertuigen_CBS!E58 -> 55 | F54: =Source_wegvoertuigen_CBS!F58 -> 1
A55: =Source_wegvoertuigen_CBS!A59 -> Bergen (NH.) | B55: =INDEX(Source_GM_code_CBS!$B:$B,MATCH($A55,Source_GM_code_CBS!$C:$C,0)) -> GM0373 | C55: =Source_wegvoertuigen_CBS!C59 -> 16520 | D55: =Source_wegvoertuigen_CBS!D59 -> 1395 | E55: =Source_wegvoertuigen_CBS!E59 -> 66 | F55: =Source_wegvoertuigen_CBS!F59 -> 2
... A175: =Source_wegvoertuigen_CBS!A179 -> Goes | B175: =INDEX(Source_GM_code_CBS!$B:$B,MATCH($A175,Source_GM_code_CBS!$C:$C,0)) -> GM0664 | C175: =Source_wegvoertuigen_CBS!C179 -> 21617 | D175: =Source_wegvoertuigen_CBS!D179 -> 2483 | E175: =Source_wegvoertuigen_CBS!E179 -> 130 | F175: =Source_wegvoertuigen_CBS!F179 -> 1
A176: Goirle | B176: =INDEX(Source_GM_code_CBS!$B:$B,MATCH($A176,Source_GM_code_CBS!$C:$C,0)) -> GM0785 | C176: =Source_wegvoertuigen_CBS!C180 -> 12645 | D176: =Source_wegvoertuigen_CBS!D180 -> 1146 | E176: =Source_wegvoertuigen_CBS!E180 -> 85 | F176: =Source_wegvoertuigen_CBS!F180 -> 2
A177: =Source_wegvoertuigen_CBS!A181 -> Gooise Meren | B177: =INDEX(Source_GM_code_CBS!$B:$B,MATCH($A177,Source_GM_code_CBS!$C:$C,0)) -> GM1942 | C177: =Source_wegvoertuigen_CBS!C181 -> 29412 | D177: =Source_wegvoertuigen_CBS!D181 -> 1838 | E177: =Source_wegvoertuigen_CBS!E181 -> 47 | F177: =Source_wegvoertuigen_CBS!F181 -> 0
A178: =Source_wegvoertuigen_CBS!A182 -> Goor | B178: =INDEX(Source_GM_code_CBS!$B:$B,MATCH($A178,Source_GM_code_CBS!$C:$C,0)) -> #N/A | C178: =Source_wegvoertuigen_CBS!C182 -> 0 | D178: =Source_wegvoertuigen_CBS!D182 -> 0 | E178: =Source_wegvoertuigen_CBS!E182 -> 0 | F178: =Source_wegvoertuigen_CBS!F182 -> 0
A179: =Source_wegvoertuigen_CBS!A183 -> Gorinchem | B179: =INDEX(Source_GM_code_CBS!$B:$B,MATCH($A179,Source_GM_code_CBS!$C:$C,0)) -> GM0512 | C179: =Source_wegvoertuigen_CBS!C183 -> 17719 | D179: =Source_wegvoertuigen_CBS!D183 -> 1901 | E179: =Source_wegvoertuigen_CBS!E183 -> 97 | F179: =Source_wegvoertuigen_CBS!F183 -> 5
A180: =Source_wegvoertuigen_CBS!A184 -> Gorssel | B180: =INDEX(Source_GM_code_CBS!$B:$B,MATCH($A180,Source_GM_code_CBS!$C:$C,0)) -> #N/A | C180: =Source_wegvoertuigen_CBS!C184 -> 0 | D180: =Source_wegvoertuigen_CBS!D184 -> 0 | E180: =Source_wegvoertuigen_CBS!E184 -> 0 | F180: =Source_wegvoertuigen_CBS!F184 -> 0
A181: =Source_wegvoertuigen_CBS!A185 -> Gouda | B181: =INDEX(Source_GM_code_CBS!$B:$B,MATCH($A181,Source_GM_code_CBS!$C:$C,0)) -> GM0513 | C181: =Source_wegvoertuigen_CBS!C185 -> 29676 | D181: =Source_wegvoertuigen_CBS!D185 -> 2498 | E181: =Source_wegvoertuigen_CBS!E185 -> 94 | F181: =Source_wegvoertuigen_CBS!F185 -> 3
A182: =Source_wegvoertuigen_CBS!A186 -> Graafstroom | B182: =INDEX(Source_GM_code_CBS!$B:$B,MATCH($A182,Source_GM_code_CBS!$C:$C,0)) -> #N/A | C182: =Source_wegvoertuigen_CBS!C186 -> 0 | D182: =Source_wegvoertuigen_CBS!D186 -> 0 | E182: =Source_wegvoertuigen_CBS!E186 -> 0 | F182: =Source_wegvoertuigen_CBS!F186 -> 0
A183: =Source_wegvoertuigen_CBS!A187 -> Graft-De Rijp | B183: =INDEX(Source_GM_code_CBS!$B:$B,MATCH($A183,Source_GM_code_CBS!$C:$C,0)) -> #N/A | C183: =Source_wegvoertuigen_CBS!C187 -> 0 | D183: =Source_wegvoertuigen_CBS!D187 -> 0 | E183: =Source_wegvoertuigen_CBS!E187 -> 0 | F183: =Source_wegvoertuigen_CBS!F187 -> 0
A184: =Source_wegvoertuigen_CBS!A188 -> Gramsbergen | B184: =INDEX(Source_GM_code_CBS!$B:$B,MATCH($A184,Source_GM_code_CBS!$C:$C,0)) -> #N/A | C184: =Source_wegvoertuigen_CBS!C188 -> 0 | D184: =Source_wegvoertuigen_CBS!D188 -> 0 | E184: =Source_wegvoertuigen_CBS!E188 -> 0 | F184: =Source_wegvoertuigen_CBS!F188 -> 0
A185: =Source_wegvoertuigen_CBS!A189 -> Grave | B185: =INDEX(Source_GM_code_CBS!$B:$B,MATCH($A185,Source_GM_code_CBS!$C:$C,0)) -> #N/A | C185: =Source_wegvoertuigen_CBS!C189 -> 0 | D185: =Source_wegvoertuigen_CBS!D189 -> 0 | E185: =Source_wegvoertuigen_CBS!E189 -> 0 | F185: =Source_wegvoertuigen_CBS!F189 -> 0
A186: =Source_wegvoertuigen_CBS!A190 -> 's-Graveland | B186: =INDEX(Source_GM_code_CBS!$B:$B,MATCH($A186,Source_GM_code_CBS!$C:$C,0)) -> #N/A | C186: =Source_wegvoertuigen_CBS!C190 -> 0 | D186: =Source_wegvoertuigen_CBS!D190 -> 0 | E186: =Source_wegvoertuigen_CBS!E190 -> 0 | F186: =Source_wegvoertuigen_CBS!F190 -> 0
A187: =Source_wegvoertuigen_CBS!A191 -> 's-Gravendeel | B187: =INDEX(Source_GM_code_CBS!$B:$B,MATCH($A187,Source_GM_code_CBS!$C:$C,0)) -> #N/A | C187: =Source_wegvoertuigen_CBS!C191 -> 0 | D187: =Source_wegvoertuigen_CBS!D191 -> 0 | E187: =Source_wegvoertuigen_CBS!E191 -> 0 | F187: =Source_wegvoertuigen_CBS!F191 -> 0
A188: 's-Gravenhage | B188: =INDEX(Source_GM_code_CBS!$B:$B,MATCH($A188,Source_GM_code_CBS!$C:$C,0)) -> GM0518 | C188: =Source_wegvoertuigen_CBS!C192 -> 203451 | D188: =Source_wegvoertuigen_CBS!D192 -> 20724 | E188: =Source_wegvoertuigen_CBS!E192 -> 486 | F188: =Source_wegvoertuigen_CBS!F192 -> 156
A189: =Source_wegvoertuigen_CBS!A193 -> 's-Gravenzande | B189: =INDEX(Source_GM_code_CBS!$B:$B,MATCH($A189,Source_GM_code_CBS!$C:$C,0)) -> #N/A | C189: =Source_wegvoertuigen_CBS!C193 -> 0 | D189: =Source_wegvoertuigen_CBS!D193 -> 0 | E189: =Source_wegvoertuigen_CBS!E193 -> 0 | F189: =Source_wegvoertuigen_CBS!F193 -> 0
A190: =Source_wegvoertuigen_CBS!A194 -> Groenlo | B190: =INDEX(Source_GM_code_CBS!$B:$B,MATCH($A190,Source_GM_code_CBS!$C:$C,0)) -> #N/A | C190: =Source_wegvoertuigen_CBS!C194 -> 0 | D190: =Source_wegvoertuigen_CBS!D194 -> 0 | E190: =Source_wegvoertuigen_CBS!E194 -> 0 | F190: =Source_wegvoertuigen_CBS!F194 -> 0
A191: =Source_wegvoertuigen_CBS!A195 -> Groesbeek | B191: =INDEX(Source_GM_code_CBS!$B:$B,MATCH($A191,Source_GM_code_CBS!$C:$C,0)) -> #N/A | C191: =Source_wegvoertuigen_CBS!C195 -> 0 | D191: =Source_wegvoertuigen_CBS!D195 -> 0 | E191: =Source_wegvoertuigen_CBS!E195 -> 0 | F191: =Source_wegvoertuigen_CBS!F195 -> 0
A192: Groningen | B192: =INDEX(Source_GM_code_CBS!$B:$B,MATCH($A192,Source_GM_code_CBS!$C:$C,0)) -> GM0014 | C192: =Source_wegvoertuigen_CBS!C196 -> 97287 | D192: =Source_wegvoertuigen_CBS!D196 -> 11095 | E192: =Source_wegvoertuigen_CBS!E196 -> 412 | F192: =Source_wegvoertuigen_CBS!F196 -> 308
A193: =Source_wegvoertuigen_CBS!A197 -> Grootegast | B193: =INDEX(Source_GM_code_CBS!$B:$B,MATCH($A193,Source_GM_code_CBS!$C:$C,0)) -> #N/A | C193: =Source_wegvoertuigen_CBS!C197 -> 0 | D193: =Source_wegvoertuigen_CBS!D197 -> 0 | E193: =Source_wegvoertuigen_CBS!E197 -> 0 | F193: =Source_wegvoertuigen_CBS!F197 -> 0
A194: =Source_wegvoertuigen_CBS!A198 -> Grubbenvorst | B194: =INDEX(Source_GM_code_CBS!$B:$B,MATCH($A194,Source_GM_code_CBS!$C:$C,0)) -> #N/A | C194: =Source_wegvoertuigen_CBS!C198 -> 0 | D194: =Source_wegvoertuigen_CBS!D198 -> 0 | E194: =Source_wegvoertuigen_CBS!E198 -> 0 | F194: =Source_wegvoertuigen_CBS!F198 -> 0
A195: =Source_wegvoertuigen_CBS!A199 -> Gulpen-Wittem | B195: =INDEX(Source_GM_code_CBS!$B:$B,MATCH($A195,Source_GM_code_CBS!$C:$C,0)) -> GM1729 | C195: =Source_wegvoertuigen_CBS!C199 -> 8458 | D195: =Source_wegvoertuigen_CBS!D199 -> 750 | E195: =Source_wegvoertuigen_CBS!E199 -> 45 | F195: =Source_wegvoertuigen_CBS!F199 -> 2
A196: =Source_wegvoertuigen_CBS!A200 -> Haaksbergen | B196: =INDEX(Source_GM_code_CBS!$B:$B,MATCH($A196,Source_GM_code_CBS!$C:$C,0)) -> GM0158 | C196: =Source_wegvoertuigen_CBS!C200 -> 13663 | D196: =Source_wegvoertuigen_CBS!D200 -> 1631 | E196: =Source_wegvoertuigen_CBS!E200 -> 86 | F196: =Source_wegvoertuigen_CBS!F200 -> 0
A197: =Source_wegvoertuigen_CBS!A201 -> Haaren | B197: =INDEX(Source_GM_code_CBS!$B:$B,MATCH($A197,Source_GM_code_CBS!$C:$C,0)) -> #N/A | C197: =Source_wegvoertuigen_CBS!C201 -> 0 | D197: =Source_wegvoertuigen_CBS!D201 -> 0 | E197: =Source_wegvoertuigen_CBS!E201 -> 0 | F197: =Source_wegvoertuigen_CBS!F201 -> 0
A198: =Source_wegvoertuigen_CBS!A202 -> Haarlem | B198: =INDEX(Source_GM_code_CBS!$B:$B,MATCH($A198,Source_GM_code_CBS!$C:$C,0)) -> GM0392 | C198: =Source_wegvoertuigen_CBS!C202 -> 64102 | D198: =Source_wegvoertuigen_CBS!D202 -> 5030 | E198: =Source_wegvoertuigen_CBS!E202 -> 247 | F198: =Source_wegvoertuigen_CBS!F202 -> 95
A199: =Source_wegvoertuigen_CBS!A203 -> Haarlemmerliede en Spaarnwoude | B199: =INDEX(Source_GM_code_CBS!$B:$B,MATCH($A199,Source_GM_code_CBS!$C:$C,0)) -> #N/A | C199: =Source_wegvoertuigen_CBS!C203 -> 0 | D199: =Source_wegvoertuigen_CBS!D203 -> 0 | E199: =Source_wegvoertuigen_CBS!E203 -> 0 | F199: =Source_wegvoertuigen_CBS!F203 -> 0
A200: =Source_wegvoertuigen_CBS!A204 -> Haarlemmermeer | B200: =INDEX(Source_GM_code_CBS!$B:$B,MATCH($A200,Source_GM_code_CBS!$C:$C,0)) -> GM0394 | C200: =Source_wegvoertuigen_CBS!C204 -> 126589 | D200: =Source_wegvoertuigen_CBS!D204 -> 20457 | E200: =Source_wegvoertuigen_CBS!E204 -> 1098 | F200: =Source_wegvoertuigen_CBS!F204 -> 44
A201: =Source_wegvoertuigen_CBS!A205 -> Haelen | B201: =INDEX(Source_GM_code_CBS!$B:$B,MATCH($A201,Source_GM_code_CBS!$C:$C,0)) -> #N/A | C201: =Source_wegvoertuigen_CBS!C205 -> 0 | D201: =Source_wegvoertuigen_CBS!D205 -> 0 | E201: =Source_wegvoertuigen_CBS!E205 -> 0 | F201: =Source_wegvoertuigen_CBS!F205 -> 0
A202: =Source_wegvoertuigen_CBS!A206 -> Halderberge | B202: =INDEX(Source_GM_code_CBS!$B:$B,MATCH($A202,Source_GM_code_CBS!$C:$C,0)) -> GM1655 | C202: =Source_wegvoertuigen_CBS!C206 -> 17657 | D202: =Source_wegvoertuigen_CBS!D206 -> 1955 | E202: =Source_wegvoertuigen_CBS!E206 -> 135 | F202: =Source_wegvoertuigen_CBS!F206 -> 8
A203: =Source_wegvoertuigen_CBS!A207 -> Den Ham | B203: =INDEX(Source_GM_code_CBS!$B:$B,MATCH($A203,Source_GM_code_CBS!$C:$C,0)) -> #N/A | C203: =Source_wegvoertuigen_CBS!C207 -> 0 | D203: =Source_wegvoertuigen_CBS!D207 -> 0 | E203: =Source_wegvoertuigen_CBS!E207 -> 0 | F203: =Source_wegvoertuigen_CBS!F207 -> 0
A204: =Source_wegvoertuigen_CBS!A208 -> Hardenberg | B204: =INDEX(Source_GM_code_CBS!$B:$B,MATCH($A204,Source_GM_code_CBS!$C:$C,0)) -> GM0160 | C204: =Source_wegvoertuigen_CBS!C208 -> 34363 | D204: =Source_wegvoertuigen_CBS!D208 -> 4799 | E204: =Source_wegvoertuigen_CBS!E208 -> 339 | F204: =Source_wegvoertuigen_CBS!F208 -> 1
... A230: =Source_wegvoertuigen_CBS!A234 -> Hengelo (Gld.) | B230: =INDEX(Source_GM_code_CBS!$B:$B,MATCH($A230,Source_GM_code_CBS!$C:$C,0)) -> #N/A | C230: =Source_wegvoertuigen_CBS!C234 -> 0 | D230: =Source_wegvoertuigen_CBS!D234 -> 0 | E230: =Source_wegvoertuigen_CBS!E234 -> 0 | F230: =Source_wegvoertuigen_CBS!F234 -> 0
A231: Hengelo | B231: =INDEX(Source_GM_code_CBS!$B:$B,MATCH($A231,Source_GM_code_CBS!$C:$C,0)) -> GM0164 | C231: =Source_wegvoertuigen_CBS!C235 -> 49781 | D231: =Source_wegvoertuigen_CBS!D235 -> 4390 | E231: =Source_wegvoertuigen_CBS!E235 -> 267 | F231: =Source_wegvoertuigen_CBS!F235 -> 9
A232: =Source_wegvoertuigen_CBS!A236 -> 's-Hertogenbosch | B232: =INDEX(Source_GM_code_CBS!$B:$B,MATCH($A232,Source_GM_code_CBS!$C:$C,0)) -> GM0796 | C232: =Source_wegvoertuigen_CBS!C236 -> 84703 | D232: =Source_wegvoertuigen_CBS!D236 -> 8574 | E232: =Source_wegvoertuigen_CBS!E236 -> 714 | F232: =Source_wegvoertuigen_CBS!F236 -> 7
A233: =Source_wegvoertuigen_CBS!A237 -> Heteren | B233: =INDEX(Source_GM_code_CBS!$B:$B,MATCH($A233,Source_GM_code_CBS!$C:$C,0)) -> #N/A | C233: =Source_wegvoertuigen_CBS!C237 -> 0 | D233: =Source_wegvoertuigen_CBS!D237 -> 0 | E233: =Source_wegvoertuigen_CBS!E237 -> 0 | F233: =Source_wegvoertuigen_CBS!F237 -> 0
A234: =Source_wegvoertuigen_CBS!A238 -> Heumen | B234: =INDEX(Source_GM_code_CBS!$B:$B,MATCH($A234,Source_GM_code_CBS!$C:$C,0)) -> GM0252 | C234: =Source_wegvoertuigen_CBS!C238 -> 8904 | D234: =Source_wegvoertuigen_CBS!D238 -> 726 | E234: =Source_wegvoertuigen_CBS!E238 -> 43 | F234: =Source_wegvoertuigen_CBS!F238 -> 15
A235: =Source_wegvoertuigen_CBS!A239 -> Heusden | B235: =INDEX(Source_GM_code_CBS!$B:$B,MATCH($A235,Source_GM_code_CBS!$C:$C,0)) -> GM0797 | C235: =Source_wegvoertuigen_CBS!C239 -> 25750 | D235: =Source_wegvoertuigen_CBS!D239 -> 2861 | E235: =Source_wegvoertuigen_CBS!E239 -> 175 | F235: =Source_wegvoertuigen_CBS!F239 -> 3
A236: =Source_wegvoertuigen_CBS!A240 -> Heythuysen | B236: =INDEX(Source_GM_code_CBS!$B:$B,MATCH($A236,Source_GM_code_CBS!$C:$C,0)) -> #N/A | C236: =Source_wegvoertuigen_CBS!C240 -> 0 | D236: =Source_wegvoertuigen_CBS!D240 -> 0 | E236: =Source_wegvoertuigen_CBS!E240 -> 0 | F236: =Source_wegvoertuigen_CBS!F240 -> 0
A237: =Source_wegvoertuigen_CBS!A241 -> Hillegom | B237: =INDEX(Source_GM_code_CBS!$B:$B,MATCH($A237,Source_GM_code_CBS!$C:$C,0)) -> GM0534 | C237: =Source_wegvoertuigen_CBS!C241 -> 11957 | D237: =Source_wegvoertuigen_CBS!D241 -> 1142 | E237: =Source_wegvoertuigen_CBS!E241 -> 102 | F237: =Source_wegvoertuigen_CBS!F241 -> 0
A238: =Source_wegvoertuigen_CBS!A242 -> Hilvarenbeek | B238: =INDEX(Source_GM_code_CBS!$B:$B,MATCH($A238,Source_GM_code_CBS!$C:$C,0)) -> GM0798 | C238: =Source_wegvoertuigen_CBS!C242 -> 9322 | D238: =Source_wegvoertuigen_CBS!D242 -> 1450 | E238: =Source_wegvoertuigen_CBS!E242 -> 129 | F238: =Source_wegvoertuigen_CBS!F242 -> 1
A239: =Source_wegvoertuigen_CBS!A243 -> Hilversum | B239: =INDEX(Source_GM_code_CBS!$B:$B,MATCH($A239,Source_GM_code_CBS!$C:$C,0)) -> GM0402 | C239: =Source_wegvoertuigen_CBS!C243 -> 41060 | D239: =Source_wegvoertuigen_CBS!D243 -> 3190 | E239: =Source_wegvoertuigen_CBS!E243 -> 107 | F239: =Source_wegvoertuigen_CBS!F243 -> 1414
A240: =Source_wegvoertuigen_CBS!A244 -> Hoeksche Waard | B240: =INDEX(Source_GM_code_CBS!$B:$B,MATCH($A240,Source_GM_code_CBS!$C:$C,0)) -> GM1963 | C240: =Source_wegvoertuigen_CBS!C244 -> 48613 | D240: =Source_wegvoertuigen_CBS!D244 -> 5521 | E240: =Source_wegvoertuigen_CBS!E244 -> 319 | F240: =Source_wegvoertuigen_CBS!F244 -> 22
A241: =Source_wegvoertuigen_CBS!A245 -> Hof van Twente | B241: =INDEX(Source_GM_code_CBS!$B:$B,MATCH($A241,Source_GM_code_CBS!$C:$C,0)) -> GM1735 | C241: =Source_wegvoertuigen_CBS!C245 -> 20660 | D241: =Source_wegvoertuigen_CBS!D245 -> 2569 | E241: =Source_wegvoertuigen_CBS!E245 -> 107 | F241: =Source_wegvoertuigen_CBS!F245 -> 18
A242: =Source_wegvoertuigen_CBS!A246 -> Het Hogeland | B242: =INDEX(Source_GM_code_CBS!$B:$B,MATCH($A242,Source_GM_code_CBS!$C:$C,0)) -> GM1966 | C242: =Source_wegvoertuigen_CBS!C246 -> 25586 | D242: =Source_wegvoertuigen_CBS!D246 -> 3350 | E242: =Source_wegvoertuigen_CBS!E246 -> 115 | F242: =Source_wegvoertuigen_CBS!F246 -> 8
A243: =Source_wegvoertuigen_CBS!A247 -> Hollands Kroon | B243: =INDEX(Source_GM_code_CBS!$B:$B,MATCH($A243,Source_GM_code_CBS!$C:$C,0)) -> GM1911 | C243: =Source_wegvoertuigen_CBS!C247 -> 27912 | D243: =Source_wegvoertuigen_CBS!D247 -> 4574 | E243: =Source_wegvoertuigen_CBS!E247 -> 443 | F243: =Source_wegvoertuigen_CBS!F247 -> 21
... A279: =Source_wegvoertuigen_CBS!A283 -> Lansingerland | B279: =INDEX(Source_GM_code_CBS!$B:$B,MATCH($A279,Source_GM_code_CBS!$C:$C,0)) -> GM1621 | C279: =Source_wegvoertuigen_CBS!C283 -> 32099 | D279: =Source_wegvoertuigen_CBS!D283 -> 3557 | E279: =Source_wegvoertuigen_CBS!E283 -> 340 | F279: =Source_wegvoertuigen_CBS!F283 -> 6
A280: Laren | B280: =INDEX(Source_GM_code_CBS!$B:$B,MATCH($A280,Source_GM_code_CBS!$C:$C,0)) -> GM0417 | C280: =Source_wegvoertuigen_CBS!C284 -> 6932 | D280: =Source_wegvoertuigen_CBS!D284 -> 396 | E280: =Source_wegvoertuigen_CBS!E284 -> 12 | F280: =Source_wegvoertuigen_CBS!F284 -> 0
A281: =Source_wegvoertuigen_CBS!A285 -> Leek | B281: =INDEX(Source_GM_code_CBS!$B:$B,MATCH($A281,Source_GM_code_CBS!$C:$C,0)) -> #N/A | C281: =Source_wegvoertuigen_CBS!C285 -> 0 | D281: =Source_wegvoertuigen_CBS!D285 -> 0 | E281: =Source_wegvoertuigen_CBS!E285 -> 0 | F281: =Source_wegvoertuigen_CBS!F285 -> 0
A282: =Source_wegvoertuigen_CBS!A286 -> Leerdam | B282: =INDEX(Source_GM_code_CBS!$B:$B,MATCH($A282,Source_GM_code_CBS!$C:$C,0)) -> #N/A | C282: =Source_wegvoertuigen_CBS!C286 -> 0 | D282: =Source_wegvoertuigen_CBS!D286 -> 0 | E282: =Source_wegvoertuigen_CBS!E286 -> 0 | F282: =Source_wegvoertuigen_CBS!F286 -> 0
A283: =Source_wegvoertuigen_CBS!A287 -> Leersum | B283: =INDEX(Source_GM_code_CBS!$B:$B,MATCH($A283,Source_GM_code_CBS!$C:$C,0)) -> #N/A | C283: =Source_wegvoertuigen_CBS!C287 -> 0 | D283: =Source_wegvoertuigen_CBS!D287 -> 0 | E283: =Source_wegvoertuigen_CBS!E287 -> 0 | F283: =Source_wegvoertuigen_CBS!F287 -> 0
A284: =Source_wegvoertuigen_CBS!A288 -> Leeuwarden | B284: =INDEX(Source_GM_code_CBS!$B:$B,MATCH($A284,Source_GM_code_CBS!$C:$C,0)) -> GM0080 | C284: =Source_wegvoertuigen_CBS!C288 -> 57846 | D284: =Source_wegvoertuigen_CBS!D288 -> 6119 | E284: =Source_wegvoertuigen_CBS!E288 -> 410 | F284: =Source_wegvoertuigen_CBS!F288 -> 9
A285: =Source_wegvoertuigen_CBS!A289 -> Leeuwarderadeel | B285: =INDEX(Source_GM_code_CBS!$B:$B,MATCH($A285,Source_GM_code_CBS!$C:$C,0)) -> #N/A | C285: =Source_wegvoertuigen_CBS!C289 -> 0 | D285: =Source_wegvoertuigen_CBS!D289 -> 0 | E285: =Source_wegvoertuigen_CBS!E289 -> 0 | F285: =Source_wegvoertuigen_CBS!F289 -> 0
A286: =Source_wegvoertuigen_CBS!A290 -> Leiden | B286: =INDEX(Source_GM_code_CBS!$B:$B,MATCH($A286,Source_GM_code_CBS!$C:$C,0)) -> GM0546 | C286: =Source_wegvoertuigen_CBS!C290 -> 40657 | D286: =Source_wegvoertuigen_CBS!D290 -> 3195 | E286: =Source_wegvoertuigen_CBS!E290 -> 129 | F286: =Source_wegvoertuigen_CBS!F290 -> 0
A287: =Source_wegvoertuigen_CBS!A291 -> Leiderdorp | B287: =INDEX(Source_GM_code_CBS!$B:$B,MATCH($A287,Source_GM_code_CBS!$C:$C,0)) -> GM0547 | C287: =Source_wegvoertuigen_CBS!C291 -> 13131 | D287: =Source_wegvoertuigen_CBS!D291 -> 1100 | E287: =Source_wegvoertuigen_CBS!E291 -> 26 | F287: =Source_wegvoertuigen_CBS!F291 -> 0
A288: =Source_wegvoertuigen_CBS!A292 -> Leidschendam | B288: =INDEX(Source_GM_code_CBS!$B:$B,MATCH($A288,Source_GM_code_CBS!$C:$C,0)) -> #N/A | C288: =Source_wegvoertuigen_CBS!C292 -> 0 | D288: =Source_wegvoertuigen_CBS!D292 -> 0 | E288: =Source_wegvoertuigen_CBS!E292 -> 0 | F288: =Source_wegvoertuigen_CBS!F292 -> 0
A289: =Source_wegvoertuigen_CBS!A293 -> Leidschendam-Voorburg | B289: =INDEX(Source_GM_code_CBS!$B:$B,MATCH($A289,Source_GM_code_CBS!$C:$C,0)) -> GM1916 | C289: =Source_wegvoertuigen_CBS!C293 -> 36033 | D289: =Source_wegvoertuigen_CBS!D293 -> 3136 | E289: =Source_wegvoertuigen_CBS!E293 -> 90 | F289: =Source_wegvoertuigen_CBS!F293 -> 1
A290: =Source_wegvoertuigen_CBS!A294 -> Lelystad | B290: =INDEX(Source_GM_code_CBS!$B:$B,MATCH($A290,Source_GM_code_CBS!$C:$C,0)) -> GM0995 | C290: =Source_wegvoertuigen_CBS!C294 -> 37988 | D290: =Source_wegvoertuigen_CBS!D294 -> 3330 | E290: =Source_wegvoertuigen_CBS!E294 -> 84 | F290: =Source_wegvoertuigen_CBS!F294 -> 10
A291: =Source_wegvoertuigen_CBS!A295 -> Lemsterland | B291: =INDEX(Source_GM_code_CBS!$B:$B,MATCH($A291,Source_GM_code_CBS!$C:$C,0)) -> #N/A | C291: =Source_wegvoertuigen_CBS!C295 -> 0 | D291: =Source_wegvoertuigen_CBS!D295 -> 0 | E291: =Source_wegvoertuigen_CBS!E295 -> 0 | F291: =Source_wegvoertuigen_CBS!F295 -> 0
A292: =Source_wegvoertuigen_CBS!A296 -> Leudal | B292: =INDEX(Source_GM_code_CBS!$B:$B,MATCH($A292,Source_GM_code_CBS!$C:$C,0)) -> GM1640 | C292: =Source_wegvoertuigen_CBS!C296 -> 21858 | D292: =Source_wegvoertuigen_CBS!D296 -> 2638 | E292: =Source_wegvoertuigen_CBS!E296 -> 237 | F292: =Source_wegvoertuigen_CBS!F296 -> 26
... A335: =Source_wegvoertuigen_CBS!A339 -> Meppel | B335: =INDEX(Source_GM_code_CBS!$B:$B,MATCH($A335,Source_GM_code_CBS!$C:$C,0)) -> GM0119 | C335: =Source_wegvoertuigen_CBS!C339 -> 17758 | D335: =Source_wegvoertuigen_CBS!D339 -> 1684 | E335: =Source_wegvoertuigen_CBS!E339 -> 116 | F335: =Source_wegvoertuigen_CBS!F339 -> 7
A336: Middelburg | B336: =INDEX(Source_GM_code_CBS!$B:$B,MATCH($A336,Source_GM_code_CBS!$C:$C,0)) -> GM0687 | C336: =Source_wegvoertuigen_CBS!C340 -> 23385 | D336: =Source_wegvoertuigen_CBS!D340 -> 2085 | E336: =Source_wegvoertuigen_CBS!E340 -> 156 | F336: =Source_wegvoertuigen_CBS!F340 -> 4
A337: =Source_wegvoertuigen_CBS!A341 -> Middelharnis | B337: =INDEX(Source_GM_code_CBS!$B:$B,MATCH($A337,Source_GM_code_CBS!$C:$C,0)) -> #N/A | C337: =Source_wegvoertuigen_CBS!C341 -> 0 | D337: =Source_wegvoertuigen_CBS!D341 -> 0 | E337: =Source_wegvoertuigen_CBS!E341 -> 0 | F337: =Source_wegvoertuigen_CBS!F341 -> 0
A338: =Source_wegvoertuigen_CBS!A342 -> Midden-Delfland | B338: =INDEX(Source_GM_code_CBS!$B:$B,MATCH($A338,Source_GM_code_CBS!$C:$C,0)) -> GM1842 | C338: =Source_wegvoertuigen_CBS!C342 -> 9567 | D338: =Source_wegvoertuigen_CBS!D342 -> 1383 | E338: =Source_wegvoertuigen_CBS!E342 -> 137 | F338: =Source_wegvoertuigen_CBS!F342 -> 2
A339: =Source_wegvoertuigen_CBS!A343 -> Midden-Drenthe | B339: =INDEX(Source_GM_code_CBS!$B:$B,MATCH($A339,Source_GM_code_CBS!$C:$C,0)) -> GM1731 | C339: =Source_wegvoertuigen_CBS!C343 -> 19624 | D339: =Source_wegvoertuigen_CBS!D343 -> 3024 | E339: =Source_wegvoertuigen_CBS!E343 -> 119 | F339: =Source_wegvoertuigen_CBS!F343 -> 4
A340: =Source_wegvoertuigen_CBS!A344 -> Midden-Groningen | B340: =INDEX(Source_GM_code_CBS!$B:$B,MATCH($A340,Source_GM_code_CBS!$C:$C,0)) -> GM1952 | C340: =Source_wegvoertuigen_CBS!C344 -> 34106 | D340: =Source_wegvoertuigen_CBS!D344 -> 3649 | E340: =Source_wegvoertuigen_CBS!E344 -> 238 | F340: =Source_wegvoertuigen_CBS!F344 -> 18
A341: =Source_wegvoertuigen_CBS!A345 -> Mierlo | B341: =INDEX(Source_GM_code_CBS!$B:$B,MATCH($A341,Source_GM_code_CBS!$C:$C,0)) -> #N/A | C341: =Source_wegvoertuigen_CBS!C345 -> 0 | D341: =Source_wegvoertuigen_CBS!D345 -> 0 | E341: =Source_wegvoertuigen_CBS!E345 -> 0 | F341: =Source_wegvoertuigen_CBS!F345 -> 0
A342: =Source_wegvoertuigen_CBS!A346 -> Mill en Sint Hubert | B342: =INDEX(Source_GM_code_CBS!$B:$B,MATCH($A342,Source_GM_code_CBS!$C:$C,0)) -> #N/A | C342: =Source_wegvoertuigen_CBS!C346 -> 0 | D342: =Source_wegvoertuigen_CBS!D346 -> 0 | E342: =Source_wegvoertuigen_CBS!E346 -> 0 | F342: =Source_wegvoertuigen_CBS!F346 -> 0
A343: =Source_wegvoertuigen_CBS!A347 -> Millingen aan de Rijn | B343: =INDEX(Source_GM_code_CBS!$B:$B,MATCH($A343,Source_GM_code_CBS!$C:$C,0)) -> #N/A | C343: =Source_wegvoertuigen_CBS!C347 -> 0 | D343: =Source_wegvoertuigen_CBS!D347 -> 0 | E343: =Source_wegvoertuigen_CBS!E347 -> 0 | F343: =Source_wegvoertuigen_CBS!F347 -> 0
A344: =Source_wegvoertuigen_CBS!A348 -> Moerdijk | B344: =INDEX(Source_GM_code_CBS!$B:$B,MATCH($A344,Source_GM_code_CBS!$C:$C,0)) -> GM1709 | C344: =Source_wegvoertuigen_CBS!C348 -> 22291 | D344: =Source_wegvoertuigen_CBS!D348 -> 2954 | E344: =Source_wegvoertuigen_CBS!E348 -> 267 | F344: =Source_wegvoertuigen_CBS!F348 -> 39
A345: =Source_wegvoertuigen_CBS!A349 -> Molenlanden | B345: =INDEX(Source_GM_code_CBS!$B:$B,MATCH($A345,Source_GM_code_CBS!$C:$C,0)) -> GM1978 | C345: =Source_wegvoertuigen_CBS!C349 -> 24092 | D345: =Source_wegvoertuigen_CBS!D349 -> 4031 | E345: =Source_wegvoertuigen_CBS!E349 -> 358 | F345: =Source_wegvoertuigen_CBS!F349 -> 12
A346: =Source_wegvoertuigen_CBS!A350 -> Molenwaard | B346: =INDEX(Source_GM_code_CBS!$B:$B,MATCH($A346,Source_GM_code_CBS!$C:$C,0)) -> #N/A | C346: =Source_wegvoertuigen_CBS!C350 -> 0 | D346: =Source_wegvoertuigen_CBS!D350 -> 0 | E346: =Source_wegvoertuigen_CBS!E350 -> 0 | F346: =Source_wegvoertuigen_CBS!F350 -> 0
A347: =Source_wegvoertuigen_CBS!A351 -> Monster | B347: =INDEX(Source_GM_code_CBS!$B:$B,MATCH($A347,Source_GM_code_CBS!$C:$C,0)) -> #N/A | C347: =Source_wegvoertuigen_CBS!C351 -> 0 | D347: =Source_wegvoertuigen_CBS!D351 -> 0 | E347: =Source_wegvoertuigen_CBS!E351 -> 0 | F347: =Source_wegvoertuigen_CBS!F351 -> 0
A348: =Source_wegvoertuigen_CBS!A352 -> Montferland | B348: =INDEX(Source_GM_code_CBS!$B:$B,MATCH($A348,Source_GM_code_CBS!$C:$C,0)) -> GM1955 | C348: =Source_wegvoertuigen_CBS!C352 -> 20732 | D348: =Source_wegvoertuigen_CBS!D352 -> 2283 | E348: =Source_wegvoertuigen_CBS!E352 -> 220 | F348: =Source_wegvoertuigen_CBS!F352 -> 10
... A431: =Source_wegvoertuigen_CBS!A435 -> Rijssen-Holten | B431: =INDEX(Source_GM_code_CBS!$B:$B,MATCH($A431,Source_GM_code_CBS!$C:$C,0)) -> GM1742 | C431: =Source_wegvoertuigen_CBS!C435 -> 20346 | D431: =Source_wegvoertuigen_CBS!D435 -> 2728 | E431: =Source_wegvoertuigen_CBS!E435 -> 337 | F431: =Source_wegvoertuigen_CBS!F435 -> 1
...

Sheet Source_wegvoertuigen_CBS
A1: Motorvoertuigen | B1: voertuigtype, postcode en regio's, 1 januari, 2000-2022
C3: Onderwerp
C4: Wegvoertuigen per 1 januari|Personenauto | D4: Wegvoertuigen per 1 januari|Bedrijfsvoertuigen|Bedrijfsmotorvoertuigen|Bestelauto | E4: Wegvoertuigen per 1 januari|Bedrijfsvoertuigen|Bedrijfsmotorvoertuigen|Vrachtauto (excl. trekker voor oplegger) | F4: Wegvoertuigen per 1 januari|Bedrijfsvoertuigen|Bedrijfsmotorvoertuigen|Bus
A5: Regio's | B5: Perioden | C5: aantal | D5: aantal | E5: aantal | F5: aantal
A6: Aa en Hunze | B6: 2022 | C6: 15568 | D6: 1826 | E6: 101 | F6: 3
A7: Aalburg | B7: 2022 | C7: 0 | D7: 0 | E7: 0 | F7: 0
A8: Aalsmeer | B8: 2022 | C8: 17396 | D8: 1963 | E8: 181 | F8: 17
A9: Aalten | B9: 2022 | C9: 14912 | D9: 1763 | E9: 91 | F9: 2
A10: Ter Aar | B10: 2022 | C10: 0 | D10: 0 | E10: 0 | F10: 0
A11: Abcoude | B11: 2022 | C11: 0 | D11: 0 | E11: 0 | F11: 0
A12: Achtkarspelen | B12: 2022 | C12: 15604 | D12: 2554 | E12: 152 | F12: 40
A13: Akersloot | B13: 2022 | C13: 0 | D13: 0 | E13: 0 | F13: 0
A14: Alblasserdam | B14: 2022 | C14: 9531 | D14: 1210 | E14: 83 | F14: 28
A15: Albrandswaard | B15: 2022 | C15: 12936 | D15: 908 | E15: 49 | F15: 4
A16: Alkemade | B16: 2022 | C16: 0 | D16: 0 | E16: 0 | F16: 0
A17: Alkmaar | B17: 2022 | C17: 58882 | D17: 6290 | E17: 479 | F17: 20
... A609: Zwolle | B609: 2022 | C609: 58042 | D609: 5862 | E609: 211 | F609: 14
A610: Bron: RDW, CBS

Sheet Source_GM_code_CBS
A1: Gemeentecode | B1: GemeentecodeGM | C1: Gemeentenaam | D1: Provinciecode | E1: ProvinciecodePV | F1: Provincienaam
A2: 1680 | B2: GM1680 | C2: Aa en Hunze | D2: 22 | E2: PV22 | F2: Drenthe
A3: 0358 | B3: GM0358 | C3: Aalsmeer | D3: 27 | E3: PV27 | F3: Noord-Holland
A4: 0197 | B4: GM0197 | C4: Aalten | D4: 25 | E4: PV25 | F4: Gelderland
A5: 0059 | B5: GM0059 | C5: Achtkarspelen | D5: 21 | E5: PV21 | F5: Fryslân
A6: 0482 | B6: GM0482 | C6: Alblasserdam | D6: 28 | E6: PV28 | F6: Zuid-Holland
A7: 0613 | B7: GM0613 | C7: Albrandswaard | D7: 28 | E7: PV28 | F7: Zuid-Holland
A8: 0361 | B8: GM0361 | C8: Alkmaar | D8: 27 | E8: PV27 | F8: Noord-Holland
A9: 0141 | B9: GM0141 | C9: Almelo | D9: 23 | E9: PV23 | F9: Overijssel
A10: 0034 | B10: GM0034 | C10: Almere | D10: 24 | E10: PV24 | F10: Flevoland
A11: 0484 | B11: GM0484 | C11: Alphen aan den Rijn | D11: 28 | E11: PV28 | F11: Zuid-Holland
A12: 1723 | B12: GM1723 | C12: Alphen-Chaam | D12: 30 | E12: PV30 | F12: Noord-Brabant
... A343: 0193 | B343: GM0193 | C343: Zwolle | D343: 23 | E343: PV23 | F343: Overijssel
