Workbook

Sheet Data
A1: GM_code | B1: households_roof_pv_potential | C1: buildings_roof_pv_potential
A2: GM1680 | B2: =INDEX(Calculation!$A$1:$D$343,MATCH($A2,Calculation!$A:$A,0),MATCH(B$1,Calculation!$1:$1,0)) -> 1.62186 | C2: =INDEX(Calculation!$A$1:$D$343,MATCH($A2,Calculation!$A:$A,0),MATCH(C$1,Calculation!$1:$1,0)) -> 1.151709
A3: GM0358 | B3: =INDEX(Calculation!$A$1:$D$343,MATCH($A3,Calculation!$A:$A,0),MATCH(B$1,Calculation!$1:$1,0)) -> 1.678781 | C3: =INDEX(Calculation!$A$1:$D$343,MATCH($A3,Calculation!$A:$A,0),MATCH(C$1,Calculation!$1:$1,0)) -> 2.585545
A4: GM0197 | B4: =INDEX(Calculation!$A$1:$D$343,MATCH($A4,Calculation!$A:$A,0),MATCH(B$1,Calculation!$1:$1,0)) -> 1.14036 | C4: =INDEX(Calculation!$A$1:$D$343,MATCH($A4,Calculation!$A:$A,0),MATCH(C$1,Calculation!$1:$1,0)) -> 1.670153
A5: GM0059 | B5: =INDEX(Calculation!$A$1:$D$343,MATCH($A5,Calculation!$A:$A,0),MATCH(B$1,Calculation!$1:$1,0)) -> 1.289278 | C5: =INDEX(Calculation!$A$1:$D$343,MATCH($A5,Calculation!$A:$A,0),MATCH(C$1,Calculation!$1:$1,0)) -> 1.40414
A6: GM0482 | B6: =INDEX(Calculation!$A$1:$D$343,MATCH($A6,Calculation!$A:$A,0),MATCH(B$1,Calculation!$1:$1,0)) -> 0.455858 | C6: =INDEX(Calculation!$A$1:$D$343,MATCH($A6,Calculation!$A:$A,0),MATCH(C$1,Calculation!$1:$1,0)) -> 0.633341
A7: GM0613 | B7: =INDEX(Calculation!$A$1:$D$343,MATCH($A7,Calculation!$A:$A,0),MATCH(B$1,Calculation!$1:$1,0)) -> 0.726905 | C7: =INDEX(Calculation!$A$1:$D$343,MATCH($A7,Calculation!$A:$A,0),MATCH(C$1,Calculation!$1:$1,0)) -> 0.631015
A8: GM0361 | B8: =INDEX(Calculation!$A$1:$D$343,MATCH($A8,Calculation!$A:$A,0),MATCH(B$1,Calculation!$1:$1,0)) -> 2.968289 | C8: =INDEX(Calculation!$A$1:$D$343,MATCH($A8,Calculation!$A:$A,0),MATCH(C$1,Calculation!$1:$1,0)) -> 2.729409
A9: GM0141 | B9: =INDEX(Calculation!$A$1:$D$343,MATCH($A9,Calculation!$A:$A,0),MATCH(B$1,Calculation!$1:$1,0)) -> 2.415293 | C9: =INDEX(Calculation!$A$1:$D$343,MATCH($A9,Calculation!$A:$A,0),MATCH(C$1,Calculation!$1:$1,0)) -> 3.387203
A10: GM0034 | B10: =INDEX(Calculation!$A$1:$D$343,MATCH($A10,Calculation!$A:$A,0),MATCH(B$1,Calculation!$1:$1,0)) -> 5.056762 | C10: =INDEX(Calculation!$A$1:$D$343,MATCH($A10,Calculation!$A:$A,0),MATCH(C$1,Calculation!$1:$1,0)) -> 4.066546
A11: GM0484 | B11: =INDEX(Calculation!$A$1:$D$343,MATCH($A11,Calculation!$A:$A,0),MATCH(B$1,Calculation!$1:$1,0)) -> 2.945701 | C11: =INDEX(Calculation!$A$1:$D$343,MATCH($A11,Calculation!$A:$A,0),MATCH(C$1,Calculation!$1:$1,0)) -> 4.13769
A12: GM1723 | B12: =INDEX(Calculation!$A$1:$D$343,MATCH($A12,Calculation!$A:$A,0),MATCH(B$1,Calculation!$1:$1,0)) -> 0.58342 | C12: =INDEX(Calculation!$A$1:$D$343,MATCH($A12,Calculation!$A:$A,0),MATCH(C$1,Calculation!$1:$1,0)) -> 1.24945
A13: GM1959 | B13: =INDEX(Calculation!$A$1:$D$343,MATCH($A13,Calculation!$A:$A,0),MATCH(B$1,Calculation!$1:$1,0)) -> 2.105131 | C13: =INDEX(Calculation!$A$1:$D$343,MATCH($A13,Calculation!$A:$A,0),MATCH(C$1,Calculation!$1:$1,0)) -> 2.755114
... A343: GM0193 | B343: =INDEX(Calculation!$A$1:$D$343,MATCH($A343,Calculation!$A:$A,0),MATCH(B$1,Calculation!$1:$1,0)) -> 3.407882 | C343: =INDEX(Calculation!$A$1:$D$343,MATCH($A343,Calculation!$A:$A,0),MATCH(C$1,Calculation!$1:$1,0)) -> 3.473898

Sheet Calculation
A1: GM_code | B1: Name | C1: households_roof_pv_potential | D1: buildings_roof_pv_potential
A2: GM1680 | B2: =INDEX(CBS_gemeenten_alfabetisch_2023!$B:$B,MATCH($A2,CBS_gemeenten_alfabetisch_2023!$A:$A,0)) -> Aa en Hunze | C2: =SUMIF(BAG_dakoppervlak_woningen!$B:$B,$B2,BAG_dakoppervlak_woningen!$G:$G)/10^6 -> 1.62186 | D2: =SUMIF(BAG_dakoppervlak_gebouwen!$B:$B,$B2,BAG_dakoppervlak_gebouwen!$G:$G)/10^6 -> 1.151709
A3: GM0358 | B3: =INDEX(CBS_gemeenten_alfabetisch_2023!$B:$B,MATCH($A3,CBS_gemeenten_alfabetisch_2023!$A:$A,0)) -> Aalsmeer | C3: =SUMIF(BAG_dakoppervlak_woningen!$B:$B,$B3,BAG_dakoppervlak_woningen!$G:$G)/10^6 -> 1.678781 | D3: =SUMIF(BAG_dakoppervlak_gebouwen!$B:$B,$B3,BAG_dakoppervlak_gebouwen!$G:$G)/10^6 -> 2.585545
A4: GM0197 | B4: =INDEX(CBS_gemeenten_alfabetisch_2023!$B:$B,MATCH($A4,CBS_gemeenten_alfabetisch_2023!$A:$A,0)) -> Aalten | C4: =SUMIF(BAG_dakoppervlak_woningen!$B:$B,$B4,BAG_dakoppervlak_woningen!$G:$G)/10^6 -> 1.14036 | D4: =SUMIF(BAG_dakoppervlak_gebouwen!$B:$B,$B4,BAG_dakoppervlak_gebouwen!$G:$G)/10^6 -> 1.670153
A5: GM0059 | B5: =INDEX(CBS_gemeenten_alfabetisch_2023!$B:$B,MATCH($A5,CBS_gemeenten_alfabetisch_2023!$A:$A,0)) -> Achtkarspelen | C5: =SUMIF(BAG_dakoppervlak_woningen!$B:$B,$B5,BAG_dakoppervlak_woningen!$G:$G)/10^6 -> 1.289278 | D5: =SUMIF(BAG_dakoppervlak_gebouwen!$B:$B,$B5,BAG_dakoppervlak_gebouwen!$G:$G)/10^6 -> 1.40414
A6: GM0482 | B6: =INDEX(CBS_gemeenten_alfabetisch_2023!$B:$B,MATCH($A6,CBS_gemeenten_alfabetisch_2023!$A:$A,0)) -> Alblasserdam | C6: =SUMIF(BAG_dakoppervlak_woningen!$B:$B,$B6,BAG_dakoppervlak_woningen!$G:$G)/10^6 -> 0.455858 | D6: =SUMIF(BAG_dakoppervlak_gebouwen!$B:$B,$B6,BAG_dakoppervlak_gebouwen!$G:$G)/10^6 -> 0.633341
A7: GM0613 | B7: =INDEX(CBS_gemeenten_alfabetisch_2023!$B:$B,MATCH($A7,CBS_gemeenten_alfabetisch_2023!$A:$A,0)) -> Albrandswaard | C7: =SUMIF(BAG_dakoppervlak_woningen!$B:$B,$B7,BAG_dakoppervlak_woningen!$G:$G)/10^6 -> 0.726905 | D7: =SUMIF(BAG_dakoppervlak_gebouwen!$B:$B,$B7,BAG_dakoppervlak_gebouwen!$G:$G)/10^6 -> 0.631015
A8: GM0361 | B8: =INDEX(CBS_gemeenten_alfabetisch_2023!$B:$B,MATCH($A8,CBS_gemeenten_alfabetisch_2023!$A:$A,0)) -> Alkmaar | C8: =SUMIF(BAG_dakoppervlak_woningen!$B:$B,$B8,BAG_dakoppervlak_woningen!$G:$G)/10^6 -> 2.968289 | D8: =SUMIF(BAG_dakoppervlak_gebouwen!$B:$B,$B8,BAG_dakoppervlak_gebouwen!$G:$G)/10^6 -> 2.729409
A9: GM0141 | B9: =INDEX(CBS_gemeenten_alfabetisch_2023!$B:$B,MATCH($A9,CBS_gemeenten_alfabetisch_2023!$A:$A,0)) -> Almelo | C9: =SUMIF(BAG_dakoppervlak_woningen!$B:$B,$B9,BAG_dakoppervlak_woningen!$G:$G)/10^6 -> 2.415293 | D9: =SUMIF(BAG_dakoppervlak_gebouwen!$B:$B,$B9,BAG_dakoppervlak_gebouwen!$G:$G)/10^6 -> 3.387203
A10: GM0034 | B10: =INDEX(CBS_gemeenten_alfabetisch_2023!$B:$B,MATCH($A10,CBS_gemeenten_alfabetisch_2023!$A:$A,0)) -> Almere | C10: =SUMIF(BAG_dakoppervlak_woningen!$B:$B,$B10,BAG_dakoppervlak_woningen!$G:$G)/10^6 -> 5.056762 | D10: =SUMIF(BAG_dakoppervlak_gebouwen!$B:$B,$B10,BAG_dakoppervlak_gebouwen!$G:$G)/10^6 -> 4.066546
A11: GM0484 | B11: =INDEX(CBS_gemeenten_alfabetisch_2023!$B:$B,MATCH($A11,CBS_gemeenten_alfabetisch_2023!$A:$A,0)) -> Alphen aan den Rijn | C11: =SUMIF(BAG_dakoppervlak_woningen!$B:$B,$B11,BAG_dakoppervlak_woningen!$G:$G)/10^6 -> 2.945701 | D11: =SUMIF(BAG_dakoppervlak_gebouwen!$B:$B,$B11,BAG_dakoppervlak_gebouwen!$G:$G)/10^6 -> 4.13769
A12: GM1723 | B12: =INDEX(CBS_gemeenten_alfabetisch_2023!$B:$B,MATCH($A12,CBS_gemeenten_alfabetisch_2023!$A:$A,0)) -> Alphen-Chaam | C12: =SUMIF(BAG_dakoppervlak_woningen!$B:$B,$B12,BAG_dakoppervlak_woningen!$G:$G)/10^6 -> 0.58342 | D12: =SUMIF(BAG_dakoppervlak_gebouwen!$B:$B,$B12,BAG_dakoppervlak_gebouwen!$G:$G)/10^6 -> 1.24945
A13: GM1959 | B13: =INDEX(CBS_gemeenten_alfabetisch_2023!$B:$B,MATCH($A13,CBS_gemeenten_alfabetisch_2023!$A:$A,0)) -> Altena | C13: =SUMIF(BAG_dakoppervlak_woningen!$B:$B,$B13,BAG_dakoppervlak_woningen!$G:$G)/10^6 -> 2.105131 | D13: =SUMIF(BAG_dakoppervlak_gebouwen!$B:$B,$B13,BAG_dakoppervlak_gebouwen!$G:$G)/10^6 -> 2.755114
... A343: GM0193 | B343: =INDEX(CBS_gemeenten_alfabetisch_2023!$B:$B,MATCH($A343,CBS_gemeenten_alfabetisch_2023!$A:$A,0)) -> Zwolle | C343: =SUMIF(BAG_dakoppervlak_woningen!$B:$B,$B343,BAG_dakoppervlak_woningen!$G:$G)/10^6 -> 3.407882 | D343: =SUMIF(BAG_dakoppervlak_gebouwen!$B:$B,$B343,BAG_dakoppervlak_gebouwen!$G:$G)/10^6 -> 3.473898

Sheet BAG_dakoppervlak_woningen
A1: Gemeentenummer 2021 | B1: Gemeentenaam 2021 | C1: Gebruiksfunctie | D1: Geen plat dak (m2) | E1: Wel plat dak (m2) | F1: Onbekend (m2) | G1: Dakoppervlak totaal (m2)
B2: Nederland | C2: woonfunctie | D2: 392358906 | E2: 155219511 | F2: 8962633 | G2: 556541051
A3: 14 | B3: Groningen | C3: woonfunctie | D3: 3220762 | E3: 2531769 | F3: 161576 | G3: 5914107
A4: 34 | B4: Almere | C4: woonfunctie | D4: 2529755 | E4: 2332920 | F4: 194086 | G4: 5056762
A5: 37 | B5: Stadskanaal | C5: woonfunctie | D5: 1242774 | E5: 307563 | F5: 23986 | G5: 1574322
A6: 47 | B6: Veendam | C6: woonfunctie | D6: 925117 | E6: 248579 | F6: 15320 | G6: 1189016
A7: 50 | B7: Zeewolde | C7: woonfunctie | D7: 452919 | E7: 185515 | F7: 24619 | G7: 663054
A8: 59 | B8: Achtkarspelen | C8: woonfunctie | D8: 1025581 | E8: 249824 | F8: 13873 | G8: 1289278
A9: 60 | B9: Ameland | C9: woonfunctie | D9: 185731 | E9: 17242 | F9: 4365 | G9: 207338
A10: 72 | B10: Harlingen | C10: woonfunctie | D10: 474250 | E10: 101517 | F10: 15598 | G10: 591365
A11: 74 | B11: Heerenveen | C11: woonfunctie | D11: 1625945 | E11: 628103 | F11: 36223 | G11: 2290272
A12: 80 | B12: Leeuwarden | C12: woonfunctie | D12: 2838098 | E12: 1366546 | F12: 89909 | G12: 4294553
A13: 85 | B13: Ooststellingwerf | C13: woonfunctie | D13: 1198099 | E13: 261342 | F13: 9365 | G13: 1468805
A14: 86 | B14: Opsterland | C14: woonfunctie | D14: 1326535 | E14: 327948 | F14: 7736 | G14: 1662219
... A354: 1979 | B354: Eemsdelta | C354: woonfunctie | D354: 2056156 | E354: 442631 | F354: 32942 | G354: 2531728

Sheet BAG_dakoppervlak_gebouwen
A1: Gemeentenummer 2021 | B1: Gemeentenaam 2021 | C1: Gebruiksfunctie | D1: Geen plat dak (m2) | E1: Wel plat dak (m2) | F1: Onbekend (m2) | G1: Dakoppervlak totaal (m2)
B2: Nederland totaal | D2: 637980687 | E2: 622452611 | F2: 20393603 | G2: 1280826902
B3: Nederland | C3: onbekend | D3: 177592262 | E3: 167021517 | F3: 5700468 | G3: 350314247
B4: Nederland | C4: bijeenkomstfunctie | D4: 5830745 | E4: 12751946 | F4: 120312 | G4: 18703004
B5: Nederland | C5: celfunctie | D5: 3124 | E5: 230038 | F5: 133 | G5: 233294
B6: Nederland | C6: gezondheidszorgfunctie | D6: 846125 | E6: 5743269 | F6: 33096 | G6: 6622490
B7: Nederland | C7: industriefunctie | D7: 36055294 | E7: 138368397 | F7: 2599098 | G7: 177022789
B8: Nederland | C8: kantoorfunctie | D8: 5806253 | E8: 46528178 | F8: 1435780 | G8: 53770212
B9: Nederland | C9: ligplaats | D9: 2298 | E9: 1513 | F9: 275 | G9: 4087
B10: Nederland | C10: logiesfunctie | D10: 4620431 | E10: 4588482 | F10: 543013 | G10: 9751926
B11: Nederland | C11: onderwijsfunctie | D11: 1569063 | E11: 16790886 | F11: 109360 | G11: 18469309
B12: Nederland | C12: overige gebruiksfunctie | D12: 6431684 | E12: 27360046 | F12: 504577 | G12: 34296307
B13: Nederland | C13: sportfunctie | D13: 792295 | E13: 9683289 | F13: 75019 | G13: 10550604
B14: Nederland | C14: standplaats | D14: 19567 | E14: 31141 | F14: 2601 | G14: 53309
B15: Nederland | C15: winkelfunctie | D15: 6052639 | E15: 38134398 | F15: 307237 | G15: 44494275
A16: 14 | B16: Groningen | C16: onbekend | D16: 446178 | E16: 695620 | F16: 39877 | G16: 1181674
A17: 14 | B17: Groningen | C17: bijeenkomstfunctie | D17: 58691 | E17: 169748 | F17: 3520 | G17: 231959
A18: 14 | B18: Groningen | C18: celfunctie | D18: 0 | E18: 23356 | F18: 0 | G18: 23356
A19: 14 | B19: Groningen | C19: gezondheidszorgfunctie | D19: 5428 | E19: 99994 | F19: 145 | G19: 105568
A20: 14 | B20: Groningen | C20: industriefunctie | D20: 75442 | E20: 1095107 | F20: 5785 | G20: 1176334
A21: 14 | B21: Groningen | C21: kantoorfunctie | D21: 61601 | E21: 458097 | F21: 12921 | G21: 532619
A22: 14 | B22: Groningen | C22: ligplaats | D22: 446 | E22: 353 | F22: 275 | G22: 1074
A23: 14 | B23: Groningen | C23: logiesfunctie | D23: 19053 | E23: 22682 | F23: 293 | G23: 42028
A24: 14 | B24: Groningen | C24: onderwijsfunctie | D24: 23577 | E24: 334072 | F24: 7342 | G24: 364991
A25: 14 | B25: Groningen | C25: overige gebruiksfunctie | D25: 50104 | E25: 250970 | F25: 10459 | G25: 311532
A26: 14 | B26: Groningen | C26: sportfunctie | D26: 5411 | E26: 154360 | F26: 0 | G26: 159771
A27: 14 | B27: Groningen | C27: winkelfunctie | D27: 81621 | E27: 460069 | F27: 7479 | G27: 549169
... A3661: 1979 | B3661: Eemsdelta | C3661: winkelfunctie | D3661: 27765 | E3661: 94423 | F3661: 2352 | G3661: 124541

Sheet CBS_gemeenten_alfabetisch_2023
A1: GemeentecodeGM | B1: Gemeentenaam
A2: GM1680 | B2: Aa en Hunze
A3: GM0358 | B3: Aalsmeer
A4: GM0197 | B4: Aalten
A5: GM0059 | B5: Achtkarspelen
A6: GM0482 | B6: Alblasserdam
A7: GM0613 | B7: Albrandswaard
A8: GM0361 | B8: Alkmaar
A9: GM0141 | B9: Almelo
A10: GM0034 | B10: Almere
A11: GM0484 | B11: Alphen aan den Rijn
A12: GM1723 | B12: Alphen-Chaam
... A343: GM0193 | B343: Zwolle
