Workbook
Name Gemeenten_alfabetisch_2018: #REF!
Name Gemeenten_alfabetisch_2019: CBS_gemeenten_2019_2018!$A$2:$F$357

Sheet Calculation
A1: GM_code | B1: energy_production_wet_biomass_max_demand | C1: energy_production_dry_biomass_max_demand | D1: energy_production_oily_biomass_max_demand
A2: GM1680 | B2: =IFERROR(INDEX(data!$A$1:$J$385,MATCH($A2,data!$A:$A,0),MATCH(B$1,data!$1:$1,0)),INDEX(Calculation_mapping!$B$58:$E$75,MATCH($A2,Calculation_mapping!$B$58:$B$75,0),MATCH(B$1,Calculation_mapping!$B$58:$E$58,0)))*1000 -> 395.37229 | C2: =IFERROR(INDEX(data!$A$1:$J$385,MATCH($A2,data!$A:$A,0),MATCH(C$1,data!$1:$1,0)),INDEX(Calculation_mapping!$B$58:$E$75,MATCH($A2,Calculation_mapping!$B$58:$B$75,0),MATCH(C$1,Calculation_mapping!$B$58:$E$58,0)))*1000 -> 206.60893 | D2: =IFERROR(INDEX(data!$A$1:$J$385,MATCH($A2,data!$A:$A,0),MATCH(D$1,data!$1:$1,0)),INDEX(Calculation_mapping!$B$58:$E$75,MATCH($A2,Calculation_mapping!$B$58:$B$75,0),MATCH(D$1,Calculation_mapping!$B$58:$E$58,0)))*1000 -> 15.42359
A3: GM0358 | B3: =IFERROR(INDEX(data!$A$1:$J$385,MATCH($A3,data!$A:$A,0),MATCH(B$1,data!$1:$1,0)),INDEX(Calculation_mapping!$B$58:$E$75,MATCH($A3,Calculation_mapping!$B$58:$B$75,0),MATCH(B$1,Calculation_mapping!$B$58:$E$58,0)))*1000 -> 192.87007 | C3: =IFERROR(INDEX(data!$A$1:$J$385,MATCH($A3,data!$A:$A,0),MATCH(C$1,data!$1:$1,0)),INDEX(Calculation_mapping!$B$58:$E$75,MATCH($A3,Calculation_mapping!$B$58:$B$75,0),MATCH(C$1,Calculation_mapping!$B$58:$E$58,0)))*1000 -> 83.722821 | D3: =IFERROR(INDEX(data!$A$1:$J$385,MATCH($A3,data!$A:$A,0),MATCH(D$1,data!$1:$1,0)),INDEX(Calculation_mapping!$B$58:$E$75,MATCH($A3,Calculation_mapping!$B$58:$B$75,0),MATCH(D$1,Calculation_mapping!$B$58:$E$58,0)))*1000 -> 19.276754
A4: GM0197 | B4: =IFERROR(INDEX(data!$A$1:$J$385,MATCH($A4,data!$A:$A,0),MATCH(B$1,data!$1:$1,0)),INDEX(Calculation_mapping!$B$58:$E$75,MATCH($A4,Calculation_mapping!$B$58:$B$75,0),MATCH(B$1,Calculation_mapping!$B$58:$E$58,0)))*1000 -> 246.52073 | C4: =IFERROR(INDEX(data!$A$1:$J$385,MATCH($A4,data!$A:$A,0),MATCH(C$1,data!$1:$1,0)),INDEX(Calculation_mapping!$B$58:$E$75,MATCH($A4,Calculation_mapping!$B$58:$B$75,0),MATCH(C$1,Calculation_mapping!$B$58:$E$58,0)))*1000 -> 117.79276 | D4: =IFERROR(INDEX(data!$A$1:$J$385,MATCH($A4,data!$A:$A,0),MATCH(D$1,data!$1:$1,0)),INDEX(Calculation_mapping!$B$58:$E$75,MATCH($A4,Calculation_mapping!$B$58:$B$75,0),MATCH(D$1,Calculation_mapping!$B$58:$E$58,0)))*1000 -> 16.41088
A5: GM0059 | B5: =IFERROR(INDEX(data!$A$1:$J$385,MATCH($A5,data!$A:$A,0),MATCH(B$1,data!$1:$1,0)),INDEX(Calculation_mapping!$B$58:$E$75,MATCH($A5,Calculation_mapping!$B$58:$B$75,0),MATCH(B$1,Calculation_mapping!$B$58:$E$58,0)))*1000 -> 206.59389 | C5: =IFERROR(INDEX(data!$A$1:$J$385,MATCH($A5,data!$A:$A,0),MATCH(C$1,data!$1:$1,0)),INDEX(Calculation_mapping!$B$58:$E$75,MATCH($A5,Calculation_mapping!$B$58:$B$75,0),MATCH(C$1,Calculation_mapping!$B$58:$E$58,0)))*1000 -> 150.53426 | D5: =IFERROR(INDEX(data!$A$1:$J$385,MATCH($A5,data!$A:$A,0),MATCH(D$1,data!$1:$1,0)),INDEX(Calculation_mapping!$B$58:$E$75,MATCH($A5,Calculation_mapping!$B$58:$B$75,0),MATCH(D$1,Calculation_mapping!$B$58:$E$58,0)))*1000 -> 16.92184
A6: GM0482 | B6: =IFERROR(INDEX(data!$A$1:$J$385,MATCH($A6,data!$A:$A,0),MATCH(B$1,data!$1:$1,0)),INDEX(Calculation_mapping!$B$58:$E$75,MATCH($A6,Calculation_mapping!$B$58:$B$75,0),MATCH(B$1,Calculation_mapping!$B$58:$E$58,0)))*1000 -> 41.201929 | C6: =IFERROR(INDEX(data!$A$1:$J$385,MATCH($A6,data!$A:$A,0),MATCH(C$1,data!$1:$1,0)),INDEX(Calculation_mapping!$B$58:$E$75,MATCH($A6,Calculation_mapping!$B$58:$B$75,0),MATCH(C$1,Calculation_mapping!$B$58:$E$58,0)))*1000 -> 51.742699 | D6: =IFERROR(INDEX(data!$A$1:$J$385,MATCH($A6,data!$A:$A,0),MATCH(D$1,data!$1:$1,0)),INDEX(Calculation_mapping!$B$58:$E$75,MATCH($A6,Calculation_mapping!$B$58:$B$75,0),MATCH(D$1,Calculation_mapping!$B$58:$E$58,0)))*1000 -> 12.193179
A7: GM0613 | B7: =IFERROR(INDEX(data!$A$1:$J$385,MATCH($A7,data!$A:$A,0),MATCH(B$1,data!$1:$1,0)),INDEX(Calculation_mapping!$B$58:$E$75,MATCH($A7,Calculation_mapping!$B$58:$B$75,0),MATCH(B$1,Calculation_mapping!$B$58:$E$58,0)))*1000 -> 68.674876 | C7: =IFERROR(INDEX(data!$A$1:$J$385,MATCH($A7,data!$A:$A,0),MATCH(C$1,data!$1:$1,0)),INDEX(Calculation_mapping!$B$58:$E$75,MATCH($A7,Calculation_mapping!$B$58:$B$75,0),MATCH(C$1,Calculation_mapping!$B$58:$E$58,0)))*1000 -> 74.128048 | D7: =IFERROR(INDEX(data!$A$1:$J$385,MATCH($A7,data!$A:$A,0),MATCH(D$1,data!$1:$1,0)),INDEX(Calculation_mapping!$B$58:$E$75,MATCH($A7,Calculation_mapping!$B$58:$B$75,0),MATCH(D$1,Calculation_mapping!$B$58:$E$58,0)))*1000 -> 15.35372
A8: GM0361 | B8: =IFERROR(INDEX(data!$A$1:$J$385,MATCH($A8,data!$A:$A,0),MATCH(B$1,data!$1:$1,0)),INDEX(Calculation_mapping!$B$58:$E$75,MATCH($A8,Calculation_mapping!$B$58:$B$75,0),MATCH(B$1,Calculation_mapping!$B$58:$E$58,0)))*1000 -> 405.45866 | C8: =IFERROR(INDEX(data!$A$1:$J$385,MATCH($A8,data!$A:$A,0),MATCH(C$1,data!$1:$1,0)),INDEX(Calculation_mapping!$B$58:$E$75,MATCH($A8,Calculation_mapping!$B$58:$B$75,0),MATCH(C$1,Calculation_mapping!$B$58:$E$58,0)))*1000 -> 317.04221 | D8: =IFERROR(INDEX(data!$A$1:$J$385,MATCH($A8,data!$A:$A,0),MATCH(D$1,data!$1:$1,0)),INDEX(Calculation_mapping!$B$58:$E$75,MATCH($A8,Calculation_mapping!$B$58:$B$75,0),MATCH(D$1,Calculation_mapping!$B$58:$E$58,0)))*1000 -> 65.955807
A9: GM0141 | B9: =IFERROR(INDEX(data!$A$1:$J$385,MATCH($A9,data!$A:$A,0),MATCH(B$1,data!$1:$1,0)),INDEX(Calculation_mapping!$B$58:$E$75,MATCH($A9,Calculation_mapping!$B$58:$B$75,0),MATCH(B$1,Calculation_mapping!$B$58:$E$58,0)))*1000 -> 218.59215 | C9: =IFERROR(INDEX(data!$A$1:$J$385,MATCH($A9,data!$A:$A,0),MATCH(C$1,data!$1:$1,0)),INDEX(Calculation_mapping!$B$58:$E$75,MATCH($A9,Calculation_mapping!$B$58:$B$75,0),MATCH(C$1,Calculation_mapping!$B$58:$E$58,0)))*1000 -> 224.26839 | D9: =IFERROR(INDEX(data!$A$1:$J$385,MATCH($A9,data!$A:$A,0),MATCH(D$1,data!$1:$1,0)),INDEX(Calculation_mapping!$B$58:$E$75,MATCH($A9,Calculation_mapping!$B$58:$B$75,0),MATCH(D$1,Calculation_mapping!$B$58:$E$58,0)))*1000 -> 44.260345
A10: GM0034 | B10: =IFERROR(INDEX(data!$A$1:$J$385,MATCH($A10,data!$A:$A,0),MATCH(B$1,data!$1:$1,0)),INDEX(Calculation_mapping!$B$58:$E$75,MATCH($A10,Calculation_mapping!$B$58:$B$75,0),MATCH(B$1,Calculation_mapping!$B$58:$E$58,0)))*1000 -> 588.57011 | C10: =IFERROR(INDEX(data!$A$1:$J$385,MATCH($A10,data!$A:$A,0),MATCH(C$1,data!$1:$1,0)),INDEX(Calculation_mapping!$B$58:$E$75,MATCH($A10,Calculation_mapping!$B$58:$B$75,0),MATCH(C$1,Calculation_mapping!$B$58:$E$58,0)))*1000 -> 610.69085 | D10: =IFERROR(INDEX(data!$A$1:$J$385,MATCH($A10,data!$A:$A,0),MATCH(D$1,data!$1:$1,0)),INDEX(Calculation_mapping!$B$58:$E$75,MATCH($A10,Calculation_mapping!$B$58:$B$75,0),MATCH(D$1,Calculation_mapping!$B$58:$E$58,0)))*1000 -> 126.31474
A11: GM0484 | B11: =IFERROR(INDEX(data!$A$1:$J$385,MATCH($A11,data!$A:$A,0),MATCH(B$1,data!$1:$1,0)),INDEX(Calculation_mapping!$B$58:$E$75,MATCH($A11,Calculation_mapping!$B$58:$B$75,0),MATCH(B$1,Calculation_mapping!$B$58:$E$58,0)))*1000 -> 406.04847 | C11: =IFERROR(INDEX(data!$A$1:$J$385,MATCH($A11,data!$A:$A,0),MATCH(C$1,data!$1:$1,0)),INDEX(Calculation_mapping!$B$58:$E$75,MATCH($A11,Calculation_mapping!$B$58:$B$75,0),MATCH(C$1,Calculation_mapping!$B$58:$E$58,0)))*1000 -> 318.28344 | D11: =IFERROR(INDEX(data!$A$1:$J$385,MATCH($A11,data!$A:$A,0),MATCH(D$1,data!$1:$1,0)),INDEX(Calculation_mapping!$B$58:$E$75,MATCH($A11,Calculation_mapping!$B$58:$B$75,0),MATCH(D$1,Calculation_mapping!$B$58:$E$58,0)))*1000 -> 67.430969
A12: GM1723 | B12: =IFERROR(INDEX(data!$A$1:$J$385,MATCH($A12,data!$A:$A,0),MATCH(B$1,data!$1:$1,0)),INDEX(Calculation_mapping!$B$58:$E$75,MATCH($A12,Calculation_mapping!$B$58:$B$75,0),MATCH(B$1,Calculation_mapping!$B$58:$E$58,0)))*1000 -> 204.47047 | C12: =IFERROR(INDEX(data!$A$1:$J$385,MATCH($A12,data!$A:$A,0),MATCH(C$1,data!$1:$1,0)),INDEX(Calculation_mapping!$B$58:$E$75,MATCH($A12,Calculation_mapping!$B$58:$B$75,0),MATCH(C$1,Calculation_mapping!$B$58:$E$58,0)))*1000 -> 107.02505 | D12: =IFERROR(INDEX(data!$A$1:$J$385,MATCH($A12,data!$A:$A,0),MATCH(D$1,data!$1:$1,0)),INDEX(Calculation_mapping!$B$58:$E$75,MATCH($A12,Calculation_mapping!$B$58:$B$75,0),MATCH(D$1,Calculation_mapping!$B$58:$E$58,0)))*1000 -> 6.1661552
A13: GM1959 | B13: =IFERROR(INDEX(data!$A$1:$J$385,MATCH($A13,data!$A:$A,0),MATCH(B$1,data!$1:$1,0)),INDEX(Calculation_mapping!$B$58:$E$75,MATCH($A13,Calculation_mapping!$B$58:$B$75,0),MATCH(B$1,Calculation_mapping!$B$58:$E$58,0)))*1000 -> 643.2952 | C13: =IFERROR(INDEX(data!$A$1:$J$385,MATCH($A13,data!$A:$A,0),MATCH(C$1,data!$1:$1,0)),INDEX(Calculation_mapping!$B$58:$E$75,MATCH($A13,Calculation_mapping!$B$58:$B$75,0),MATCH(C$1,Calculation_mapping!$B$58:$E$58,0)))*1000 -> 232.17257 | D13: =IFERROR(INDEX(data!$A$1:$J$385,MATCH($A13,data!$A:$A,0),MATCH(D$1,data!$1:$1,0)),INDEX(Calculation_mapping!$B$58:$E$75,MATCH($A13,Calculation_mapping!$B$58:$B$75,0),MATCH(D$1,Calculation_mapping!$B$58:$E$58,0)))*1000 -> 33.650475
... A343: GM0193 | B343: =IFERROR(INDEX(data!$A$1:$J$385,MATCH($A343,data!$A:$A,0),MATCH(B$1,data!$1:$1,0)),INDEX(Calculation_mapping!$B$58:$E$75,MATCH($A343,Calculation_mapping!$B$58:$B$75,0),MATCH(B$1,Calculation_mapping!$B$58:$E$58,0)))*1000 -> 383.96941 | C343: =IFERROR(INDEX(data!$A$1:$J$385,MATCH($A343,data!$A:$A,0),MATCH(C$1,data!$1:$1,0)),INDEX(Calculation_mapping!$B$58:$E$75,MATCH($A343,Calculation_mapping!$B$58:$B$75,0),MATCH(C$1,Calculation_mapping!$B$58:$E$58,0)))*1000 -> 357.32033 | D343: =IFERROR(INDEX(data!$A$1:$J$385,MATCH($A343,data!$A:$A,0),MATCH(D$1,data!$1:$1,0)),INDEX(Calculation_mapping!$B$58:$E$75,MATCH($A343,Calculation_mapping!$B$58:$B$75,0),MATCH(D$1,Calculation_mapping!$B$58:$E$58,0)))*1000 -> 77.462439

Sheet Calculation_mapping
A1: Oude gemeente | B1: code | C1: Nieuwe gemeente | D1: code_2 | E1: energy_production_wet_biomass_max_demand | F1: energy_production_dry_biomass_max_demand | G1: energy_production_oily_biomass_max_demand
A2: Aalburg | B2: GM0738 | C2: Altena | D2: GM1959 | E2: =INDEX(data!$A$1:$J$385,MATCH($B2,data!$A:$A,0),MATCH(E$1,data!$1:$1,0)) -> 0.135413 | F2: =INDEX(data!$A$1:$J$385,MATCH($B2,data!$A:$A,0),MATCH(F$1,data!$1:$1,0)) -> 0.050706043 | G2: =INDEX(data!$A$1:$J$385,MATCH($B2,data!$A:$A,0),MATCH(G$1,data!$1:$1,0)) -> 0.0080933446
A3: Onderbanken | B3: GM0881 | C3: Beekdaelen | D3: GM1954 | E3: =INDEX(data!$A$1:$J$385,MATCH($B3,data!$A:$A,0),MATCH(E$1,data!$1:$1,0)) -> 0.02960459 | F3: =INDEX(data!$A$1:$J$385,MATCH($B3,data!$A:$A,0),MATCH(F$1,data!$1:$1,0)) -> 0.02951955 | G3: =INDEX(data!$A$1:$J$385,MATCH($B3,data!$A:$A,0),MATCH(G$1,data!$1:$1,0)) -> 0.004728054
A4: Zederik | B4: GM0707 | C4: Vijfheerenlanden | D4: GM1961 | E4: =INDEX(data!$A$1:$J$385,MATCH($B4,data!$A:$A,0),MATCH(E$1,data!$1:$1,0)) -> #N/A | F4: =INDEX(data!$A$1:$J$385,MATCH($B4,data!$A:$A,0),MATCH(F$1,data!$1:$1,0)) -> #N/A | G4: =INDEX(data!$A$1:$J$385,MATCH($B4,data!$A:$A,0),MATCH(G$1,data!$1:$1,0)) -> #N/A
A5: Franekeradeel | B5: GM0070 | C5: Waadhoeke | D5: GM1949 | E5: =INDEX(data!$A$1:$J$385,MATCH($B5,data!$A:$A,0),MATCH(E$1,data!$1:$1,0)) -> #N/A | F5: =INDEX(data!$A$1:$J$385,MATCH($B5,data!$A:$A,0),MATCH(F$1,data!$1:$1,0)) -> #N/A | G5: =INDEX(data!$A$1:$J$385,MATCH($B5,data!$A:$A,0),MATCH(G$1,data!$1:$1,0)) -> #N/A
A6: Geldermalsen | B6: GM0236 | C6: West Betuwe | D6: GM1960 | E6: =INDEX(data!$A$1:$J$385,MATCH($B6,data!$A:$A,0),MATCH(E$1,data!$1:$1,0)) -> #N/A | F6: =INDEX(data!$A$1:$J$385,MATCH($B6,data!$A:$A,0),MATCH(F$1,data!$1:$1,0)) -> #N/A | G6: =INDEX(data!$A$1:$J$385,MATCH($B6,data!$A:$A,0),MATCH(G$1,data!$1:$1,0)) -> #N/A
A7: Marum | B7: GM0025 | C7: Westerkwartier | D7: GM1969 | E7: =INDEX(data!$A$1:$J$385,MATCH($B7,data!$A:$A,0),MATCH(E$1,data!$1:$1,0)) -> 0.11961962 | F7: =INDEX(data!$A$1:$J$385,MATCH($B7,data!$A:$A,0),MATCH(F$1,data!$1:$1,0)) -> 0.046582139 | G7: =INDEX(data!$A$1:$J$385,MATCH($B7,data!$A:$A,0),MATCH(G$1,data!$1:$1,0)) -> 0.0063696888
A8: Bellingwedde | B8: GM0007 | C8: Westerwolde | D8: GM1950 | E8: =INDEX(data!$A$1:$J$385,MATCH($B8,data!$A:$A,0),MATCH(E$1,data!$1:$1,0)) -> #N/A | F8: =INDEX(data!$A$1:$J$385,MATCH($B8,data!$A:$A,0),MATCH(F$1,data!$1:$1,0)) -> #N/A | G8: =INDEX(data!$A$1:$J$385,MATCH($B8,data!$A:$A,0),MATCH(G$1,data!$1:$1,0)) -> #N/A
A9: Woudrichem | B9: GM0874 | C9: Altena | D9: GM1959 | E9: =INDEX(data!$A$1:$J$385,MATCH($B9,data!$A:$A,0),MATCH(E$1,data!$1:$1,0)) -> 0.15373995 | F9: =INDEX(data!$A$1:$J$385,MATCH($B9,data!$A:$A,0),MATCH(F$1,data!$1:$1,0)) -> 0.077058053 | G9: =INDEX(data!$A$1:$J$385,MATCH($B9,data!$A:$A,0),MATCH(G$1,data!$1:$1,0)) -> 0.0089737031
A10: Nuth | B10: GM0951 | C10: Beekdaelen | D10: GM1954 | E10: =INDEX(data!$A$1:$J$385,MATCH($B10,data!$A:$A,0),MATCH(E$1,data!$1:$1,0)) -> 0.059147119 | F10: =INDEX(data!$A$1:$J$385,MATCH($B10,data!$A:$A,0),MATCH(F$1,data!$1:$1,0)) -> 0.050337816 | G10: =INDEX(data!$A$1:$J$385,MATCH($B10,data!$A:$A,0),MATCH(G$1,data!$1:$1,0)) -> 0.0092270568
A11: Vianen | B11: GM0620 | C11: Vijfheerenlanden | D11: GM1961 | E11: =INDEX(data!$A$1:$J$385,MATCH($B11,data!$A:$A,0),MATCH(E$1,data!$1:$1,0)) -> #N/A | F11: =INDEX(data!$A$1:$J$385,MATCH($B11,data!$A:$A,0),MATCH(F$1,data!$1:$1,0)) -> #N/A | G11: =INDEX(data!$A$1:$J$385,MATCH($B11,data!$A:$A,0),MATCH(G$1,data!$1:$1,0)) -> #N/A
A12: het Bildt | B12: GM0063 | C12: Waadhoeke | D12: GM1949 | E12: =INDEX(data!$A$1:$J$385,MATCH($B12,data!$A:$A,0),MATCH(E$1,data!$1:$1,0)) -> #N/A | F12: =INDEX(data!$A$1:$J$385,MATCH($B12,data!$A:$A,0),MATCH(F$1,data!$1:$1,0)) -> #N/A | G12: =INDEX(data!$A$1:$J$385,MATCH($B12,data!$A:$A,0),MATCH(G$1,data!$1:$1,0)) -> #N/A
A13: Lingewaal | B13: GM0733 | C13: West Betuwe | D13: GM1960 | E13: =INDEX(data!$A$1:$J$385,MATCH($B13,data!$A:$A,0),MATCH(E$1,data!$1:$1,0)) -> #N/A | F13: =INDEX(data!$A$1:$J$385,MATCH($B13,data!$A:$A,0),MATCH(F$1,data!$1:$1,0)) -> #N/A | G13: =INDEX(data!$A$1:$J$385,MATCH($B13,data!$A:$A,0),MATCH(G$1,data!$1:$1,0)) -> #N/A
... A55: Heerhugowaard | B55: GM0398 | C55: Dijk en Waard | D55: GM1981 | E55: =INDEX(data!$A$1:$J$385,MATCH($B55,data!$A:$A,0),MATCH(E$1,data!$1:$1,0)) -> 0.14906539 | F55: =INDEX(data!$A$1:$J$385,MATCH($B55,data!$A:$A,0),MATCH(F$1,data!$1:$1,0)) -> 0.16472114 | G55: =INDEX(data!$A$1:$J$385,MATCH($B55,data!$A:$A,0),MATCH(G$1,data!$1:$1,0)) -> 0.034474331
A58: gemeente | B58: code | C58: energy_production_wet_biomass_max_demand | D58: energy_production_dry_biomass_max_demand | E58: energy_production_oily_biomass_max_demand
A59: Altena | B59: GM1959 | C59: =SUMIF($D$2:$D$55,$B59,$E$2:$E$55) -> 0.6432952 | D59: =SUMIF($D$2:$D$55,$B59,$F$2:$F$55) -> 0.23217257 | E59: =SUMIF($D$2:$D$55,$B59,$G$2:$G$55) -> 0.033650475
A60: Beekdaelen | B60: GM1954 | C60: =SUMIF($D$2:$D$55,$B60,$E$2:$E$55) -> 0.12833467 | D60: =SUMIF($D$2:$D$55,$B60,$F$2:$F$55) -> 0.12376643 | E60: =SUMIF($D$2:$D$55,$B60,$G$2:$G$55) -> 0.021706398
A61: Vijfheerenlanden | B61: GM1961 | C61: =SUMIF($D$2:$D$55,$B61,$E$2:$E$55) -> #N/A | D61: =SUMIF($D$2:$D$55,$B61,$F$2:$F$55) -> #N/A | E61: =SUMIF($D$2:$D$55,$B61,$G$2:$G$55) -> #N/A
A62: Waadhoeke | B62: GM1949 | C62: =SUMIF($D$2:$D$55,$B62,$E$2:$E$55) -> #N/A | D62: =SUMIF($D$2:$D$55,$B62,$F$2:$F$55) -> #N/A | E62: =SUMIF($D$2:$D$55,$B62,$G$2:$G$55) -> #N/A
A63: West Betuwe | B63: GM1960 | C63: =SUMIF($D$2:$D$55,$B63,$E$2:$E$55) -> #N/A | D63: =SUMIF($D$2:$D$55,$B63,$F$2:$F$55) -> #N/A | E63: =SUMIF($D$2:$D$55,$B63,$G$2:$G$55) -> #N/A
A64: Westerkwartier | B64: GM1969 | C64: =SUMIF($D$2:$D$55,$B64,$E$2:$E$55) -> 0.70880231 | D64: =SUMIF($D$2:$D$55,$B64,$F$2:$F$55) -> 0.3176045 | E64: =SUMIF($D$2:$D$55,$B64,$G$2:$G$55) -> 0.03734871
A65: Westerwolde | B65: GM1950 | C65: =SUMIF($D$2:$D$55,$B65,$E$2:$E$55) -> #N/A | D65: =SUMIF($D$2:$D$55,$B65,$F$2:$F$55) -> #N/A | E65: =SUMIF($D$2:$D$55,$B65,$G$2:$G$55) -> #N/A
A66: Hoeksche Waard | B66: GM1963 | C66: =SUMIF($D$2:$D$55,$B66,$E$2:$E$55) -> 0.88208486 | D66: =SUMIF($D$2:$D$55,$B66,$F$2:$F$55) -> 0.33528094 | E66: =SUMIF($D$2:$D$55,$B66,$G$2:$G$55) -> 0.052648965
A67: Het hogeland | B67: GM1966 | C67: =SUMIF($D$2:$D$55,$B67,$E$2:$E$55) -> #N/A | D67: =SUMIF($D$2:$D$55,$B67,$F$2:$F$55) -> #N/A | E67: =SUMIF($D$2:$D$55,$B67,$G$2:$G$55) -> #N/A
A68: Midden-Groningen | B68: GM1952 | C68: =SUMIF($D$2:$D$55,$B68,$E$2:$E$55) -> #N/A | D68: =SUMIF($D$2:$D$55,$B68,$F$2:$F$55) -> #N/A | E68: =SUMIF($D$2:$D$55,$B68,$G$2:$G$55) -> #N/A
A69: Molenlanden | B69: GM1978 | C69: =SUMIF($D$2:$D$55,$B69,$E$2:$E$55) -> 0.51389615 | D69: =SUMIF($D$2:$D$55,$B69,$F$2:$F$55) -> 0.16875871 | E69: =SUMIF($D$2:$D$55,$B69,$G$2:$G$55) -> 0.026646491
A70: Noardeast-Fryslân | B70: GM1970 | C70: =SUMIF($D$2:$D$55,$B70,$E$2:$E$55) -> 1.152551 | D70: =SUMIF($D$2:$D$55,$B70,$F$2:$F$55) -> 0.29511998 | E70: =SUMIF($D$2:$D$55,$B70,$G$2:$G$55) -> 0.027450297
... A75: Dijk en Waard | B75: GM1980 | C75: =SUMIF($D$2:$D$55,$B75,$E$2:$E$55) -> 0.10156538 | D75: =SUMIF($D$2:$D$55,$B75,$F$2:$F$55) -> 0.074479586 | E75: =SUMIF($D$2:$D$55,$B75,$G$2:$G$55) -> 0.017006899

Sheet Source_GM_code_CBS
A1: Gemeentecode | B1: GemeentecodeGM | C1: Gemeentenaam | D1: Provinciecode | E1: ProvinciecodePV | F1: Provincienaam
A2: 1680 | B2: GM1680 | C2: Aa en Hunze | D2: 22 | E2: PV22 | F2: Drenthe
A3: 0358 | B3: GM0358 | C3: Aalsmeer | D3: 27 | E3: PV27 | F3: Noord-Holland
A4: 0197 | B4: GM0197 | C4: Aalten | D4: 25 | E4: PV25 | F4: Gelderland
A5: 0059 | B5: GM0059 | C5: Achtkarspelen | D5: 21 | E5: PV21 | F5: Fryslân
A6: 0482 | B6: GM0482 | C6: Alblasserdam | D6: 28 | E6: PV28 | F6: Zuid-Holland
A7: 0613 | B7: GM0613 | C7: Albrandswaard | D7: 28 | E7: PV28 | F7: Zuid-Holland
A8: 0361 | B8: GM0361 | C8: Alkmaar | D8: 27 | E8: PV27 | F8: Noord-Holland
A9: 0141 | B9: GM0141 | C9: Almelo | D9: 23 | E9: PV23 | F9: Overijssel
A10: 0034 | B10: GM0034 | C10: Almere | D10: 24 | E10: PV24 | F10: Flevoland
A11: 0484 | B11: GM0484 | C11: Alphen aan den Rijn | D11: 28 | E11: PV28 | F11: Zuid-Holland
A12: 1723 | B12: GM1723 | C12: Alphen-Chaam | D12: 30 | E12: PV30 | F12: Noord-Brabant
... A343: 0193 | B343: GM0193 | C343: Zwolle | D343: 23 | E343: PV23 | F343: Overijssel

Sheet Overzicht
A1: SECTOR | B1: PRODUCT | C1: SOORT | D1: MAX_DEMAND PJ (droge stof basis) | E1: DEMAND 2015 PJ (droge stof basis) | F1: Verdeelsleutel
A2: Voedings en genotmiddelen industrie | B2: Frituur en restvettten | C2: VET | D2: 10.5 | E2: 10.5 | F2: Bevolking (aantal)
B3: Natte stromen VGI | C3: NAT | D3: 6.5 | E3: 3.6 | F3: Cultuurgrond - blijvend grasland (are)
A4: RWZI/AWZI-slib | B4: Slib RWZI | C4: NAT | D4: 3.52 | E4: 2.4 | F4: Bevolking (aantal)
B5: Slib AWZI | C5: NAT | D5: 1.353 | E5: 0.42 | F5: Cultuurgrond - blijvend grasland (are)
B6: Slib verbrand | C6: AFVAL | D6: 3.39526 | E6: 3.6 | F6: Bevolking (aantal)
A7: Agrarische reststromen | B7: Drijfmest | C7: NAT | D7: 25 | E7: 2.5 | F7: Drijfmest_verdeelsleutel | G7: 0,84*mln melkoeien/1,62 mln+0,16*mln varkens/12,4mln
B8: Droge mest | C8: DROOG | D8: 8.8 | E8: 8.8 | F8: Droge_mest_verdeelsleutel | G8: 0,26*mln melkoeien/1,62 mln+0,74*mln kippen/97mln
B9: Stro | C9: DROOG | D9: 2.6 | E9: 0 | F9: Granen (are)
B10: Natte gewasresten | C10: NAT | D10: 11 | E10: 3 | F10: Akkerbouwgroenten (are)
A11: Groente-, Fruit- en Tuinafval & Organische Natte Fractie (GFT en ONF) | B11: GFT | C11: NAT | D11: 8.7 | E11: 3.5625 | F11: Bevolking (aantal)
B12: ONF in Afval (NAT) | C12: NAT | D12: 1.8 | E12: 0.6375 | F12: Bevolking (aantal)
B13: ONF in Afval (AFVAL) | C13: AFVAL | D13: 3.6864 | E13: 4.9 | F13: Bevolking (aantal)
B14: Zeefoverloop | C14: DROOG | D14: 0.728 | E14: 0.156 | F14: Bevolking (aantal)
A15: Droge biomassa | B15: Resthout uit houtverwerkende industrie | C15: DROOG | D15: 5.32 | E15: 4 | F15: Bevolking (aantal)
B16: Afvalhout | C16: DROOG | D16: 19.76 | E16: 12.5 | F16: Bevolking (aantal)
B17: Afvalhout particulier | C17: DROOG | D17: 2 | E17: 2 | F17: Bevolking (aantal)
B18: Papierresiduen | C18: AFVAL | D18: 2.3 | E18: 1.1 | F18: Bevolking (aantal)
B19: Papier in Afval | C19: AFVAL | D19: 12 | E19: 12 | F19: Bevolking (aantal)
A20: Nederlandse productiebossen | B20: Productiebos | C20: DROOG | D20: 3.2 | E20: 1.9 | F20: Bos (ha)
B21: Productiebos particulier | C21: DROOG | D21: 4 | E21: 4 | F21: Bevolking (aantal)
B22: Korte omloop bomen | C22: DROOG | D22: 0.000855 | E22: 0.000855 | F22: Totaal agrarisch terrein (ha)
B23: Korte omloop bomen (bijschatting) | C23: DROOG | D23: 0.38 | E23: 0 | F23: Totaal agrarisch terrein (ha)
B24: Import/onbekend particulier | C24: DROOG | D24: 2 | E24: 2 | F24: Bevolking (aantal)
A25: Natuur en landschapsbeheer | B25: Hout van fruit- en boomteelt | C25: DROOG | D25: 0.396 | E25: 0.02 | F25: Totaal agrarisch terrein (ha)
B26: Hout uit landschap | C26: DROOG | D26: 4.752 | E26: 5 | F26: Hout_uit_landschap_verdeelsleutel | G26: ?? 0,5*km totaal gemeentelijke en waterschapswegen/126523 km + 0,5* ha park en plantsoen/30819 ha
B27: Tuin/landbouw/openbaar groen | C27: DROOG | D27: 7 | E27: 7 | F27: Bevolking (aantal)
B28: Natuurgras+bermgras | C28: NAT | D28: 5 | E28: 0.4 | F28: Natuurgras+bermgras_verdeelsleutel | G28: ?? 0,4*km totaal gemeentelijke en waterschapswegen/126523 km + 0,6* ha bos/341270 ha (er zijn geen betere indicatoren)
B29: Heide | C29: DROOG | D29: 0.023375 | E29: 0 | F29: Open droog natuurlijk terrein (ha)
A30: Aquatische biomassa | B30: Riet en andere waterplanten | C30: NAT | D30: 18 | E30: 0 | F30: Open nat natuurlijk terrein + recreatief binnenwater + overig binnenwater (ha)
B31: Microalgen | C31: NAT | D31: 1.5 | E31: 0 | F31: Totaal agrarisch terrein (ha)
B32: Zeewier | C32: NAT | D32: 12 | E32: 0 | F32: Bevolking (aantal)
A33: Energieteelt | B33: Totale natte energieteelt | C33: NAT | D33: 3.5 | E33: 0.26 | F33: Totaal agrarisch terrein (ha)
B34: Totale droge energieteelt | C34: DROOG | D34: 1.2 | E34: 0.04 | F34: Totaal agrarisch terrein (ha)
B35: Grassoorten op zoute grond | C35: NAT | D35: 12 | E35: 0 | F35: Grassoorten_op_zoute_grond_verdeelsleutel | G35: 50% zeeland, 10% noord Holland 40% Groningen
G36: Noord Beveland 10% Veere 20% Vlissingen 10% Middelburg 10% Texel 10% Het Hogeland 40%
B38: TOTAAL
B39: NATTE BIOMASSA | D39: =SUMIF(C2:C35,"NAT",D2:D35) -> 109.873 | E39: =SUMIF(C$2:C$35,"NAT",E$2:E$35) -> 16.78
B40: DROGE BIOMASSA | D40: =SUMIF($C2:C$37,"DROOG",D2:D37) -> 62.16023 | E40: =SUMIF($C2:D$37,"DROOG",E2:E37) -> 47.416855
B41: VETHOUDENDE BIOMASSA | D41: =SUMIF($C2:$C37,"VET",D2:D37) -> 10.5 | E41: =SUMIF($C2:$C37,"VET",E2:E37) -> 10.5
B42: BIOGEEN AFVAL | D42: =SUMIF($C2:$C37,"AFVAL",D2:D37) -> 21.38166 | E42: =SUMIF($C2:$C37,"AFVAL",E2:E37) -> 21.6
B76: 0
B77: 0
B79: 0
B80: 0

Sheet Verdeelsleutels_absoluut
B1: geo_id | D1: Bevolking (aantal) | E1: Cultuurgrond (are) | F1: Blijvend grasland (are) | G1: Melk- en kalfkoeien (>= 2 jaar) (aantal) | H1: Varkens | I1: Kippen | J1: Granen (are) | K1: Akkerbouwgroenten (are) | L1: Cultuurgrond - blijvend grasland (are) | M1: Totaal agrarisch terrein (ha) | N1: Park en plantsoen (ha) | O1: Bos (ha) | P1: Open droog natuurlijk terrein (ha) | Q1: Open nat natuurlijk terrein (ha) | R1: Recreatief binnenwater (ha) | S1: Overig binnenwater (ha) | T1: Open nat natuurlijk terrein + recreatief binnenwater + overig binnenwater (ha) | U1: Totaal gemeentelijke en waterschapswegen [km]
C2: Nederland | D2: =INDEX(CBS_bevolking_2018!B:C,MATCH(Verdeelsleutels_absoluut!C2,CBS_bevolking_2018!B:B,0),2) -> 17282163 | E2: =INDEX(CBS_landbouw_2018!$C:$I,MATCH(Verdeelsleutels_absoluut!$C2,CBS_landbouw_2018!$B:$B,0),MATCH(Verdeelsleutels_absoluut!E$1,CBS_landbouw_2018!$C$1:$I$1,0)) -> 176837075 | F2: =INDEX(CBS_landbouw_2018!$C:$I,MATCH(Verdeelsleutels_absoluut!$C2,CBS_landbouw_2018!$B:$B,0),MATCH(Verdeelsleutels_absoluut!F$1,CBS_landbouw_2018!$C$1:$I$1,0)) -> 68373958 | G2: =INDEX(CBS_landbouw_2018!$C:$I,MATCH(Verdeelsleutels_absoluut!$C2,CBS_landbouw_2018!$B:$B,0),MATCH(Verdeelsleutels_absoluut!G$1,CBS_landbouw_2018!$C$1:$I$1,0)) -> 1621914 | H2: =INDEX(CBS_landbouw_2018!$C:$I,MATCH(Verdeelsleutels_absoluut!$C2,CBS_landbouw_2018!$B:$B,0),MATCH(Verdeelsleutels_absoluut!H$1,CBS_landbouw_2018!$C$1:$I$1,0)) -> 12406749 | I2: =INDEX(CBS_landbouw_2018!$C:$I,MATCH(Verdeelsleutels_absoluut!$C2,CBS_landbouw_2018!$B:$B,0),MATCH(Verdeelsleutels_absoluut!I$1,CBS_landbouw_2018!$C$1:$I$1,0)) -> 96985787 | J2: =INDEX(CBS_landbouw_2018!$C:$I,MATCH(Verdeelsleutels_absoluut!$C2,CBS_landbouw_2018!$B:$B,0),MATCH(Verdeelsleutels_absoluut!J$1,CBS_landbouw_2018!$C$1:$I$1,0)) -> 16756666 | K2: =INDEX(CBS_landbouw_2018!$C:$I,MATCH(Verdeelsleutels_absoluut!$C2,CBS_landbouw_2018!$B:$B,0),MATCH(Verdeelsleutels_absoluut!K$1,CBS_landbouw_2018!$C$1:$I$1,0)) -> 6053282 | L2: =E2-F2 -> 108463117 | M2: =INDEX(CBS_bodemgebruik_2015!$C:$F,MATCH(Verdeelsleutels_absoluut!$C2,CBS_bodemgebruik_2015!$B:$B,0),MATCH(Verdeelsleutels_absoluut!M$1,CBS_bodemgebruik_2015!$C$1:$F$1,0)) -> 2236317 | N2: =INDEX(CBS_bodemgebruik_2015!$C:$F,MATCH(Verdeelsleutels_absoluut!$C2,CBS_bodemgebruik_2015!$B:$B,0),MATCH(Verdeelsleutels_absoluut!N$1,CBS_bodemgebruik_2015!$C$1:$F$1,0)) -> 30819 | O2: =INDEX(CBS_bodemgebruik_2015!$C:$F,MATCH(Verdeelsleutels_absoluut!$C2,CBS_bodemgebruik_2015!$B:$B,0),MATCH(Verdeelsleutels_absoluut!O$1,CBS_bodemgebruik_2015!$C$1:$F$1,0)) -> 341270 | P2: =INDEX(CBS_bodemgebruik_2015!$C:$F,MATCH(Verdeelsleutels_absoluut!$C2,CBS_bodemgebruik_2015!$B:$B,0),MATCH(Verdeelsleutels_absoluut!P$1,CBS_bodemgebruik_2015!$C$1:$F$1,0)) -> 95055 | Q2: =INDEX(CBS_bodemgebruik_2015!$C:$I,MATCH(Verdeelsleutels_absoluut!$C2,CBS_bodemgebruik_2015!$B:$B,0),MATCH(Verdeelsleutels_absoluut!Q$1,CBS_bodemgebruik_2015!$C$1:$I$1,0)) -> 62631 | R2: =INDEX(CBS_bodemgebruik_2015!$C:$I,MATCH(Verdeelsleutels_absoluut!$C2,CBS_bodemgebruik_2015!$B:$B,0),MATCH(Verdeelsleutels_absoluut!R$1,CBS_bodemgebruik_2015!$C$1:$I$1,0)) -> 10544 | S2: =INDEX(CBS_bodemgebruik_2015!$C:$I,MATCH(Verdeelsleutels_absoluut!$C2,CBS_bodemgebruik_2015!$B:$B,0),MATCH(Verdeelsleutels_absoluut!S$1,CBS_bodemgebruik_2015!$C$1:$I$1,0)) -> 107129 | T2: =SUM(Q2:S2) -> 180304 | U2: =INDEX(CBS_wegen_2019!B:C,MATCH(C2,CBS_wegen_2019!B:B,0),2) -> 126523
A4: Provincies | B4: PV20 | C4: Groningen (PV) | D4: =INDEX(CBS_bevolking_2018!B:C,MATCH(Verdeelsleutels_absoluut!C4,CBS_bevolking_2018!B:B,0),2) -> 583990 | E4: =INDEX(CBS_landbouw_2018!$C:$I,MATCH(Verdeelsleutels_absoluut!$C4,CBS_landbouw_2018!$B:$B,0),MATCH(Verdeelsleutels_absoluut!E$1,CBS_landbouw_2018!$C$1:$I$1,0)) -> 15828796 | F4: =INDEX(CBS_landbouw_2018!$C:$I,MATCH(Verdeelsleutels_absoluut!$C4,CBS_landbouw_2018!$B:$B,0),MATCH(Verdeelsleutels_absoluut!F$1,CBS_landbouw_2018!$C$1:$I$1,0)) -> 4821022 | G4: =INDEX(CBS_landbouw_2018!$C:$I,MATCH(Verdeelsleutels_absoluut!$C4,CBS_landbouw_2018!$B:$B,0),MATCH(Verdeelsleutels_absoluut!G$1,CBS_landbouw_2018!$C$1:$I$1,0)) -> 105790 | H4: =INDEX(CBS_landbouw_2018!$C:$I,MATCH(Verdeelsleutels_absoluut!$C4,CBS_landbouw_2018!$B:$B,0),MATCH(Verdeelsleutels_absoluut!H$1,CBS_landbouw_2018!$C$1:$I$1,0)) -> 178548 | I4: =INDEX(CBS_landbouw_2018!$C:$I,MATCH(Verdeelsleutels_absoluut!$C4,CBS_landbouw_2018!$B:$B,0),MATCH(Verdeelsleutels_absoluut!I$1,CBS_landbouw_2018!$C$1:$I$1,0)) -> 4685331 | J4: =INDEX(CBS_landbouw_2018!$C:$I,MATCH(Verdeelsleutels_absoluut!$C4,CBS_landbouw_2018!$B:$B,0),MATCH(Verdeelsleutels_absoluut!J$1,CBS_landbouw_2018!$C$1:$I$1,0)) -> 3635021 | K4: =INDEX(CBS_landbouw_2018!$C:$I,MATCH(Verdeelsleutels_absoluut!$C4,CBS_landbouw_2018!$B:$B,0),MATCH(Verdeelsleutels_absoluut!K$1,CBS_landbouw_2018!$C$1:$I$1,0)) -> 256628 | L4: =E4-F4 -> 11007774 | M4: =INDEX(CBS_bodemgebruik_2015!$C:$F,MATCH(Verdeelsleutels_absoluut!$C4,CBS_bodemgebruik_2015!$B:$B,0),MATCH(Verdeelsleutels_absoluut!M$1,CBS_bodemgebruik_2015!$C$1:$F$1,0)) -> 187007 | N4: =INDEX(CBS_bodemgebruik_2015!$C:$F,MATCH(Verdeelsleutels_absoluut!$C4,CBS_bodemgebruik_2015!$B:$B,0),MATCH(Verdeelsleutels_absoluut!N$1,CBS_bodemgebruik_2015!$C$1:$F$1,0)) -> 1410 | O4: =INDEX(CBS_bodemgebruik_2015!$C:$F,MATCH(Verdeelsleutels_absoluut!$C4,CBS_bodemgebruik_2015!$B:$B,0),MATCH(Verdeelsleutels_absoluut!O$1,CBS_bodemgebruik_2015!$C$1:$F$1,0)) -> 6383 | P4: =INDEX(CBS_bodemgebruik_2015!$C:$I,MATCH(Verdeelsleutels_absoluut!$C4,CBS_bodemgebruik_2015!$B:$B,0),MATCH(Verdeelsleutels_absoluut!P$1,CBS_bodemgebruik_2015!$C$1:$I$1,0)) -> 3210 | Q4: =INDEX(CBS_bodemgebruik_2015!$C:$I,MATCH(Verdeelsleutels_absoluut!$C4,CBS_bodemgebruik_2015!$B:$B,0),MATCH(Verdeelsleutels_absoluut!Q$1,CBS_bodemgebruik_2015!$C$1:$I$1,0)) -> 5316 | R4: =INDEX(CBS_bodemgebruik_2015!$C:$I,MATCH(Verdeelsleutels_absoluut!$C4,CBS_bodemgebruik_2015!$B:$B,0),MATCH(Verdeelsleutels_absoluut!R$1,CBS_bodemgebruik_2015!$C$1:$I$1,0)) -> 393 | S4: =INDEX(CBS_bodemgebruik_2015!$C:$I,MATCH(Verdeelsleutels_absoluut!$C4,CBS_bodemgebruik_2015!$B:$B,0),MATCH(Verdeelsleutels_absoluut!S$1,CBS_bodemgebruik_2015!$C$1:$I$1,0)) -> 6117 | T4: =SUM(Q4:S4) -> 11826 | U4: =INDEX(CBS_wegen_2019!B:C,MATCH(C4,CBS_wegen_2019!B:B,0),2) -> 5922
B5: PV21 | C5: Friesland (PV) | D5: =INDEX(CBS_bevolking_2018!B:C,MATCH(Verdeelsleutels_absoluut!C5,CBS_bevolking_2018!B:B,0),2) -> 647672 | E5: =INDEX(CBS_landbouw_2018!$C:$I,MATCH(Verdeelsleutels_absoluut!$C5,CBS_landbouw_2018!$B:$B,0),MATCH(Verdeelsleutels_absoluut!E$1,CBS_landbouw_2018!$C$1:$I$1,0)) -> 21718364 | F5: =INDEX(CBS_landbouw_2018!$C:$I,MATCH(Verdeelsleutels_absoluut!$C5,CBS_landbouw_2018!$B:$B,0),MATCH(Verdeelsleutels_absoluut!F$1,CBS_landbouw_2018!$C$1:$I$1,0)) -> 15396762 | G5: =INDEX(CBS_landbouw_2018!$C:$I,MATCH(Verdeelsleutels_absoluut!$C5,CBS_landbouw_2018!$B:$B,0),MATCH(Verdeelsleutels_absoluut!G$1,CBS_landbouw_2018!$C$1:$I$1,0)) -> 301603 | H5: =INDEX(CBS_landbouw_2018!$C:$I,MATCH(Verdeelsleutels_absoluut!$C5,CBS_landbouw_2018!$B:$B,0),MATCH(Verdeelsleutels_absoluut!H$1,CBS_landbouw_2018!$C$1:$I$1,0)) -> 112109 | I5: =INDEX(CBS_landbouw_2018!$C:$I,MATCH(Verdeelsleutels_absoluut!$C5,CBS_landbouw_2018!$B:$B,0),MATCH(Verdeelsleutels_absoluut!I$1,CBS_landbouw_2018!$C$1:$I$1,0)) -> 6886629 | J5: =INDEX(CBS_landbouw_2018!$C:$I,MATCH(Verdeelsleutels_absoluut!$C5,CBS_landbouw_2018!$B:$B,0),MATCH(Verdeelsleutels_absoluut!J$1,CBS_landbouw_2018!$C$1:$I$1,0)) -> 696744 | K5: =INDEX(CBS_landbouw_2018!$C:$I,MATCH(Verdeelsleutels_absoluut!$C5,CBS_landbouw_2018!$B:$B,0),MATCH(Verdeelsleutels_absoluut!K$1,CBS_landbouw_2018!$C$1:$I$1,0)) -> 133836 | L5: =E5-F5 -> 6321602 | M5: =INDEX(CBS_bodemgebruik_2015!$C:$F,MATCH(Verdeelsleutels_absoluut!$C5,CBS_bodemgebruik_2015!$B:$B,0),MATCH(Verdeelsleutels_absoluut!M$1,CBS_bodemgebruik_2015!$C$1:$F$1,0)) -> 257646 | N5: =INDEX(CBS_bodemgebruik_2015!$C:$F,MATCH(Verdeelsleutels_absoluut!$C5,CBS_bodemgebruik_2015!$B:$B,0),MATCH(Verdeelsleutels_absoluut!N$1,CBS_bodemgebruik_2015!$C$1:$F$1,0)) -> 1091 | O5: =INDEX(CBS_bodemgebruik_2015!$C:$F,MATCH(Verdeelsleutels_absoluut!$C5,CBS_bodemgebruik_2015!$B:$B,0),MATCH(Verdeelsleutels_absoluut!O$1,CBS_bodemgebruik_2015!$C$1:$F$1,0)) -> 11309 | P5: =INDEX(CBS_bodemgebruik_2015!$C:$I,MATCH(Verdeelsleutels_absoluut!$C5,CBS_bodemgebruik_2015!$B:$B,0),MATCH(Verdeelsleutels_absoluut!P$1,CBS_bodemgebruik_2015!$C$1:$I$1,0)) -> 15047 | Q5: =INDEX(CBS_bodemgebruik_2015!$C:$I,MATCH(Verdeelsleutels_absoluut!$C5,CBS_bodemgebruik_2015!$B:$B,0),MATCH(Verdeelsleutels_absoluut!Q$1,CBS_bodemgebruik_2015!$C$1:$I$1,0)) -> 14821 | R5: =INDEX(CBS_bodemgebruik_2015!$C:$I,MATCH(Verdeelsleutels_absoluut!$C5,CBS_bodemgebruik_2015!$B:$B,0),MATCH(Verdeelsleutels_absoluut!R$1,CBS_bodemgebruik_2015!$C$1:$I$1,0)) -> 562 | S5: =INDEX(CBS_bodemgebruik_2015!$C:$I,MATCH(Verdeelsleutels_absoluut!$C5,CBS_bodemgebruik_2015!$B:$B,0),MATCH(Verdeelsleutels_absoluut!S$1,CBS_bodemgebruik_2015!$C$1:$I$1,0)) -> 18972 | T5: =SUM(Q5:S5) -> 34355 | U5: =INDEX(CBS_wegen_2019!B:C,MATCH(C5,CBS_wegen_2019!B:B,0),2) -> 7993
B6: PV22 | C6: Drenthe (PV) | D6: =INDEX(CBS_bevolking_2018!B:C,MATCH(Verdeelsleutels_absoluut!C6,CBS_bevolking_2018!B:B,0),2) -> 492167 | E6: =INDEX(CBS_landbouw_2018!$C:$I,MATCH(Verdeelsleutels_absoluut!$C6,CBS_landbouw_2018!$B:$B,0),MATCH(Verdeelsleutels_absoluut!E$1,CBS_landbouw_2018!$C$1:$I$1,0)) -> 14455377 | F6: =INDEX(CBS_landbouw_2018!$C:$I,MATCH(Verdeelsleutels_absoluut!$C6,CBS_landbouw_2018!$B:$B,0),MATCH(Verdeelsleutels_absoluut!F$1,CBS_landbouw_2018!$C$1:$I$1,0)) -> 4012736 | G6: =INDEX(CBS_landbouw_2018!$C:$I,MATCH(Verdeelsleutels_absoluut!$C6,CBS_landbouw_2018!$B:$B,0),MATCH(Verdeelsleutels_absoluut!G$1,CBS_landbouw_2018!$C$1:$I$1,0)) -> 107155 | H6: =INDEX(CBS_landbouw_2018!$C:$I,MATCH(Verdeelsleutels_absoluut!$C6,CBS_landbouw_2018!$B:$B,0),MATCH(Verdeelsleutels_absoluut!H$1,CBS_landbouw_2018!$C$1:$I$1,0)) -> 226213 | I6: =INDEX(CBS_landbouw_2018!$C:$I,MATCH(Verdeelsleutels_absoluut!$C6,CBS_landbouw_2018!$B:$B,0),MATCH(Verdeelsleutels_absoluut!I$1,CBS_landbouw_2018!$C$1:$I$1,0)) -> 7020529 | J6: =INDEX(CBS_landbouw_2018!$C:$I,MATCH(Verdeelsleutels_absoluut!$C6,CBS_landbouw_2018!$B:$B,0),MATCH(Verdeelsleutels_absoluut!J$1,CBS_landbouw_2018!$C$1:$I$1,0)) -> 1383572 | K6: =INDEX(CBS_landbouw_2018!$C:$I,MATCH(Verdeelsleutels_absoluut!$C6,CBS_landbouw_2018!$B:$B,0),MATCH(Verdeelsleutels_absoluut!K$1,CBS_landbouw_2018!$C$1:$I$1,0)) -> 141259 | L6: =E6-F6 -> 10442641 | M6: =INDEX(CBS_bodemgebruik_2015!$C:$F,MATCH(Verdeelsleutels_absoluut!$C6,CBS_bodemgebruik_2015!$B:$B,0),MATCH(Verdeelsleutels_absoluut!M$1,CBS_bodemgebruik_2015!$C$1:$F$1,0)) -> 186226 | N6: =INDEX(CBS_bodemgebruik_2015!$C:$F,MATCH(Verdeelsleutels_absoluut!$C6,CBS_bodemgebruik_2015!$B:$B,0),MATCH(Verdeelsleutels_absoluut!N$1,CBS_bodemgebruik_2015!$C$1:$F$1,0)) -> 1003 | O6: =INDEX(CBS_bodemgebruik_2015!$C:$F,MATCH(Verdeelsleutels_absoluut!$C6,CBS_bodemgebruik_2015!$B:$B,0),MATCH(Verdeelsleutels_absoluut!O$1,CBS_bodemgebruik_2015!$C$1:$F$1,0)) -> 32599 | P6: =INDEX(CBS_bodemgebruik_2015!$C:$I,MATCH(Verdeelsleutels_absoluut!$C6,CBS_bodemgebruik_2015!$B:$B,0),MATCH(Verdeelsleutels_absoluut!P$1,CBS_bodemgebruik_2015!$C$1:$I$1,0)) -> 9603 | Q6: =INDEX(CBS_bodemgebruik_2015!$C:$I,MATCH(Verdeelsleutels_absoluut!$C6,CBS_bodemgebruik_2015!$B:$B,0),MATCH(Verdeelsleutels_absoluut!Q$1,CBS_bodemgebruik_2015!$C$1:$I$1,0)) -> 4773 | R6: =INDEX(CBS_bodemgebruik_2015!$C:$I,MATCH(Verdeelsleutels_absoluut!$C6,CBS_bodemgebruik_2015!$B:$B,0),MATCH(Verdeelsleutels_absoluut!R$1,CBS_bodemgebruik_2015!$C$1:$I$1,0)) -> 381 | S6: =INDEX(CBS_bodemgebruik_2015!$C:$I,MATCH(Verdeelsleutels_absoluut!$C6,CBS_bodemgebruik_2015!$B:$B,0),MATCH(Verdeelsleutels_absoluut!S$1,CBS_bodemgebruik_2015!$C$1:$I$1,0)) -> 3876 | T6: =SUM(Q6:S6) -> 9030 | U6: =INDEX(CBS_wegen_2019!B:C,MATCH(C6,CBS_wegen_2019!B:B,0),2) -> 6818
B7: PV23 | C7: Overijssel (PV) | D7: =INDEX(CBS_bevolking_2018!B:C,MATCH(Verdeelsleutels_absoluut!C7,CBS_bevolking_2018!B:B,0),2) -> 1156431 | E7: =INDEX(CBS_landbouw_2018!$C:$I,MATCH(Verdeelsleutels_absoluut!$C7,CBS_landbouw_2018!$B:$B,0),MATCH(Verdeelsleutels_absoluut!E$1,CBS_landbouw_2018!$C$1:$I$1,0)) -> 19249557 | F7: =INDEX(CBS_landbouw_2018!$C:$I,MATCH(Verdeelsleutels_absoluut!$C7,CBS_landbouw_2018!$B:$B,0),MATCH(Verdeelsleutels_absoluut!F$1,CBS_landbouw_2018!$C$1:$I$1,0)) -> 10542144 | G7: =INDEX(CBS_landbouw_2018!$C:$I,MATCH(Verdeelsleutels_absoluut!$C7,CBS_landbouw_2018!$B:$B,0),MATCH(Verdeelsleutels_absoluut!G$1,CBS_landbouw_2018!$C$1:$I$1,0)) -> 259468 | H7: =INDEX(CBS_landbouw_2018!$C:$I,MATCH(Verdeelsleutels_absoluut!$C7,CBS_landbouw_2018!$B:$B,0),MATCH(Verdeelsleutels_absoluut!H$1,CBS_landbouw_2018!$C$1:$I$1,0)) -> 1562448 | I7: =INDEX(CBS_landbouw_2018!$C:$I,MATCH(Verdeelsleutels_absoluut!$C7,CBS_landbouw_2018!$B:$B,0),MATCH(Verdeelsleutels_absoluut!I$1,CBS_landbouw_2018!$C$1:$I$1,0)) -> 11230759 | J7: =INDEX(CBS_landbouw_2018!$C:$I,MATCH(Verdeelsleutels_absoluut!$C7,CBS_landbouw_2018!$B:$B,0),MATCH(Verdeelsleutels_absoluut!J$1,CBS_landbouw_2018!$C$1:$I$1,0)) -> 455770 | K7: =INDEX(CBS_landbouw_2018!$C:$I,MATCH(Verdeelsleutels_absoluut!$C7,CBS_landbouw_2018!$B:$B,0),MATCH(Verdeelsleutels_absoluut!K$1,CBS_landbouw_2018!$C$1:$I$1,0)) -> 54391 | L7: =E7-F7 -> 8707413 | M7: =INDEX(CBS_bodemgebruik_2015!$C:$F,MATCH(Verdeelsleutels_absoluut!$C7,CBS_bodemgebruik_2015!$B:$B,0),MATCH(Verdeelsleutels_absoluut!M$1,CBS_bodemgebruik_2015!$C$1:$F$1,0)) -> 237910 | N7: =INDEX(CBS_bodemgebruik_2015!$C:$F,MATCH(Verdeelsleutels_absoluut!$C7,CBS_bodemgebruik_2015!$B:$B,0),MATCH(Verdeelsleutels_absoluut!N$1,CBS_bodemgebruik_2015!$C$1:$F$1,0)) -> 1933 | O7: =INDEX(CBS_bodemgebruik_2015!$C:$F,MATCH(Verdeelsleutels_absoluut!$C7,CBS_bodemgebruik_2015!$B:$B,0),MATCH(Verdeelsleutels_absoluut!O$1,CBS_bodemgebruik_2015!$C$1:$F$1,0)) -> 34474 | P7: =INDEX(CBS_bodemgebruik_2015!$C:$I,MATCH(Verdeelsleutels_absoluut!$C7,CBS_bodemgebruik_2015!$B:$B,0),MATCH(Verdeelsleutels_absoluut!P$1,CBS_bodemgebruik_2015!$C$1:$I$1,0)) -> 4396 | Q7: =INDEX(CBS_bodemgebruik_2015!$C:$I,MATCH(Verdeelsleutels_absoluut!$C7,CBS_bodemgebruik_2015!$B:$B,0),MATCH(Verdeelsleutels_absoluut!Q$1,CBS_bodemgebruik_2015!$C$1:$I$1,0)) -> 7664 | R7: =INDEX(CBS_bodemgebruik_2015!$C:$I,MATCH(Verdeelsleutels_absoluut!$C7,CBS_bodemgebruik_2015!$B:$B,0),MATCH(Verdeelsleutels_absoluut!R$1,CBS_bodemgebruik_2015!$C$1:$I$1,0)) -> 359 | S7: =INDEX(CBS_bodemgebruik_2015!$C:$I,MATCH(Verdeelsleutels_absoluut!$C7,CBS_bodemgebruik_2015!$B:$B,0),MATCH(Verdeelsleutels_absoluut!S$1,CBS_bodemgebruik_2015!$C$1:$I$1,0)) -> 7261 | T7: =SUM(Q7:S7) -> 15284 | U7: =INDEX(CBS_wegen_2019!B:C,MATCH(C7,CBS_wegen_2019!B:B,0),2) -> 12388
B8: PV24 | C8: Flevoland (PV) | D8: =INDEX(CBS_bevolking_2018!B:C,MATCH(Verdeelsleutels_absoluut!C8,CBS_bevolking_2018!B:B,0),2) -> 416546 | E8: =INDEX(CBS_landbouw_2018!$C:$I,MATCH(Verdeelsleutels_absoluut!$C8,CBS_landbouw_2018!$B:$B,0),MATCH(Verdeelsleutels_absoluut!E$1,CBS_landbouw_2018!$C$1:$I$1,0)) -> 8924087 | F8: =INDEX(CBS_landbouw_2018!$C:$I,MATCH(Verdeelsleutels_absoluut!$C8,CBS_landbouw_2018!$B:$B,0),MATCH(Verdeelsleutels_absoluut!F$1,CBS_landbouw_2018!$C$1:$I$1,0)) -> 402062 | G8: =INDEX(CBS_landbouw_2018!$C:$I,MATCH(Verdeelsleutels_absoluut!$C8,CBS_landbouw_2018!$B:$B,0),MATCH(Verdeelsleutels_absoluut!G$1,CBS_landbouw_2018!$C$1:$I$1,0)) -> 34867 | H8: =INDEX(CBS_landbouw_2018!$C:$I,MATCH(Verdeelsleutels_absoluut!$C8,CBS_landbouw_2018!$B:$B,0),MATCH(Verdeelsleutels_absoluut!H$1,CBS_landbouw_2018!$C$1:$I$1,0)) -> 49515 | I8: =INDEX(CBS_landbouw_2018!$C:$I,MATCH(Verdeelsleutels_absoluut!$C8,CBS_landbouw_2018!$B:$B,0),MATCH(Verdeelsleutels_absoluut!I$1,CBS_landbouw_2018!$C$1:$I$1,0)) -> 2746970 | J8: =INDEX(CBS_landbouw_2018!$C:$I,MATCH(Verdeelsleutels_absoluut!$C8,CBS_landbouw_2018!$B:$B,0),MATCH(Verdeelsleutels_absoluut!J$1,CBS_landbouw_2018!$C$1:$I$1,0)) -> 1415843 | K8: =INDEX(CBS_landbouw_2018!$C:$I,MATCH(Verdeelsleutels_absoluut!$C8,CBS_landbouw_2018!$B:$B,0),MATCH(Verdeelsleutels_absoluut!K$1,CBS_landbouw_2018!$C$1:$I$1,0)) -> 1798702 | L8: =E8-F8 -> 8522025 | M8: =INDEX(CBS_bodemgebruik_2015!$C:$F,MATCH(Verdeelsleutels_absoluut!$C8,CBS_bodemgebruik_2015!$B:$B,0),MATCH(Verdeelsleutels_absoluut!M$1,CBS_bodemgebruik_2015!$C$1:$F$1,0)) -> 98530 | N8: =INDEX(CBS_bodemgebruik_2015!$C:$F,MATCH(Verdeelsleutels_absoluut!$C8,CBS_bodemgebruik_2015!$B:$B,0),MATCH(Verdeelsleutels_absoluut!N$1,CBS_bodemgebruik_2015!$C$1:$F$1,0)) -> 1664 | O8: =INDEX(CBS_bodemgebruik_2015!$C:$F,MATCH(Verdeelsleutels_absoluut!$C8,CBS_bodemgebruik_2015!$B:$B,0),MATCH(Verdeelsleutels_absoluut!O$1,CBS_bodemgebruik_2015!$C$1:$F$1,0)) -> 17033 | P8: =INDEX(CBS_bodemgebruik_2015!$C:$I,MATCH(Verdeelsleutels_absoluut!$C8,CBS_bodemgebruik_2015!$B:$B,0),MATCH(Verdeelsleutels_absoluut!P$1,CBS_bodemgebruik_2015!$C$1:$I$1,0)) -> 2289 | Q8: =INDEX(CBS_bodemgebruik_2015!$C:$I,MATCH(Verdeelsleutels_absoluut!$C8,CBS_bodemgebruik_2015!$B:$B,0),MATCH(Verdeelsleutels_absoluut!Q$1,CBS_bodemgebruik_2015!$C$1:$I$1,0)) -> 3734 | R8: =INDEX(CBS_bodemgebruik_2015!$C:$I,MATCH(Verdeelsleutels_absoluut!$C8,CBS_bodemgebruik_2015!$B:$B,0),MATCH(Verdeelsleutels_absoluut!R$1,CBS_bodemgebruik_2015!$C$1:$I$1,0)) -> 472 | S8: =INDEX(CBS_bodemgebruik_2015!$C:$I,MATCH(Verdeelsleutels_absoluut!$C8,CBS_bodemgebruik_2015!$B:$B,0),MATCH(Verdeelsleutels_absoluut!S$1,CBS_bodemgebruik_2015!$C$1:$I$1,0)) -> 5020 | T8: =SUM(Q8:S8) -> 9226 | U8: =INDEX(CBS_wegen_2019!B:C,MATCH(C8,CBS_wegen_2019!B:B,0),2) -> 3116
B9: PV25 | C9: Gelderland (PV) | D9: =INDEX(CBS_bevolking_2018!B:C,MATCH(Verdeelsleutels_absoluut!C9,CBS_bevolking_2018!B:B,0),2) -> 2071972 | E9: =INDEX(CBS_landbouw_2018!$C:$I,MATCH(Verdeelsleutels_absoluut!$C9,CBS_landbouw_2018!$B:$B,0),MATCH(Verdeelsleutels_absoluut!E$1,CBS_landbouw_2018!$C$1:$I$1,0)) -> 22086318 | F9: =INDEX(CBS_landbouw_2018!$C:$I,MATCH(Verdeelsleutels_absoluut!$C9,CBS_landbouw_2018!$B:$B,0),MATCH(Verdeelsleutels_absoluut!F$1,CBS_landbouw_2018!$C$1:$I$1,0)) -> 11722450 | G9: =INDEX(CBS_landbouw_2018!$C:$I,MATCH(Verdeelsleutels_absoluut!$C9,CBS_landbouw_2018!$B:$B,0),MATCH(Verdeelsleutels_absoluut!G$1,CBS_landbouw_2018!$C$1:$I$1,0)) -> 241389 | H9: =INDEX(CBS_landbouw_2018!$C:$I,MATCH(Verdeelsleutels_absoluut!$C9,CBS_landbouw_2018!$B:$B,0),MATCH(Verdeelsleutels_absoluut!H$1,CBS_landbouw_2018!$C$1:$I$1,0)) -> 1902961 | I9: =INDEX(CBS_landbouw_2018!$C:$I,MATCH(Verdeelsleutels_absoluut!$C9,CBS_landbouw_2018!$B:$B,0),MATCH(Verdeelsleutels_absoluut!I$1,CBS_landbouw_2018!$C$1:$I$1,0)) -> 17580389 | J9: =INDEX(CBS_landbouw_2018!$C:$I,MATCH(Verdeelsleutels_absoluut!$C9,CBS_landbouw_2018!$B:$B,0),MATCH(Verdeelsleutels_absoluut!J$1,CBS_landbouw_2018!$C$1:$I$1,0)) -> 1011002 | K9: =INDEX(CBS_landbouw_2018!$C:$I,MATCH(Verdeelsleutels_absoluut!$C9,CBS_landbouw_2018!$B:$B,0),MATCH(Verdeelsleutels_absoluut!K$1,CBS_landbouw_2018!$C$1:$I$1,0)) -> 116160 | L9: =E9-F9 -> 10363868 | M9: =INDEX(CBS_bodemgebruik_2015!$C:$F,MATCH(Verdeelsleutels_absoluut!$C9,CBS_bodemgebruik_2015!$B:$B,0),MATCH(Verdeelsleutels_absoluut!M$1,CBS_bodemgebruik_2015!$C$1:$F$1,0)) -> 298443 | N9: =INDEX(CBS_bodemgebruik_2015!$C:$F,MATCH(Verdeelsleutels_absoluut!$C9,CBS_bodemgebruik_2015!$B:$B,0),MATCH(Verdeelsleutels_absoluut!N$1,CBS_bodemgebruik_2015!$C$1:$F$1,0)) -> 3088 | O9: =INDEX(CBS_bodemgebruik_2015!$C:$F,MATCH(Verdeelsleutels_absoluut!$C9,CBS_bodemgebruik_2015!$B:$B,0),MATCH(Verdeelsleutels_absoluut!O$1,CBS_bodemgebruik_2015!$C$1:$F$1,0)) -> 93292 | P9: =INDEX(CBS_bodemgebruik_2015!$C:$I,MATCH(Verdeelsleutels_absoluut!$C9,CBS_bodemgebruik_2015!$B:$B,0),MATCH(Verdeelsleutels_absoluut!P$1,CBS_bodemgebruik_2015!$C$1:$I$1,0)) -> 20347 | Q9: =INDEX(CBS_bodemgebruik_2015!$C:$I,MATCH(Verdeelsleutels_absoluut!$C9,CBS_bodemgebruik_2015!$B:$B,0),MATCH(Verdeelsleutels_absoluut!Q$1,CBS_bodemgebruik_2015!$C$1:$I$1,0)) -> 1788 | R9: =INDEX(CBS_bodemgebruik_2015!$C:$I,MATCH(Verdeelsleutels_absoluut!$C9,CBS_bodemgebruik_2015!$B:$B,0),MATCH(Verdeelsleutels_absoluut!R$1,CBS_bodemgebruik_2015!$C$1:$I$1,0)) -> 1901 | S9: =INDEX(CBS_bodemgebruik_2015!$C:$I,MATCH(Verdeelsleutels_absoluut!$C9,CBS_bodemgebruik_2015!$B:$B,0),MATCH(Verdeelsleutels_absoluut!S$1,CBS_bodemgebruik_2015!$C$1:$I$1,0)) -> 7013 | T9: =SUM(Q9:S9) -> 10702 | U9: =INDEX(CBS_wegen_2019!B:C,MATCH(C9,CBS_wegen_2019!B:B,0),2) -> 18593
B10: PV26 | C10: Utrecht (PV) | D10: =INDEX(CBS_bevolking_2018!B:C,MATCH(Verdeelsleutels_absoluut!C10,CBS_bevolking_2018!B:B,0),2) -> 1306890 | E10: =INDEX(CBS_landbouw_2018!$C:$I,MATCH(Verdeelsleutels_absoluut!$C10,CBS_landbouw_2018!$B:$B,0),MATCH(Verdeelsleutels_absoluut!E$1,CBS_landbouw_2018!$C$1:$I$1,0)) -> 6069537 | F10: =INDEX(CBS_landbouw_2018!$C:$I,MATCH(Verdeelsleutels_absoluut!$C10,CBS_landbouw_2018!$B:$B,0),MATCH(Verdeelsleutels_absoluut!F$1,CBS_landbouw_2018!$C$1:$I$1,0)) -> 4586471 | G10: =INDEX(CBS_landbouw_2018!$C:$I,MATCH(Verdeelsleutels_absoluut!$C10,CBS_landbouw_2018!$B:$B,0),MATCH(Verdeelsleutels_absoluut!G$1,CBS_landbouw_2018!$C$1:$I$1,0)) -> 85519 | H10: =INDEX(CBS_landbouw_2018!$C:$I,MATCH(Verdeelsleutels_absoluut!$C10,CBS_landbouw_2018!$B:$B,0),MATCH(Verdeelsleutels_absoluut!H$1,CBS_landbouw_2018!$C$1:$I$1,0)) -> 268430 | I10: =INDEX(CBS_landbouw_2018!$C:$I,MATCH(Verdeelsleutels_absoluut!$C10,CBS_landbouw_2018!$B:$B,0),MATCH(Verdeelsleutels_absoluut!I$1,CBS_landbouw_2018!$C$1:$I$1,0)) -> 2637940 | J10: =INDEX(CBS_landbouw_2018!$C:$I,MATCH(Verdeelsleutels_absoluut!$C10,CBS_landbouw_2018!$B:$B,0),MATCH(Verdeelsleutels_absoluut!J$1,CBS_landbouw_2018!$C$1:$I$1,0)) -> 58281 | K10: =INDEX(CBS_landbouw_2018!$C:$I,MATCH(Verdeelsleutels_absoluut!$C10,CBS_landbouw_2018!$B:$B,0),MATCH(Verdeelsleutels_absoluut!K$1,CBS_landbouw_2018!$C$1:$I$1,0)) -> 2667 | L10: =E10-F10 -> 1483066 | M10: =INDEX(CBS_bodemgebruik_2015!$C:$F,MATCH(Verdeelsleutels_absoluut!$C10,CBS_bodemgebruik_2015!$B:$B,0),MATCH(Verdeelsleutels_absoluut!M$1,CBS_bodemgebruik_2015!$C$1:$F$1,0)) -> 80572 | N10: =INDEX(CBS_bodemgebruik_2015!$C:$F,MATCH(Verdeelsleutels_absoluut!$C10,CBS_bodemgebruik_2015!$B:$B,0),MATCH(Verdeelsleutels_absoluut!N$1,CBS_bodemgebruik_2015!$C$1:$F$1,0)) -> 2006 | O10: =INDEX(CBS_bodemgebruik_2015!$C:$F,MATCH(Verdeelsleutels_absoluut!$C10,CBS_bodemgebruik_2015!$B:$B,0),MATCH(Verdeelsleutels_absoluut!O$1,CBS_bodemgebruik_2015!$C$1:$F$1,0)) -> 18261 | P10: =INDEX(CBS_bodemgebruik_2015!$C:$I,MATCH(Verdeelsleutels_absoluut!$C10,CBS_bodemgebruik_2015!$B:$B,0),MATCH(Verdeelsleutels_absoluut!P$1,CBS_bodemgebruik_2015!$C$1:$I$1,0)) -> 1813 | Q10: =INDEX(CBS_bodemgebruik_2015!$C:$I,MATCH(Verdeelsleutels_absoluut!$C10,CBS_bodemgebruik_2015!$B:$B,0),MATCH(Verdeelsleutels_absoluut!Q$1,CBS_bodemgebruik_2015!$C$1:$I$1,0)) -> 896 | R10: =INDEX(CBS_bodemgebruik_2015!$C:$I,MATCH(Verdeelsleutels_absoluut!$C10,CBS_bodemgebruik_2015!$B:$B,0),MATCH(Verdeelsleutels_absoluut!R$1,CBS_bodemgebruik_2015!$C$1:$I$1,0)) -> 537 | S10: =INDEX(CBS_bodemgebruik_2015!$C:$I,MATCH(Verdeelsleutels_absoluut!$C10,CBS_bodemgebruik_2015!$B:$B,0),MATCH(Verdeelsleutels_absoluut!S$1,CBS_bodemgebruik_2015!$C$1:$I$1,0)) -> 5046 | T10: =SUM(Q10:S10) -> 6479 | U10: =INDEX(CBS_wegen_2019!B:C,MATCH(C10,CBS_wegen_2019!B:B,0),2) -> 6265
B11: PV27 | C11: Noord-Holland (PV) | D11: =INDEX(CBS_bevolking_2018!B:C,MATCH(Verdeelsleutels_absoluut!C11,CBS_bevolking_2018!B:B,0),2) -> 2853359 | E11: =INDEX(CBS_landbouw_2018!$C:$I,MATCH(Verdeelsleutels_absoluut!$C11,CBS_landbouw_2018!$B:$B,0),MATCH(Verdeelsleutels_absoluut!E$1,CBS_landbouw_2018!$C$1:$I$1,0)) -> 12202209 | F11: =INDEX(CBS_landbouw_2018!$C:$I,MATCH(Verdeelsleutels_absoluut!$C11,CBS_landbouw_2018!$B:$B,0),MATCH(Verdeelsleutels_absoluut!F$1,CBS_landbouw_2018!$C$1:$I$1,0)) -> 4378018 | G11: =INDEX(CBS_landbouw_2018!$C:$I,MATCH(Verdeelsleutels_absoluut!$C11,CBS_landbouw_2018!$B:$B,0),MATCH(Verdeelsleutels_absoluut!G$1,CBS_landbouw_2018!$C$1:$I$1,0)) -> 88481 | H11: =INDEX(CBS_landbouw_2018!$C:$I,MATCH(Verdeelsleutels_absoluut!$C11,CBS_landbouw_2018!$B:$B,0),MATCH(Verdeelsleutels_absoluut!H$1,CBS_landbouw_2018!$C$1:$I$1,0)) -> 22083 | I11: =INDEX(CBS_landbouw_2018!$C:$I,MATCH(Verdeelsleutels_absoluut!$C11,CBS_landbouw_2018!$B:$B,0),MATCH(Verdeelsleutels_absoluut!I$1,CBS_landbouw_2018!$C$1:$I$1,0)) -> 1490968 | J11: =INDEX(CBS_landbouw_2018!$C:$I,MATCH(Verdeelsleutels_absoluut!$C11,CBS_landbouw_2018!$B:$B,0),MATCH(Verdeelsleutels_absoluut!J$1,CBS_landbouw_2018!$C$1:$I$1,0)) -> 907228 | K11: =INDEX(CBS_landbouw_2018!$C:$I,MATCH(Verdeelsleutels_absoluut!$C11,CBS_landbouw_2018!$B:$B,0),MATCH(Verdeelsleutels_absoluut!K$1,CBS_landbouw_2018!$C$1:$I$1,0)) -> 324693 | L11: =E11-F11 -> 7824191 | M11: =INDEX(CBS_bodemgebruik_2015!$C:$F,MATCH(Verdeelsleutels_absoluut!$C11,CBS_bodemgebruik_2015!$B:$B,0),MATCH(Verdeelsleutels_absoluut!M$1,CBS_bodemgebruik_2015!$C$1:$F$1,0)) -> 156968 | N11: =INDEX(CBS_bodemgebruik_2015!$C:$F,MATCH(Verdeelsleutels_absoluut!$C11,CBS_bodemgebruik_2015!$B:$B,0),MATCH(Verdeelsleutels_absoluut!N$1,CBS_bodemgebruik_2015!$C$1:$F$1,0)) -> 5004 | O11: =INDEX(CBS_bodemgebruik_2015!$C:$F,MATCH(Verdeelsleutels_absoluut!$C11,CBS_bodemgebruik_2015!$B:$B,0),MATCH(Verdeelsleutels_absoluut!O$1,CBS_bodemgebruik_2015!$C$1:$F$1,0)) -> 12959 | P11: =INDEX(CBS_bodemgebruik_2015!$C:$I,MATCH(Verdeelsleutels_absoluut!$C11,CBS_bodemgebruik_2015!$B:$B,0),MATCH(Verdeelsleutels_absoluut!P$1,CBS_bodemgebruik_2015!$C$1:$I$1,0)) -> 14814 | Q11: =INDEX(CBS_bodemgebruik_2015!$C:$I,MATCH(Verdeelsleutels_absoluut!$C11,CBS_bodemgebruik_2015!$B:$B,0),MATCH(Verdeelsleutels_absoluut!Q$1,CBS_bodemgebruik_2015!$C$1:$I$1,0)) -> 3484 | R11: =INDEX(CBS_bodemgebruik_2015!$C:$I,MATCH(Verdeelsleutels_absoluut!$C11,CBS_bodemgebruik_2015!$B:$B,0),MATCH(Verdeelsleutels_absoluut!R$1,CBS_bodemgebruik_2015!$C$1:$I$1,0)) -> 1557 | S11: =INDEX(CBS_bodemgebruik_2015!$C:$I,MATCH(Verdeelsleutels_absoluut!$C11,CBS_bodemgebruik_2015!$B:$B,0),MATCH(Verdeelsleutels_absoluut!S$1,CBS_bodemgebruik_2015!$C$1:$I$1,0)) -> 17977 | T11: =SUM(Q11:S11) -> 23018 | U11: =INDEX(CBS_wegen_2019!B:C,MATCH(C11,CBS_wegen_2019!B:B,0),2) -> 12192
B12: PV28 | C12: Zuid-Holland (PV) | D12: =INDEX(CBS_bevolking_2018!B:C,MATCH(Verdeelsleutels_absoluut!C12,CBS_bevolking_2018!B:B,0),2) -> 3709161 | E12: =INDEX(CBS_landbouw_2018!$C:$I,MATCH(Verdeelsleutels_absoluut!$C12,CBS_landbouw_2018!$B:$B,0),MATCH(Verdeelsleutels_absoluut!E$1,CBS_landbouw_2018!$C$1:$I$1,0)) -> 11968760 | F12: =INDEX(CBS_landbouw_2018!$C:$I,MATCH(Verdeelsleutels_absoluut!$C12,CBS_landbouw_2018!$B:$B,0),MATCH(Verdeelsleutels_absoluut!F$1,CBS_landbouw_2018!$C$1:$I$1,0)) -> 5843673 | G12: =INDEX(CBS_landbouw_2018!$C:$I,MATCH(Verdeelsleutels_absoluut!$C12,CBS_landbouw_2018!$B:$B,0),MATCH(Verdeelsleutels_absoluut!G$1,CBS_landbouw_2018!$C$1:$I$1,0)) -> 101865 | H12: =INDEX(CBS_landbouw_2018!$C:$I,MATCH(Verdeelsleutels_absoluut!$C12,CBS_landbouw_2018!$B:$B,0),MATCH(Verdeelsleutels_absoluut!H$1,CBS_landbouw_2018!$C$1:$I$1,0)) -> 126902 | I12: =INDEX(CBS_landbouw_2018!$C:$I,MATCH(Verdeelsleutels_absoluut!$C12,CBS_landbouw_2018!$B:$B,0),MATCH(Verdeelsleutels_absoluut!I$1,CBS_landbouw_2018!$C$1:$I$1,0)) -> 720574 | J12: =INDEX(CBS_landbouw_2018!$C:$I,MATCH(Verdeelsleutels_absoluut!$C12,CBS_landbouw_2018!$B:$B,0),MATCH(Verdeelsleutels_absoluut!J$1,CBS_landbouw_2018!$C$1:$I$1,0)) -> 1238467 | K12: =INDEX(CBS_landbouw_2018!$C:$I,MATCH(Verdeelsleutels_absoluut!$C12,CBS_landbouw_2018!$B:$B,0),MATCH(Verdeelsleutels_absoluut!K$1,CBS_landbouw_2018!$C$1:$I$1,0)) -> 554946 | L12: =E12-F12 -> 6125087 | M12: =INDEX(CBS_bodemgebruik_2015!$C:$F,MATCH(Verdeelsleutels_absoluut!$C12,CBS_bodemgebruik_2015!$B:$B,0),MATCH(Verdeelsleutels_absoluut!M$1,CBS_bodemgebruik_2015!$C$1:$F$1,0)) -> 162858 | N12: =INDEX(CBS_bodemgebruik_2015!$C:$F,MATCH(Verdeelsleutels_absoluut!$C12,CBS_bodemgebruik_2015!$B:$B,0),MATCH(Verdeelsleutels_absoluut!N$1,CBS_bodemgebruik_2015!$C$1:$F$1,0)) -> 6825 | O12: =INDEX(CBS_bodemgebruik_2015!$C:$F,MATCH(Verdeelsleutels_absoluut!$C12,CBS_bodemgebruik_2015!$B:$B,0),MATCH(Verdeelsleutels_absoluut!O$1,CBS_bodemgebruik_2015!$C$1:$F$1,0)) -> 8077 | P12: =INDEX(CBS_bodemgebruik_2015!$C:$I,MATCH(Verdeelsleutels_absoluut!$C12,CBS_bodemgebruik_2015!$B:$B,0),MATCH(Verdeelsleutels_absoluut!P$1,CBS_bodemgebruik_2015!$C$1:$I$1,0)) -> 9033 | Q12: =INDEX(CBS_bodemgebruik_2015!$C:$I,MATCH(Verdeelsleutels_absoluut!$C12,CBS_bodemgebruik_2015!$B:$B,0),MATCH(Verdeelsleutels_absoluut!Q$1,CBS_bodemgebruik_2015!$C$1:$I$1,0)) -> 6024 | R12: =INDEX(CBS_bodemgebruik_2015!$C:$I,MATCH(Verdeelsleutels_absoluut!$C12,CBS_bodemgebruik_2015!$B:$B,0),MATCH(Verdeelsleutels_absoluut!R$1,CBS_bodemgebruik_2015!$C$1:$I$1,0)) -> 1545 | S12: =INDEX(CBS_bodemgebruik_2015!$C:$I,MATCH(Verdeelsleutels_absoluut!$C12,CBS_bodemgebruik_2015!$B:$B,0),MATCH(Verdeelsleutels_absoluut!S$1,CBS_bodemgebruik_2015!$C$1:$I$1,0)) -> 18687 | T12: =SUM(Q12:S12) -> 26256 | U12: =INDEX(CBS_wegen_2019!B:C,MATCH(C12,CBS_wegen_2019!B:B,0),2) -> 15052
B13: PV29 | C13: Zeeland (PV) | D13: =INDEX(CBS_bevolking_2018!B:C,MATCH(Verdeelsleutels_absoluut!C13,CBS_bevolking_2018!B:B,0),2) -> 383032 | E13: =INDEX(CBS_landbouw_2018!$C:$I,MATCH(Verdeelsleutels_absoluut!$C13,CBS_landbouw_2018!$B:$B,0),MATCH(Verdeelsleutels_absoluut!E$1,CBS_landbouw_2018!$C$1:$I$1,0)) -> 11750782 | F13: =INDEX(CBS_landbouw_2018!$C:$I,MATCH(Verdeelsleutels_absoluut!$C13,CBS_landbouw_2018!$B:$B,0),MATCH(Verdeelsleutels_absoluut!F$1,CBS_landbouw_2018!$C$1:$I$1,0)) -> 874034 | G13: =INDEX(CBS_landbouw_2018!$C:$I,MATCH(Verdeelsleutels_absoluut!$C13,CBS_landbouw_2018!$B:$B,0),MATCH(Verdeelsleutels_absoluut!G$1,CBS_landbouw_2018!$C$1:$I$1,0)) -> 22555 | H13: =INDEX(CBS_landbouw_2018!$C:$I,MATCH(Verdeelsleutels_absoluut!$C13,CBS_landbouw_2018!$B:$B,0),MATCH(Verdeelsleutels_absoluut!H$1,CBS_landbouw_2018!$C$1:$I$1,0)) -> 50483 | I13: =INDEX(CBS_landbouw_2018!$C:$I,MATCH(Verdeelsleutels_absoluut!$C13,CBS_landbouw_2018!$B:$B,0),MATCH(Verdeelsleutels_absoluut!I$1,CBS_landbouw_2018!$C$1:$I$1,0)) -> 1787407 | J13: =INDEX(CBS_landbouw_2018!$C:$I,MATCH(Verdeelsleutels_absoluut!$C13,CBS_landbouw_2018!$B:$B,0),MATCH(Verdeelsleutels_absoluut!J$1,CBS_landbouw_2018!$C$1:$I$1,0)) -> 3022336 | K13: =INDEX(CBS_landbouw_2018!$C:$I,MATCH(Verdeelsleutels_absoluut!$C13,CBS_landbouw_2018!$B:$B,0),MATCH(Verdeelsleutels_absoluut!K$1,CBS_landbouw_2018!$C$1:$I$1,0)) -> 1128601 | L13: =E13-F13 -> 10876748 | M13: =INDEX(CBS_bodemgebruik_2015!$C:$F,MATCH(Verdeelsleutels_absoluut!$C13,CBS_bodemgebruik_2015!$B:$B,0),MATCH(Verdeelsleutels_absoluut!M$1,CBS_bodemgebruik_2015!$C$1:$F$1,0)) -> 136312 | N13: =INDEX(CBS_bodemgebruik_2015!$C:$F,MATCH(Verdeelsleutels_absoluut!$C13,CBS_bodemgebruik_2015!$B:$B,0),MATCH(Verdeelsleutels_absoluut!N$1,CBS_bodemgebruik_2015!$C$1:$F$1,0)) -> 767 | O13: =INDEX(CBS_bodemgebruik_2015!$C:$F,MATCH(Verdeelsleutels_absoluut!$C13,CBS_bodemgebruik_2015!$B:$B,0),MATCH(Verdeelsleutels_absoluut!O$1,CBS_bodemgebruik_2015!$C$1:$F$1,0)) -> 4071 | P13: =INDEX(CBS_bodemgebruik_2015!$C:$I,MATCH(Verdeelsleutels_absoluut!$C13,CBS_bodemgebruik_2015!$B:$B,0),MATCH(Verdeelsleutels_absoluut!P$1,CBS_bodemgebruik_2015!$C$1:$I$1,0)) -> 3831 | Q13: =INDEX(CBS_bodemgebruik_2015!$C:$I,MATCH(Verdeelsleutels_absoluut!$C13,CBS_bodemgebruik_2015!$B:$B,0),MATCH(Verdeelsleutels_absoluut!Q$1,CBS_bodemgebruik_2015!$C$1:$I$1,0)) -> 6350 | R13: =INDEX(CBS_bodemgebruik_2015!$C:$I,MATCH(Verdeelsleutels_absoluut!$C13,CBS_bodemgebruik_2015!$B:$B,0),MATCH(Verdeelsleutels_absoluut!R$1,CBS_bodemgebruik_2015!$C$1:$I$1,0)) -> 247 | S13: =INDEX(CBS_bodemgebruik_2015!$C:$I,MATCH(Verdeelsleutels_absoluut!$C13,CBS_bodemgebruik_2015!$B:$B,0),MATCH(Verdeelsleutels_absoluut!S$1,CBS_bodemgebruik_2015!$C$1:$I$1,0)) -> 5085 | T13: =SUM(Q13:S13) -> 11682 | U13: =INDEX(CBS_wegen_2019!B:C,MATCH(C13,CBS_wegen_2019!B:B,0),2) -> 6248
B14: PV30 | C14: Noord-Brabant (PV) | D14: =INDEX(CBS_bevolking_2018!B:C,MATCH(Verdeelsleutels_absoluut!C14,CBS_bevolking_2018!B:B,0),2) -> 2544806 | E14: =INDEX(CBS_landbouw_2018!$C:$I,MATCH(Verdeelsleutels_absoluut!$C14,CBS_landbouw_2018!$B:$B,0),MATCH(Verdeelsleutels_absoluut!E$1,CBS_landbouw_2018!$C$1:$I$1,0)) -> 23211455 | F14: =INDEX(CBS_landbouw_2018!$C:$I,MATCH(Verdeelsleutels_absoluut!$C14,CBS_landbouw_2018!$B:$B,0),MATCH(Verdeelsleutels_absoluut!F$1,CBS_landbouw_2018!$C$1:$I$1,0)) -> 4192599 | G14: =INDEX(CBS_landbouw_2018!$C:$I,MATCH(Verdeelsleutels_absoluut!$C14,CBS_landbouw_2018!$B:$B,0),MATCH(Verdeelsleutels_absoluut!G$1,CBS_landbouw_2018!$C$1:$I$1,0)) -> 221900 | H14: =INDEX(CBS_landbouw_2018!$C:$I,MATCH(Verdeelsleutels_absoluut!$C14,CBS_landbouw_2018!$B:$B,0),MATCH(Verdeelsleutels_absoluut!H$1,CBS_landbouw_2018!$C$1:$I$1,0)) -> 5933851 | I14: =INDEX(CBS_landbouw_2018!$C:$I,MATCH(Verdeelsleutels_absoluut!$C14,CBS_landbouw_2018!$B:$B,0),MATCH(Verdeelsleutels_absoluut!I$1,CBS_landbouw_2018!$C$1:$I$1,0)) -> 24671562 | J14: =INDEX(CBS_landbouw_2018!$C:$I,MATCH(Verdeelsleutels_absoluut!$C14,CBS_landbouw_2018!$B:$B,0),MATCH(Verdeelsleutels_absoluut!J$1,CBS_landbouw_2018!$C$1:$I$1,0)) -> 1652080 | K14: =INDEX(CBS_landbouw_2018!$C:$I,MATCH(Verdeelsleutels_absoluut!$C14,CBS_landbouw_2018!$B:$B,0),MATCH(Verdeelsleutels_absoluut!K$1,CBS_landbouw_2018!$C$1:$I$1,0)) -> 1092551 | L14: =E14-F14 -> 19018856 | M14: =INDEX(CBS_bodemgebruik_2015!$C:$F,MATCH(Verdeelsleutels_absoluut!$C14,CBS_bodemgebruik_2015!$B:$B,0),MATCH(Verdeelsleutels_absoluut!M$1,CBS_bodemgebruik_2015!$C$1:$F$1,0)) -> 304515 | N14: =INDEX(CBS_bodemgebruik_2015!$C:$F,MATCH(Verdeelsleutels_absoluut!$C14,CBS_bodemgebruik_2015!$B:$B,0),MATCH(Verdeelsleutels_absoluut!N$1,CBS_bodemgebruik_2015!$C$1:$F$1,0)) -> 4019 | O14: =INDEX(CBS_bodemgebruik_2015!$C:$F,MATCH(Verdeelsleutels_absoluut!$C14,CBS_bodemgebruik_2015!$B:$B,0),MATCH(Verdeelsleutels_absoluut!O$1,CBS_bodemgebruik_2015!$C$1:$F$1,0)) -> 70780 | P14: =INDEX(CBS_bodemgebruik_2015!$C:$I,MATCH(Verdeelsleutels_absoluut!$C14,CBS_bodemgebruik_2015!$B:$B,0),MATCH(Verdeelsleutels_absoluut!P$1,CBS_bodemgebruik_2015!$C$1:$I$1,0)) -> 7951 | Q14: =INDEX(CBS_bodemgebruik_2015!$C:$I,MATCH(Verdeelsleutels_absoluut!$C14,CBS_bodemgebruik_2015!$B:$B,0),MATCH(Verdeelsleutels_absoluut!Q$1,CBS_bodemgebruik_2015!$C$1:$I$1,0)) -> 6581 | R14: =INDEX(CBS_bodemgebruik_2015!$C:$I,MATCH(Verdeelsleutels_absoluut!$C14,CBS_bodemgebruik_2015!$B:$B,0),MATCH(Verdeelsleutels_absoluut!R$1,CBS_bodemgebruik_2015!$C$1:$I$1,0)) -> 1511 | S14: =INDEX(CBS_bodemgebruik_2015!$C:$I,MATCH(Verdeelsleutels_absoluut!$C14,CBS_bodemgebruik_2015!$B:$B,0),MATCH(Verdeelsleutels_absoluut!S$1,CBS_bodemgebruik_2015!$C$1:$I$1,0)) -> 9082 | T14: =SUM(Q14:S14) -> 17174 | U14: =INDEX(CBS_wegen_2019!B:C,MATCH(C14,CBS_wegen_2019!B:B,0),2) -> 21336
B15: PV31 | C15: Limburg (PV) | D15: =INDEX(CBS_bevolking_2018!B:C,MATCH(Verdeelsleutels_absoluut!C15,CBS_bevolking_2018!B:B,0),2) -> 1116137 | E15: =INDEX(CBS_landbouw_2018!$C:$I,MATCH(Verdeelsleutels_absoluut!$C15,CBS_landbouw_2018!$B:$B,0),MATCH(Verdeelsleutels_absoluut!E$1,CBS_landbouw_2018!$C$1:$I$1,0)) -> 9371835 | F15: =INDEX(CBS_landbouw_2018!$C:$I,MATCH(Verdeelsleutels_absoluut!$C15,CBS_landbouw_2018!$B:$B,0),MATCH(Verdeelsleutels_absoluut!F$1,CBS_landbouw_2018!$C$1:$I$1,0)) -> 1601987 | G15: =INDEX(CBS_landbouw_2018!$C:$I,MATCH(Verdeelsleutels_absoluut!$C15,CBS_landbouw_2018!$B:$B,0),MATCH(Verdeelsleutels_absoluut!G$1,CBS_landbouw_2018!$C$1:$I$1,0)) -> 51322 | H15: =INDEX(CBS_landbouw_2018!$C:$I,MATCH(Verdeelsleutels_absoluut!$C15,CBS_landbouw_2018!$B:$B,0),MATCH(Verdeelsleutels_absoluut!H$1,CBS_landbouw_2018!$C$1:$I$1,0)) -> 1973206 | I15: =INDEX(CBS_landbouw_2018!$C:$I,MATCH(Verdeelsleutels_absoluut!$C15,CBS_landbouw_2018!$B:$B,0),MATCH(Verdeelsleutels_absoluut!I$1,CBS_landbouw_2018!$C$1:$I$1,0)) -> 15526729 | J15: =INDEX(CBS_landbouw_2018!$C:$I,MATCH(Verdeelsleutels_absoluut!$C15,CBS_landbouw_2018!$B:$B,0),MATCH(Verdeelsleutels_absoluut!J$1,CBS_landbouw_2018!$C$1:$I$1,0)) -> 1280322 | K15: =INDEX(CBS_landbouw_2018!$C:$I,MATCH(Verdeelsleutels_absoluut!$C15,CBS_landbouw_2018!$B:$B,0),MATCH(Verdeelsleutels_absoluut!K$1,CBS_landbouw_2018!$C$1:$I$1,0)) -> 448848 | L15: =E15-F15 -> 7769848 | M15: =INDEX(CBS_bodemgebruik_2015!$C:$F,MATCH(Verdeelsleutels_absoluut!$C15,CBS_bodemgebruik_2015!$B:$B,0),MATCH(Verdeelsleutels_absoluut!M$1,CBS_bodemgebruik_2015!$C$1:$F$1,0)) -> 129331 | N15: =INDEX(CBS_bodemgebruik_2015!$C:$F,MATCH(Verdeelsleutels_absoluut!$C15,CBS_bodemgebruik_2015!$B:$B,0),MATCH(Verdeelsleutels_absoluut!N$1,CBS_bodemgebruik_2015!$C$1:$F$1,0)) -> 2010 | O15: =INDEX(CBS_bodemgebruik_2015!$C:$F,MATCH(Verdeelsleutels_absoluut!$C15,CBS_bodemgebruik_2015!$B:$B,0),MATCH(Verdeelsleutels_absoluut!O$1,CBS_bodemgebruik_2015!$C$1:$F$1,0)) -> 32032 | P15: =INDEX(CBS_bodemgebruik_2015!$C:$I,MATCH(Verdeelsleutels_absoluut!$C15,CBS_bodemgebruik_2015!$B:$B,0),MATCH(Verdeelsleutels_absoluut!P$1,CBS_bodemgebruik_2015!$C$1:$I$1,0)) -> 2720 | Q15: =INDEX(CBS_bodemgebruik_2015!$C:$I,MATCH(Verdeelsleutels_absoluut!$C15,CBS_bodemgebruik_2015!$B:$B,0),MATCH(Verdeelsleutels_absoluut!Q$1,CBS_bodemgebruik_2015!$C$1:$I$1,0)) -> 1199 | R15: =INDEX(CBS_bodemgebruik_2015!$C:$I,MATCH(Verdeelsleutels_absoluut!$C15,CBS_bodemgebruik_2015!$B:$B,0),MATCH(Verdeelsleutels_absoluut!R$1,CBS_bodemgebruik_2015!$C$1:$I$1,0)) -> 1079 | S15: =INDEX(CBS_bodemgebruik_2015!$C:$I,MATCH(Verdeelsleutels_absoluut!$C15,CBS_bodemgebruik_2015!$B:$B,0),MATCH(Verdeelsleutels_absoluut!S$1,CBS_bodemgebruik_2015!$C$1:$I$1,0)) -> 2993 | T15: =SUM(Q15:S15) -> 5271 | U15: =INDEX(CBS_wegen_2019!B:C,MATCH(C15,CBS_wegen_2019!B:B,0),2) -> 10600
A16: Gemeenten | B16: =INDEX('ETLocal datasets'!B:C,MATCH(Verdeelsleutels_absoluut!C16,'ETLocal datasets'!C:C,0),1) -> GM0003 | C16: ='ETLocal datasets'!C2 -> Appingedam | D16: =INDEX(CBS_bevolking_2018!B:C,MATCH(Verdeelsleutels_absoluut!C16,CBS_bevolking_2018!B:B,0),2) -> 11721 | E16: =INDEX(CBS_landbouw_2018!$C:$I,MATCH(Verdeelsleutels_absoluut!$C16,CBS_landbouw_2018!$B:$B,0),MATCH(Verdeelsleutels_absoluut!E$1,CBS_landbouw_2018!$C$1:$I$1,0)) -> 187775 | F16: =INDEX(CBS_landbouw_2018!$C:$I,MATCH(Verdeelsleutels_absoluut!$C16,CBS_landbouw_2018!$B:$B,0),MATCH(Verdeelsleutels_absoluut!F$1,CBS_landbouw_2018!$C$1:$I$1,0)) -> 117088 | G16: =INDEX(CBS_landbouw_2018!$C:$I,MATCH(Verdeelsleutels_absoluut!$C16,CBS_landbouw_2018!$B:$B,0),MATCH(Verdeelsleutels_absoluut!G$1,CBS_landbouw_2018!$C$1:$I$1,0)) -> 2296 | H16: =INDEX(CBS_landbouw_2018!$C:$I,MATCH(Verdeelsleutels_absoluut!$C16,CBS_landbouw_2018!$B:$B,0),MATCH(Verdeelsleutels_absoluut!H$1,CBS_landbouw_2018!$C$1:$I$1,0)) -> 0 | I16: =INDEX(CBS_landbouw_2018!$C:$I,MATCH(Verdeelsleutels_absoluut!$C16,CBS_landbouw_2018!$B:$B,0),MATCH(Verdeelsleutels_absoluut!I$1,CBS_landbouw_2018!$C$1:$I$1,0)) -> 0 | J16: =INDEX(CBS_landbouw_2018!$C:$I,MATCH(Verdeelsleutels_absoluut!$C16,CBS_landbouw_2018!$B:$B,0),MATCH(Verdeelsleutels_absoluut!J$1,CBS_landbouw_2018!$C$1:$I$1,0)) -> 39720 | K16: =INDEX(CBS_landbouw_2018!$C:$I,MATCH(Verdeelsleutels_absoluut!$C16,CBS_landbouw_2018!$B:$B,0),MATCH(Verdeelsleutels_absoluut!K$1,CBS_landbouw_2018!$C$1:$I$1,0)) -> 0 | L16: =E16-F16 -> 70687 | M16: =INDEX(CBS_bodemgebruik_2015!$C:$F,MATCH(Verdeelsleutels_absoluut!$C16,CBS_bodemgebruik_2015!$B:$B,0),MATCH(Verdeelsleutels_absoluut!M$1,CBS_bodemgebruik_2015!$C$1:$F$1,0)) -> 1783 | N16: =INDEX(CBS_bodemgebruik_2015!$C:$F,MATCH(Verdeelsleutels_absoluut!$C16,CBS_bodemgebruik_2015!$B:$B,0),MATCH(Verdeelsleutels_absoluut!N$1,CBS_bodemgebruik_2015!$C$1:$F$1,0)) -> 27 | O16: =INDEX(CBS_bodemgebruik_2015!$C:$F,MATCH(Verdeelsleutels_absoluut!$C16,CBS_bodemgebruik_2015!$B:$B,0),MATCH(Verdeelsleutels_absoluut!O$1,CBS_bodemgebruik_2015!$C$1:$F$1,0)) -> 43 | P16: =INDEX(CBS_bodemgebruik_2015!$C:$I,MATCH(Verdeelsleutels_absoluut!$C16,CBS_bodemgebruik_2015!$B:$B,0),MATCH(Verdeelsleutels_absoluut!P$1,CBS_bodemgebruik_2015!$C$1:$I$1,0)) -> 0 | Q16: =INDEX(CBS_bodemgebruik_2015!$C:$I,MATCH(Verdeelsleutels_absoluut!$C16,CBS_bodemgebruik_2015!$B:$B,0),MATCH(Verdeelsleutels_absoluut!Q$1,CBS_bodemgebruik_2015!$C$1:$I$1,0)) -> 18 | R16: =INDEX(CBS_bodemgebruik_2015!$C:$I,MATCH(Verdeelsleutels_absoluut!$C16,CBS_bodemgebruik_2015!$B:$B,0),MATCH(Verdeelsleutels_absoluut!R$1,CBS_bodemgebruik_2015!$C$1:$I$1,0)) -> 2 | S16: =INDEX(CBS_bodemgebruik_2015!$C:$I,MATCH(Verdeelsleutels_absoluut!$C16,CBS_bodemgebruik_2015!$B:$B,0),MATCH(Verdeelsleutels_absoluut!S$1,CBS_bodemgebruik_2015!$C$1:$I$1,0)) -> 79 | T16: =SUM(Q16:S16) -> 99 | U16: =INDEX(CBS_wegen_2019!B:C,MATCH(C16,CBS_wegen_2019!B:B,0),2) -> 106
B17: =INDEX('ETLocal datasets'!B:C,MATCH(Verdeelsleutels_absoluut!C17,'ETLocal datasets'!C:C,0),1) -> GM0009 | C17: ='ETLocal datasets'!C3 -> Ten Boer | D17: =INDEX(CBS_bevolking_2018!B:C,MATCH(Verdeelsleutels_absoluut!C17,CBS_bevolking_2018!B:B,0),2) -> 7289 | E17: =INDEX(CBS_landbouw_2018!$C:$I,MATCH(Verdeelsleutels_absoluut!$C17,CBS_landbouw_2018!$B:$B,0),MATCH(Verdeelsleutels_absoluut!E$1,CBS_landbouw_2018!$C$1:$I$1,0)) -> 350164 | F17: =INDEX(CBS_landbouw_2018!$C:$I,MATCH(Verdeelsleutels_absoluut!$C17,CBS_landbouw_2018!$B:$B,0),MATCH(Verdeelsleutels_absoluut!F$1,CBS_landbouw_2018!$C$1:$I$1,0)) -> 258676 | G17: =INDEX(CBS_landbouw_2018!$C:$I,MATCH(Verdeelsleutels_absoluut!$C17,CBS_landbouw_2018!$B:$B,0),MATCH(Verdeelsleutels_absoluut!G$1,CBS_landbouw_2018!$C$1:$I$1,0)) -> 5490 | H17: =INDEX(CBS_landbouw_2018!$C:$I,MATCH(Verdeelsleutels_absoluut!$C17,CBS_landbouw_2018!$B:$B,0),MATCH(Verdeelsleutels_absoluut!H$1,CBS_landbouw_2018!$C$1:$I$1,0)) -> 0 | I17: =INDEX(CBS_landbouw_2018!$C:$I,MATCH(Verdeelsleutels_absoluut!$C17,CBS_landbouw_2018!$B:$B,0),MATCH(Verdeelsleutels_absoluut!I$1,CBS_landbouw_2018!$C$1:$I$1,0)) -> 27959 | J17: =INDEX(CBS_landbouw_2018!$C:$I,MATCH(Verdeelsleutels_absoluut!$C17,CBS_landbouw_2018!$B:$B,0),MATCH(Verdeelsleutels_absoluut!J$1,CBS_landbouw_2018!$C$1:$I$1,0)) -> 37481 | K17: =INDEX(CBS_landbouw_2018!$C:$I,MATCH(Verdeelsleutels_absoluut!$C17,CBS_landbouw_2018!$B:$B,0),MATCH(Verdeelsleutels_absoluut!K$1,CBS_landbouw_2018!$C$1:$I$1,0)) -> 0 | L17: =E17-F17 -> 91488 | M17: =INDEX(CBS_bodemgebruik_2015!$C:$F,MATCH(Verdeelsleutels_absoluut!$C17,CBS_bodemgebruik_2015!$B:$B,0),MATCH(Verdeelsleutels_absoluut!M$1,CBS_bodemgebruik_2015!$C$1:$F$1,0)) -> 4110 | N17: =INDEX(CBS_bodemgebruik_2015!$C:$F,MATCH(Verdeelsleutels_absoluut!$C17,CBS_bodemgebruik_2015!$B:$B,0),MATCH(Verdeelsleutels_absoluut!N$1,CBS_bodemgebruik_2015!$C$1:$F$1,0)) -> 9 | O17: =INDEX(CBS_bodemgebruik_2015!$C:$F,MATCH(Verdeelsleutels_absoluut!$C17,CBS_bodemgebruik_2015!$B:$B,0),MATCH(Verdeelsleutels_absoluut!O$1,CBS_bodemgebruik_2015!$C$1:$F$1,0)) -> 40 | P17: =INDEX(CBS_bodemgebruik_2015!$C:$F,MATCH(Verdeelsleutels_absoluut!$C17,CBS_bodemgebruik_2015!$B:$B,0),MATCH(Verdeelsleutels_absoluut!P$1,CBS_bodemgebruik_2015!$C$1:$F$1,0)) -> 0 | Q17: =INDEX(CBS_bodemgebruik_2015!$C:$I,MATCH(Verdeelsleutels_absoluut!$C17,CBS_bodemgebruik_2015!$B:$B,0),MATCH(Verdeelsleutels_absoluut!Q$1,CBS_bodemgebruik_2015!$C$1:$I$1,0)) -> 1 | R17: =INDEX(CBS_bodemgebruik_2015!$C:$I,MATCH(Verdeelsleutels_absoluut!$C17,CBS_bodemgebruik_2015!$B:$B,0),MATCH(Verdeelsleutels_absoluut!R$1,CBS_bodemgebruik_2015!$C$1:$I$1,0)) -> 0 | S17: =INDEX(CBS_bodemgebruik_2015!$C:$I,MATCH(Verdeelsleutels_absoluut!$C17,CBS_bodemgebruik_2015!$B:$B,0),MATCH(Verdeelsleutels_absoluut!S$1,CBS_bodemgebruik_2015!$C$1:$I$1,0)) -> 42 | T17: =SUM(Q17:S17) -> 43 | U17: =INDEX(CBS_wegen_2019!B:C,MATCH(C17,CBS_wegen_2019!B:B,0),2) -> 92
B18: =INDEX('ETLocal datasets'!B:C,MATCH(Verdeelsleutels_absoluut!C18,'ETLocal datasets'!C:C,0),1) -> GM0010 | C18: ='ETLocal datasets'!C4 -> Delfzijl | D18: =INDEX(CBS_bevolking_2018!B:C,MATCH(Verdeelsleutels_absoluut!C18,CBS_bevolking_2018!B:B,0),2) -> 24716 | E18: =INDEX(CBS_landbouw_2018!$C:$I,MATCH(Verdeelsleutels_absoluut!$C18,CBS_landbouw_2018!$B:$B,0),MATCH(Verdeelsleutels_absoluut!E$1,CBS_landbouw_2018!$C$1:$I$1,0)) -> 966031 | F18: =INDEX(CBS_landbouw_2018!$C:$I,MATCH(Verdeelsleutels_absoluut!$C18,CBS_landbouw_2018!$B:$B,0),MATCH(Verdeelsleutels_absoluut!F$1,CBS_landbouw_2018!$C$1:$I$1,0)) -> 178602 | G18: =INDEX(CBS_landbouw_2018!$C:$I,MATCH(Verdeelsleutels_absoluut!$C18,CBS_landbouw_2018!$B:$B,0),MATCH(Verdeelsleutels_absoluut!G$1,CBS_landbouw_2018!$C$1:$I$1,0)) -> 5073 | H18: =INDEX(CBS_landbouw_2018!$C:$I,MATCH(Verdeelsleutels_absoluut!$C18,CBS_landbouw_2018!$B:$B,0),MATCH(Verdeelsleutels_absoluut!H$1,CBS_landbouw_2018!$C$1:$I$1,0)) -> 5788 | I18: =INDEX(CBS_landbouw_2018!$C:$I,MATCH(Verdeelsleutels_absoluut!$C18,CBS_landbouw_2018!$B:$B,0),MATCH(Verdeelsleutels_absoluut!I$1,CBS_landbouw_2018!$C$1:$I$1,0)) -> 755932 | J18: =INDEX(CBS_landbouw_2018!$C:$I,MATCH(Verdeelsleutels_absoluut!$C18,CBS_landbouw_2018!$B:$B,0),MATCH(Verdeelsleutels_absoluut!J$1,CBS_landbouw_2018!$C$1:$I$1,0)) -> 371823 | K18: =INDEX(CBS_landbouw_2018!$C:$I,MATCH(Verdeelsleutels_absoluut!$C18,CBS_landbouw_2018!$B:$B,0),MATCH(Verdeelsleutels_absoluut!K$1,CBS_landbouw_2018!$C$1:$I$1,0)) -> 22372 | L18: =E18-F18 -> 787429 | M18: =INDEX(CBS_bodemgebruik_2015!$C:$F,MATCH(Verdeelsleutels_absoluut!$C18,CBS_bodemgebruik_2015!$B:$B,0),MATCH(Verdeelsleutels_absoluut!M$1,CBS_bodemgebruik_2015!$C$1:$F$1,0)) -> 10392 | N18: =INDEX(CBS_bodemgebruik_2015!$C:$F,MATCH(Verdeelsleutels_absoluut!$C18,CBS_bodemgebruik_2015!$B:$B,0),MATCH(Verdeelsleutels_absoluut!N$1,CBS_bodemgebruik_2015!$C$1:$F$1,0)) -> 157 | O18: =INDEX(CBS_bodemgebruik_2015!$C:$F,MATCH(Verdeelsleutels_absoluut!$C18,CBS_bodemgebruik_2015!$B:$B,0),MATCH(Verdeelsleutels_absoluut!O$1,CBS_bodemgebruik_2015!$C$1:$F$1,0)) -> 255 | P18: =INDEX(CBS_bodemgebruik_2015!$C:$F,MATCH(Verdeelsleutels_absoluut!$C18,CBS_bodemgebruik_2015!$B:$B,0),MATCH(Verdeelsleutels_absoluut!P$1,CBS_bodemgebruik_2015!$C$1:$F$1,0)) -> 13 | Q18: =INDEX(CBS_bodemgebruik_2015!$C:$I,MATCH(Verdeelsleutels_absoluut!$C18,CBS_bodemgebruik_2015!$B:$B,0),MATCH(Verdeelsleutels_absoluut!Q$1,CBS_bodemgebruik_2015!$C$1:$I$1,0)) -> 387 | R18: =INDEX(CBS_bodemgebruik_2015!$C:$I,MATCH(Verdeelsleutels_absoluut!$C18,CBS_bodemgebruik_2015!$B:$B,0),MATCH(Verdeelsleutels_absoluut!R$1,CBS_bodemgebruik_2015!$C$1:$I$1,0)) -> 16 | S18: =INDEX(CBS_bodemgebruik_2015!$C:$I,MATCH(Verdeelsleutels_absoluut!$C18,CBS_bodemgebruik_2015!$B:$B,0),MATCH(Verdeelsleutels_absoluut!S$1,CBS_bodemgebruik_2015!$C$1:$I$1,0)) -> 279 | T18: =SUM(Q18:S18) -> 682 | U18: =INDEX(CBS_wegen_2019!B:C,MATCH(C18,CBS_wegen_2019!B:B,0),2) -> 351
B19: =INDEX('ETLocal datasets'!B:C,MATCH(Verdeelsleutels_absoluut!C19,'ETLocal datasets'!C:C,0),1) -> GM0014 | C19: ='ETLocal datasets'!C5 -> Groningen | D19: =INDEX(CBS_bevolking_2018!B:C,MATCH(Verdeelsleutels_absoluut!C19,CBS_bevolking_2018!B:B,0),2) -> 203819 | E19: =INDEX(CBS_landbouw_2018!$C:$I,MATCH(Verdeelsleutels_absoluut!$C19,CBS_landbouw_2018!$B:$B,0),MATCH(Verdeelsleutels_absoluut!E$1,CBS_landbouw_2018!$C$1:$I$1,0)) -> 155031 | F19: =INDEX(CBS_landbouw_2018!$C:$I,MATCH(Verdeelsleutels_absoluut!$C19,CBS_landbouw_2018!$B:$B,0),MATCH(Verdeelsleutels_absoluut!F$1,CBS_landbouw_2018!$C$1:$I$1,0)) -> 127275 | G19: =INDEX(CBS_landbouw_2018!$C:$I,MATCH(Verdeelsleutels_absoluut!$C19,CBS_landbouw_2018!$B:$B,0),MATCH(Verdeelsleutels_absoluut!G$1,CBS_landbouw_2018!$C$1:$I$1,0)) -> 1116 | H19: =INDEX(CBS_landbouw_2018!$C:$I,MATCH(Verdeelsleutels_absoluut!$C19,CBS_landbouw_2018!$B:$B,0),MATCH(Verdeelsleutels_absoluut!H$1,CBS_landbouw_2018!$C$1:$I$1,0)) -> 2 | I19: =INDEX(CBS_landbouw_2018!$C:$I,MATCH(Verdeelsleutels_absoluut!$C19,CBS_landbouw_2018!$B:$B,0),MATCH(Verdeelsleutels_absoluut!I$1,CBS_landbouw_2018!$C$1:$I$1,0)) -> 25013 | J19: =INDEX(CBS_landbouw_2018!$C:$I,MATCH(Verdeelsleutels_absoluut!$C19,CBS_landbouw_2018!$B:$B,0),MATCH(Verdeelsleutels_absoluut!J$1,CBS_landbouw_2018!$C$1:$I$1,0)) -> 12081 | K19: =INDEX(CBS_landbouw_2018!$C:$I,MATCH(Verdeelsleutels_absoluut!$C19,CBS_landbouw_2018!$B:$B,0),MATCH(Verdeelsleutels_absoluut!K$1,CBS_landbouw_2018!$C$1:$I$1,0)) -> 0 | L19: =E19-F19 -> 27756 | M19: =INDEX(CBS_bodemgebruik_2015!$C:$F,MATCH(Verdeelsleutels_absoluut!$C19,CBS_bodemgebruik_2015!$B:$B,0),MATCH(Verdeelsleutels_absoluut!M$1,CBS_bodemgebruik_2015!$C$1:$F$1,0)) -> 2783 | N19: =INDEX(CBS_bodemgebruik_2015!$C:$F,MATCH(Verdeelsleutels_absoluut!$C19,CBS_bodemgebruik_2015!$B:$B,0),MATCH(Verdeelsleutels_absoluut!N$1,CBS_bodemgebruik_2015!$C$1:$F$1,0)) -> 440 | O19: =INDEX(CBS_bodemgebruik_2015!$C:$F,MATCH(Verdeelsleutels_absoluut!$C19,CBS_bodemgebruik_2015!$B:$B,0),MATCH(Verdeelsleutels_absoluut!O$1,CBS_bodemgebruik_2015!$C$1:$F$1,0)) -> 147 | P19: =INDEX(CBS_bodemgebruik_2015!$C:$F,MATCH(Verdeelsleutels_absoluut!$C19,CBS_bodemgebruik_2015!$B:$B,0),MATCH(Verdeelsleutels_absoluut!P$1,CBS_bodemgebruik_2015!$C$1:$F$1,0)) -> 0 | Q19: =INDEX(CBS_bodemgebruik_2015!$C:$I,MATCH(Verdeelsleutels_absoluut!$C19,CBS_bodemgebruik_2015!$B:$B,0),MATCH(Verdeelsleutels_absoluut!Q$1,CBS_bodemgebruik_2015!$C$1:$I$1,0)) -> 57 | R19: =INDEX(CBS_bodemgebruik_2015!$C:$I,MATCH(Verdeelsleutels_absoluut!$C19,CBS_bodemgebruik_2015!$B:$B,0),MATCH(Verdeelsleutels_absoluut!R$1,CBS_bodemgebruik_2015!$C$1:$I$1,0)) -> 53 | S19: =INDEX(CBS_bodemgebruik_2015!$C:$I,MATCH(Verdeelsleutels_absoluut!$C19,CBS_bodemgebruik_2015!$B:$B,0),MATCH(Verdeelsleutels_absoluut!S$1,CBS_bodemgebruik_2015!$C$1:$I$1,0)) -> 383 | T19: =SUM(Q19:S19) -> 493 | U19: =INDEX(CBS_wegen_2019!B:C,MATCH(C19,CBS_wegen_2019!B:B,0),2) -> 699
B20: =INDEX('ETLocal datasets'!B:C,MATCH(Verdeelsleutels_absoluut!C20,'ETLocal datasets'!C:C,0),1) -> GM0015 | C20: ='ETLocal datasets'!C6 -> Grootegast | D20: =INDEX(CBS_bevolking_2018!B:C,MATCH(Verdeelsleutels_absoluut!C20,CBS_bevolking_2018!B:B,0),2) -> 12191 | E20: =INDEX(CBS_landbouw_2018!$C:$I,MATCH(Verdeelsleutels_absoluut!$C20,CBS_landbouw_2018!$B:$B,0),MATCH(Verdeelsleutels_absoluut!E$1,CBS_landbouw_2018!$C$1:$I$1,0)) -> 555620 | F20: =INDEX(CBS_landbouw_2018!$C:$I,MATCH(Verdeelsleutels_absoluut!$C20,CBS_landbouw_2018!$B:$B,0),MATCH(Verdeelsleutels_absoluut!F$1,CBS_landbouw_2018!$C$1:$I$1,0)) -> 470715 | G20: =INDEX(CBS_landbouw_2018!$C:$I,MATCH(Verdeelsleutels_absoluut!$C20,CBS_landbouw_2018!$B:$B,0),MATCH(Verdeelsleutels_absoluut!G$1,CBS_landbouw_2018!$C$1:$I$1,0)) -> 7247 | H20: =INDEX(CBS_landbouw_2018!$C:$I,MATCH(Verdeelsleutels_absoluut!$C20,CBS_landbouw_2018!$B:$B,0),MATCH(Verdeelsleutels_absoluut!H$1,CBS_landbouw_2018!$C$1:$I$1,0)) -> 1225 | I20: =INDEX(CBS_landbouw_2018!$C:$I,MATCH(Verdeelsleutels_absoluut!$C20,CBS_landbouw_2018!$B:$B,0),MATCH(Verdeelsleutels_absoluut!I$1,CBS_landbouw_2018!$C$1:$I$1,0)) -> 205027 | J20: =INDEX(CBS_landbouw_2018!$C:$I,MATCH(Verdeelsleutels_absoluut!$C20,CBS_landbouw_2018!$B:$B,0),MATCH(Verdeelsleutels_absoluut!J$1,CBS_landbouw_2018!$C$1:$I$1,0)) -> 3906 | K20: =INDEX(CBS_landbouw_2018!$C:$I,MATCH(Verdeelsleutels_absoluut!$C20,CBS_landbouw_2018!$B:$B,0),MATCH(Verdeelsleutels_absoluut!K$1,CBS_landbouw_2018!$C$1:$I$1,0)) -> 0 | L20: =E20-F20 -> 84905 | M20: =INDEX(CBS_bodemgebruik_2015!$C:$F,MATCH(Verdeelsleutels_absoluut!$C20,CBS_bodemgebruik_2015!$B:$B,0),MATCH(Verdeelsleutels_absoluut!M$1,CBS_bodemgebruik_2015!$C$1:$F$1,0)) -> 7888 | N20: =INDEX(CBS_bodemgebruik_2015!$C:$F,MATCH(Verdeelsleutels_absoluut!$C20,CBS_bodemgebruik_2015!$B:$B,0),MATCH(Verdeelsleutels_absoluut!N$1,CBS_bodemgebruik_2015!$C$1:$F$1,0)) -> 37 | O20: =INDEX(CBS_bodemgebruik_2015!$C:$F,MATCH(Verdeelsleutels_absoluut!$C20,CBS_bodemgebruik_2015!$B:$B,0),MATCH(Verdeelsleutels_absoluut!O$1,CBS_bodemgebruik_2015!$C$1:$F$1,0)) -> 15 | P20: =INDEX(CBS_bodemgebruik_2015!$C:$F,MATCH(Verdeelsleutels_absoluut!$C20,CBS_bodemgebruik_2015!$B:$B,0),MATCH(Verdeelsleutels_absoluut!P$1,CBS_bodemgebruik_2015!$C$1:$F$1,0)) -> 26 | Q20: =INDEX(CBS_bodemgebruik_2015!$C:$I,MATCH(Verdeelsleutels_absoluut!$C20,CBS_bodemgebruik_2015!$B:$B,0),MATCH(Verdeelsleutels_absoluut!Q$1,CBS_bodemgebruik_2015!$C$1:$I$1,0)) -> 66 | R20: =INDEX(CBS_bodemgebruik_2015!$C:$I,MATCH(Verdeelsleutels_absoluut!$C20,CBS_bodemgebruik_2015!$B:$B,0),MATCH(Verdeelsleutels_absoluut!R$1,CBS_bodemgebruik_2015!$C$1:$I$1,0)) -> 3 | S20: =INDEX(CBS_bodemgebruik_2015!$C:$I,MATCH(Verdeelsleutels_absoluut!$C20,CBS_bodemgebruik_2015!$B:$B,0),MATCH(Verdeelsleutels_absoluut!S$1,CBS_bodemgebruik_2015!$C$1:$I$1,0)) -> 65 | T20: =SUM(Q20:S20) -> 134 | U20: =INDEX(CBS_wegen_2019!B:C,MATCH(C20,CBS_wegen_2019!B:B,0),2) -> 175
B21: =INDEX('ETLocal datasets'!B:C,MATCH(Verdeelsleutels_absoluut!C21,'ETLocal datasets'!C:C,0),1) -> GM0017 | C21: ='ETLocal datasets'!C7 -> Haren | D21: =INDEX(CBS_bevolking_2018!B:C,MATCH(Verdeelsleutels_absoluut!C21,CBS_bevolking_2018!B:B,0),2) -> 20191 | E21: =INDEX(CBS_landbouw_2018!$C:$I,MATCH(Verdeelsleutels_absoluut!$C21,CBS_landbouw_2018!$B:$B,0),MATCH(Verdeelsleutels_absoluut!E$1,CBS_landbouw_2018!$C$1:$I$1,0)) -> 156746 | F21: =INDEX(CBS_landbouw_2018!$C:$I,MATCH(Verdeelsleutels_absoluut!$C21,CBS_landbouw_2018!$B:$B,0),MATCH(Verdeelsleutels_absoluut!F$1,CBS_landbouw_2018!$C$1:$I$1,0)) -> 116062 | G21: =INDEX(CBS_landbouw_2018!$C:$I,MATCH(Verdeelsleutels_absoluut!$C21,CBS_landbouw_2018!$B:$B,0),MATCH(Verdeelsleutels_absoluut!G$1,CBS_landbouw_2018!$C$1:$I$1,0)) -> 874 | H21: =INDEX(CBS_landbouw_2018!$C:$I,MATCH(Verdeelsleutels_absoluut!$C21,CBS_landbouw_2018!$B:$B,0),MATCH(Verdeelsleutels_absoluut!H$1,CBS_landbouw_2018!$C$1:$I$1,0)) -> 0 | I21: =INDEX(CBS_landbouw_2018!$C:$I,MATCH(Verdeelsleutels_absoluut!$C21,CBS_landbouw_2018!$B:$B,0),MATCH(Verdeelsleutels_absoluut!I$1,CBS_landbouw_2018!$C$1:$I$1,0)) -> 0 | J21: =INDEX(CBS_landbouw_2018!$C:$I,MATCH(Verdeelsleutels_absoluut!$C21,CBS_landbouw_2018!$B:$B,0),MATCH(Verdeelsleutels_absoluut!J$1,CBS_landbouw_2018!$C$1:$I$1,0)) -> 6980 | K21: =INDEX(CBS_landbouw_2018!$C:$I,MATCH(Verdeelsleutels_absoluut!$C21,CBS_landbouw_2018!$B:$B,0),MATCH(Verdeelsleutels_absoluut!K$1,CBS_landbouw_2018!$C$1:$I$1,0)) -> 0 | L21: =E21-F21 -> 40684 | M21: =INDEX(CBS_bodemgebruik_2015!$C:$F,MATCH(Verdeelsleutels_absoluut!$C21,CBS_bodemgebruik_2015!$B:$B,0),MATCH(Verdeelsleutels_absoluut!M$1,CBS_bodemgebruik_2015!$C$1:$F$1,0)) -> 2786 | N21: =INDEX(CBS_bodemgebruik_2015!$C:$F,MATCH(Verdeelsleutels_absoluut!$C21,CBS_bodemgebruik_2015!$B:$B,0),MATCH(Verdeelsleutels_absoluut!N$1,CBS_bodemgebruik_2015!$C$1:$F$1,0)) -> 16 | O21: =INDEX(CBS_bodemgebruik_2015!$C:$F,MATCH(Verdeelsleutels_absoluut!$C21,CBS_bodemgebruik_2015!$B:$B,0),MATCH(Verdeelsleutels_absoluut!O$1,CBS_bodemgebruik_2015!$C$1:$F$1,0)) -> 273 | P21: =INDEX(CBS_bodemgebruik_2015!$C:$F,MATCH(Verdeelsleutels_absoluut!$C21,CBS_bodemgebruik_2015!$B:$B,0),MATCH(Verdeelsleutels_absoluut!P$1,CBS_bodemgebruik_2015!$C$1:$F$1,0)) -> 1 | Q21: =INDEX(CBS_bodemgebruik_2015!$C:$I,MATCH(Verdeelsleutels_absoluut!$C21,CBS_bodemgebruik_2015!$B:$B,0),MATCH(Verdeelsleutels_absoluut!Q$1,CBS_bodemgebruik_2015!$C$1:$I$1,0)) -> 495 | R21: =INDEX(CBS_bodemgebruik_2015!$C:$I,MATCH(Verdeelsleutels_absoluut!$C21,CBS_bodemgebruik_2015!$B:$B,0),MATCH(Verdeelsleutels_absoluut!R$1,CBS_bodemgebruik_2015!$C$1:$I$1,0)) -> 23 | S21: =INDEX(CBS_bodemgebruik_2015!$C:$I,MATCH(Verdeelsleutels_absoluut!$C21,CBS_bodemgebruik_2015!$B:$B,0),MATCH(Verdeelsleutels_absoluut!S$1,CBS_bodemgebruik_2015!$C$1:$I$1,0)) -> 513 | T21: =SUM(Q21:S21) -> 1031 | U21: =INDEX(CBS_wegen_2019!B:C,MATCH(C21,CBS_wegen_2019!B:B,0),2) -> 161
B22: =INDEX('ETLocal datasets'!B:C,MATCH(Verdeelsleutels_absoluut!C22,'ETLocal datasets'!C:C,0),1) -> GM0022 | C22: ='ETLocal datasets'!C8 -> Leek | D22: =INDEX(CBS_bevolking_2018!B:C,MATCH(Verdeelsleutels_absoluut!C22,CBS_bevolking_2018!B:B,0),2) -> 19732 | E22: =INDEX(CBS_landbouw_2018!$C:$I,MATCH(Verdeelsleutels_absoluut!$C22,CBS_landbouw_2018!$B:$B,0),MATCH(Verdeelsleutels_absoluut!E$1,CBS_landbouw_2018!$C$1:$I$1,0)) -> 322836 | F22: =INDEX(CBS_landbouw_2018!$C:$I,MATCH(Verdeelsleutels_absoluut!$C22,CBS_landbouw_2018!$B:$B,0),MATCH(Verdeelsleutels_absoluut!F$1,CBS_landbouw_2018!$C$1:$I$1,0)) -> 249491 | G22: =INDEX(CBS_landbouw_2018!$C:$I,MATCH(Verdeelsleutels_absoluut!$C22,CBS_landbouw_2018!$B:$B,0),MATCH(Verdeelsleutels_absoluut!G$1,CBS_landbouw_2018!$C$1:$I$1,0)) -> 4229 | H22: =INDEX(CBS_landbouw_2018!$C:$I,MATCH(Verdeelsleutels_absoluut!$C22,CBS_landbouw_2018!$B:$B,0),MATCH(Verdeelsleutels_absoluut!H$1,CBS_landbouw_2018!$C$1:$I$1,0)) -> 201 | I22: =INDEX(CBS_landbouw_2018!$C:$I,MATCH(Verdeelsleutels_absoluut!$C22,CBS_landbouw_2018!$B:$B,0),MATCH(Verdeelsleutels_absoluut!I$1,CBS_landbouw_2018!$C$1:$I$1,0)) -> 552277 | J22: =INDEX(CBS_landbouw_2018!$C:$I,MATCH(Verdeelsleutels_absoluut!$C22,CBS_landbouw_2018!$B:$B,0),MATCH(Verdeelsleutels_absoluut!J$1,CBS_landbouw_2018!$C$1:$I$1,0)) -> 3730 | K22: =INDEX(CBS_landbouw_2018!$C:$I,MATCH(Verdeelsleutels_absoluut!$C22,CBS_landbouw_2018!$B:$B,0),MATCH(Verdeelsleutels_absoluut!K$1,CBS_landbouw_2018!$C$1:$I$1,0)) -> 0 | L22: =E22-F22 -> 73345 | M22: =INDEX(CBS_bodemgebruik_2015!$C:$F,MATCH(Verdeelsleutels_absoluut!$C22,CBS_bodemgebruik_2015!$B:$B,0),MATCH(Verdeelsleutels_absoluut!M$1,CBS_bodemgebruik_2015!$C$1:$F$1,0)) -> 5128 | N22: =INDEX(CBS_bodemgebruik_2015!$C:$F,MATCH(Verdeelsleutels_absoluut!$C22,CBS_bodemgebruik_2015!$B:$B,0),MATCH(Verdeelsleutels_absoluut!N$1,CBS_bodemgebruik_2015!$C$1:$F$1,0)) -> 19 | O22: =INDEX(CBS_bodemgebruik_2015!$C:$F,MATCH(Verdeelsleutels_absoluut!$C22,CBS_bodemgebruik_2015!$B:$B,0),MATCH(Verdeelsleutels_absoluut!O$1,CBS_bodemgebruik_2015!$C$1:$F$1,0)) -> 127 | P22: =INDEX(CBS_bodemgebruik_2015!$C:$F,MATCH(Verdeelsleutels_absoluut!$C22,CBS_bodemgebruik_2015!$B:$B,0),MATCH(Verdeelsleutels_absoluut!P$1,CBS_bodemgebruik_2015!$C$1:$F$1,0)) -> 0 | Q22: =INDEX(CBS_bodemgebruik_2015!$C:$I,MATCH(Verdeelsleutels_absoluut!$C22,CBS_bodemgebruik_2015!$B:$B,0),MATCH(Verdeelsleutels_absoluut!Q$1,CBS_bodemgebruik_2015!$C$1:$I$1,0)) -> 107 | R22: =INDEX(CBS_bodemgebruik_2015!$C:$I,MATCH(Verdeelsleutels_absoluut!$C22,CBS_bodemgebruik_2015!$B:$B,0),MATCH(Verdeelsleutels_absoluut!R$1,CBS_bodemgebruik_2015!$C$1:$I$1,0)) -> 12 | S22: =INDEX(CBS_bodemgebruik_2015!$C:$I,MATCH(Verdeelsleutels_absoluut!$C22,CBS_bodemgebruik_2015!$B:$B,0),MATCH(Verdeelsleutels_absoluut!S$1,CBS_bodemgebruik_2015!$C$1:$I$1,0)) -> 99 | T22: =SUM(Q22:S22) -> 218 | U22: =INDEX(CBS_wegen_2019!B:C,MATCH(C22,CBS_wegen_2019!B:B,0),2) -> 217
B23: =INDEX('ETLocal datasets'!B:C,MATCH(Verdeelsleutels_absoluut!C23,'ETLocal datasets'!C:C,0),1) -> GM0024 | C23: ='ETLocal datasets'!C9 -> Loppersum | D23: =INDEX(CBS_bevolking_2018!B:C,MATCH(Verdeelsleutels_absoluut!C23,CBS_bevolking_2018!B:B,0),2) -> 9614 | E23: =INDEX(CBS_landbouw_2018!$C:$I,MATCH(Verdeelsleutels_absoluut!$C23,CBS_landbouw_2018!$B:$B,0),MATCH(Verdeelsleutels_absoluut!E$1,CBS_landbouw_2018!$C$1:$I$1,0)) -> 981314 | F23: =INDEX(CBS_landbouw_2018!$C:$I,MATCH(Verdeelsleutels_absoluut!$C23,CBS_landbouw_2018!$B:$B,0),MATCH(Verdeelsleutels_absoluut!F$1,CBS_landbouw_2018!$C$1:$I$1,0)) -> 344549 | G23: =INDEX(CBS_landbouw_2018!$C:$I,MATCH(Verdeelsleutels_absoluut!$C23,CBS_landbouw_2018!$B:$B,0),MATCH(Verdeelsleutels_absoluut!G$1,CBS_landbouw_2018!$C$1:$I$1,0)) -> 8702 | H23: =INDEX(CBS_landbouw_2018!$C:$I,MATCH(Verdeelsleutels_absoluut!$C23,CBS_landbouw_2018!$B:$B,0),MATCH(Verdeelsleutels_absoluut!H$1,CBS_landbouw_2018!$C$1:$I$1,0)) -> 1 | I23: =INDEX(CBS_landbouw_2018!$C:$I,MATCH(Verdeelsleutels_absoluut!$C23,CBS_landbouw_2018!$B:$B,0),MATCH(Verdeelsleutels_absoluut!I$1,CBS_landbouw_2018!$C$1:$I$1,0)) -> 359998 | J23: =INDEX(CBS_landbouw_2018!$C:$I,MATCH(Verdeelsleutels_absoluut!$C23,CBS_landbouw_2018!$B:$B,0),MATCH(Verdeelsleutels_absoluut!J$1,CBS_landbouw_2018!$C$1:$I$1,0)) -> 235932 | K23: =INDEX(CBS_landbouw_2018!$C:$I,MATCH(Verdeelsleutels_absoluut!$C23,CBS_landbouw_2018!$B:$B,0),MATCH(Verdeelsleutels_absoluut!K$1,CBS_landbouw_2018!$C$1:$I$1,0)) -> 28607 | L23: =E23-F23 -> 636765 | M23: =INDEX(CBS_bodemgebruik_2015!$C:$F,MATCH(Verdeelsleutels_absoluut!$C23,CBS_bodemgebruik_2015!$B:$B,0),MATCH(Verdeelsleutels_absoluut!M$1,CBS_bodemgebruik_2015!$C$1:$F$1,0)) -> 10298 | N23: =INDEX(CBS_bodemgebruik_2015!$C:$F,MATCH(Verdeelsleutels_absoluut!$C23,CBS_bodemgebruik_2015!$B:$B,0),MATCH(Verdeelsleutels_absoluut!N$1,CBS_bodemgebruik_2015!$C$1:$F$1,0)) -> 16 | O23: =INDEX(CBS_bodemgebruik_2015!$C:$F,MATCH(Verdeelsleutels_absoluut!$C23,CBS_bodemgebruik_2015!$B:$B,0),MATCH(Verdeelsleutels_absoluut!O$1,CBS_bodemgebruik_2015!$C$1:$F$1,0)) -> 112 | P23: =INDEX(CBS_bodemgebruik_2015!$C:$F,MATCH(Verdeelsleutels_absoluut!$C23,CBS_bodemgebruik_2015!$B:$B,0),MATCH(Verdeelsleutels_absoluut!P$1,CBS_bodemgebruik_2015!$C$1:$F$1,0)) -> 0 | Q23: =INDEX(CBS_bodemgebruik_2015!$C:$I,MATCH(Verdeelsleutels_absoluut!$C23,CBS_bodemgebruik_2015!$B:$B,0),MATCH(Verdeelsleutels_absoluut!Q$1,CBS_bodemgebruik_2015!$C$1:$I$1,0)) -> 32 | R23: =INDEX(CBS_bodemgebruik_2015!$C:$I,MATCH(Verdeelsleutels_absoluut!$C23,CBS_bodemgebruik_2015!$B:$B,0),MATCH(Verdeelsleutels_absoluut!R$1,CBS_bodemgebruik_2015!$C$1:$I$1,0)) -> 0 | S23: =INDEX(CBS_bodemgebruik_2015!$C:$I,MATCH(Verdeelsleutels_absoluut!$C23,CBS_bodemgebruik_2015!$B:$B,0),MATCH(Verdeelsleutels_absoluut!S$1,CBS_bodemgebruik_2015!$C$1:$I$1,0)) -> 95 | T23: =SUM(Q23:S23) -> 127 | U23: =INDEX(CBS_wegen_2019!B:C,MATCH(C23,CBS_wegen_2019!B:B,0),2) -> 219
B24: =INDEX('ETLocal datasets'!B:C,MATCH(Verdeelsleutels_absoluut!C24,'ETLocal datasets'!C:C,0),1) -> GM0025 | C24: ='ETLocal datasets'!C10 -> Marum | D24: =INDEX(CBS_bevolking_2018!B:C,MATCH(Verdeelsleutels_absoluut!C24,CBS_bevolking_2018!B:B,0),2) -> 10484 | E24: =INDEX(CBS_landbouw_2018!$C:$I,MATCH(Verdeelsleutels_absoluut!$C24,CBS_landbouw_2018!$B:$B,0),MATCH(Verdeelsleutels_absoluut!E$1,CBS_landbouw_2018!$C$1:$I$1,0)) -> 401138 | F24: =INDEX(CBS_landbouw_2018!$C:$I,MATCH(Verdeelsleutels_absoluut!$C24,CBS_landbouw_2018!$B:$B,0),MATCH(Verdeelsleutels_absoluut!F$1,CBS_landbouw_2018!$C$1:$I$1,0)) -> 304648 | G24: =INDEX(CBS_landbouw_2018!$C:$I,MATCH(Verdeelsleutels_absoluut!$C24,CBS_landbouw_2018!$B:$B,0),MATCH(Verdeelsleutels_absoluut!G$1,CBS_landbouw_2018!$C$1:$I$1,0)) -> 4495 | H24: =INDEX(CBS_landbouw_2018!$C:$I,MATCH(Verdeelsleutels_absoluut!$C24,CBS_landbouw_2018!$B:$B,0),MATCH(Verdeelsleutels_absoluut!H$1,CBS_landbouw_2018!$C$1:$I$1,0)) -> 52009 | I24: =INDEX(CBS_landbouw_2018!$C:$I,MATCH(Verdeelsleutels_absoluut!$C24,CBS_landbouw_2018!$B:$B,0),MATCH(Verdeelsleutels_absoluut!I$1,CBS_landbouw_2018!$C$1:$I$1,0)) -> 73554 | J24: =INDEX(CBS_landbouw_2018!$C:$I,MATCH(Verdeelsleutels_absoluut!$C24,CBS_landbouw_2018!$B:$B,0),MATCH(Verdeelsleutels_absoluut!J$1,CBS_landbouw_2018!$C$1:$I$1,0)) -> 2915 | K24: =INDEX(CBS_landbouw_2018!$C:$I,MATCH(Verdeelsleutels_absoluut!$C24,CBS_landbouw_2018!$B:$B,0),MATCH(Verdeelsleutels_absoluut!K$1,CBS_landbouw_2018!$C$1:$I$1,0)) -> 0 | L24: =E24-F24 -> 96490 | M24: =INDEX(CBS_bodemgebruik_2015!$C:$F,MATCH(Verdeelsleutels_absoluut!$C24,CBS_bodemgebruik_2015!$B:$B,0),MATCH(Verdeelsleutels_absoluut!M$1,CBS_bodemgebruik_2015!$C$1:$F$1,0)) -> 5661 | N24: =INDEX(CBS_bodemgebruik_2015!$C:$F,MATCH(Verdeelsleutels_absoluut!$C24,CBS_bodemgebruik_2015!$B:$B,0),MATCH(Verdeelsleutels_absoluut!N$1,CBS_bodemgebruik_2015!$C$1:$F$1,0)) -> 6 | O24: =INDEX(CBS_bodemgebruik_2015!$C:$F,MATCH(Verdeelsleutels_absoluut!$C24,CBS_bodemgebruik_2015!$B:$B,0),MATCH(Verdeelsleutels_absoluut!O$1,CBS_bodemgebruik_2015!$C$1:$F$1,0)) -> 143 | P24: =INDEX(CBS_bodemgebruik_2015!$C:$F,MATCH(Verdeelsleutels_absoluut!$C24,CBS_bodemgebruik_2015!$B:$B,0),MATCH(Verdeelsleutels_absoluut!P$1,CBS_bodemgebruik_2015!$C$1:$F$1,0)) -> 2 | Q24: =INDEX(CBS_bodemgebruik_2015!$C:$I,MATCH(Verdeelsleutels_absoluut!$C24,CBS_bodemgebruik_2015!$B:$B,0),MATCH(Verdeelsleutels_absoluut!Q$1,CBS_bodemgebruik_2015!$C$1:$I$1,0)) -> 12 | R24: =INDEX(CBS_bodemgebruik_2015!$C:$I,MATCH(Verdeelsleutels_absoluut!$C24,CBS_bodemgebruik_2015!$B:$B,0),MATCH(Verdeelsleutels_absoluut!R$1,CBS_bodemgebruik_2015!$C$1:$I$1,0)) -> 0 | S24: =INDEX(CBS_bodemgebruik_2015!$C:$I,MATCH(Verdeelsleutels_absoluut!$C24,CBS_bodemgebruik_2015!$B:$B,0),MATCH(Verdeelsleutels_absoluut!S$1,CBS_bodemgebruik_2015!$C$1:$I$1,0)) -> 52 | T24: =SUM(Q24:S24) -> 64 | U24: =INDEX(CBS_wegen_2019!B:C,MATCH(C24,CBS_wegen_2019!B:B,0),2) -> 175
B25: =INDEX('ETLocal datasets'!B:C,MATCH(Verdeelsleutels_absoluut!C25,'ETLocal datasets'!C:C,0),1) -> GM0034 | C25: ='ETLocal datasets'!C11 -> Almere | D25: =INDEX(CBS_bevolking_2018!B:C,MATCH(Verdeelsleutels_absoluut!C25,CBS_bevolking_2018!B:B,0),2) -> 207904 | E25: =INDEX(CBS_landbouw_2018!$C:$I,MATCH(Verdeelsleutels_absoluut!$C25,CBS_landbouw_2018!$B:$B,0),MATCH(Verdeelsleutels_absoluut!E$1,CBS_landbouw_2018!$C$1:$I$1,0)) -> 117318 | F25: =INDEX(CBS_landbouw_2018!$C:$I,MATCH(Verdeelsleutels_absoluut!$C25,CBS_landbouw_2018!$B:$B,0),MATCH(Verdeelsleutels_absoluut!F$1,CBS_landbouw_2018!$C$1:$I$1,0)) -> 7427 | G25: =INDEX(CBS_landbouw_2018!$C:$I,MATCH(Verdeelsleutels_absoluut!$C25,CBS_landbouw_2018!$B:$B,0),MATCH(Verdeelsleutels_absoluut!G$1,CBS_landbouw_2018!$C$1:$I$1,0)) -> 687 | H25: =INDEX(CBS_landbouw_2018!$C:$I,MATCH(Verdeelsleutels_absoluut!$C25,CBS_landbouw_2018!$B:$B,0),MATCH(Verdeelsleutels_absoluut!H$1,CBS_landbouw_2018!$C$1:$I$1,0)) -> 0 | I25: =INDEX(CBS_landbouw_2018!$C:$I,MATCH(Verdeelsleutels_absoluut!$C25,CBS_landbouw_2018!$B:$B,0),MATCH(Verdeelsleutels_absoluut!I$1,CBS_landbouw_2018!$C$1:$I$1,0)) -> 0 | J25: =INDEX(CBS_landbouw_2018!$C:$I,MATCH(Verdeelsleutels_absoluut!$C25,CBS_landbouw_2018!$B:$B,0),MATCH(Verdeelsleutels_absoluut!J$1,CBS_landbouw_2018!$C$1:$I$1,0)) -> 16575 | K25: =INDEX(CBS_landbouw_2018!$C:$I,MATCH(Verdeelsleutels_absoluut!$C25,CBS_landbouw_2018!$B:$B,0),MATCH(Verdeelsleutels_absoluut!K$1,CBS_landbouw_2018!$C$1:$I$1,0)) -> 23186 | L25: =E25-F25 -> 109891 | M25: =INDEX(CBS_bodemgebruik_2015!$C:$F,MATCH(Verdeelsleutels_absoluut!$C25,CBS_bodemgebruik_2015!$B:$B,0),MATCH(Verdeelsleutels_absoluut!M$1,CBS_bodemgebruik_2015!$C$1:$F$1,0)) -> 3241 | N25: =INDEX(CBS_bodemgebruik_2015!$C:$F,MATCH(Verdeelsleutels_absoluut!$C25,CBS_bodemgebruik_2015!$B:$B,0),MATCH(Verdeelsleutels_absoluut!N$1,CBS_bodemgebruik_2015!$C$1:$F$1,0)) -> 890 | O25: =INDEX(CBS_bodemgebruik_2015!$C:$F,MATCH(Verdeelsleutels_absoluut!$C25,CBS_bodemgebruik_2015!$B:$B,0),MATCH(Verdeelsleutels_absoluut!O$1,CBS_bodemgebruik_2015!$C$1:$F$1,0)) -> 2738 | P25: =INDEX(CBS_bodemgebruik_2015!$C:$F,MATCH(Verdeelsleutels_absoluut!$C25,CBS_bodemgebruik_2015!$B:$B,0),MATCH(Verdeelsleutels_absoluut!P$1,CBS_bodemgebruik_2015!$C$1:$F$1,0)) -> 67 | Q25: =INDEX(CBS_bodemgebruik_2015!$C:$I,MATCH(Verdeelsleutels_absoluut!$C25,CBS_bodemgebruik_2015!$B:$B,0),MATCH(Verdeelsleutels_absoluut!Q$1,CBS_bodemgebruik_2015!$C$1:$I$1,0)) -> 462 | R25: =INDEX(CBS_bodemgebruik_2015!$C:$I,MATCH(Verdeelsleutels_absoluut!$C25,CBS_bodemgebruik_2015!$B:$B,0),MATCH(Verdeelsleutels_absoluut!R$1,CBS_bodemgebruik_2015!$C$1:$I$1,0)) -> 58 | S25: =INDEX(CBS_bodemgebruik_2015!$C:$I,MATCH(Verdeelsleutels_absoluut!$C25,CBS_bodemgebruik_2015!$B:$B,0),MATCH(Verdeelsleutels_absoluut!S$1,CBS_bodemgebruik_2015!$C$1:$I$1,0)) -> 966 | T25: =SUM(Q25:S25) -> 1486 | U25: =INDEX(CBS_wegen_2019!B:C,MATCH(C25,CBS_wegen_2019!B:B,0),2) -> 1015
B26: =INDEX('ETLocal datasets'!B:C,MATCH(Verdeelsleutels_absoluut!C26,'ETLocal datasets'!C:C,0),1) -> GM0037 | C26: ='ETLocal datasets'!C12 -> Stadskanaal | D26: =INDEX(CBS_bevolking_2018!B:C,MATCH(Verdeelsleutels_absoluut!C26,CBS_bevolking_2018!B:B,0),2) -> 31789 | E26: =INDEX(CBS_landbouw_2018!$C:$I,MATCH(Verdeelsleutels_absoluut!$C26,CBS_landbouw_2018!$B:$B,0),MATCH(Verdeelsleutels_absoluut!E$1,CBS_landbouw_2018!$C$1:$I$1,0)) -> 785124 | F26: =INDEX(CBS_landbouw_2018!$C:$I,MATCH(Verdeelsleutels_absoluut!$C26,CBS_landbouw_2018!$B:$B,0),MATCH(Verdeelsleutels_absoluut!F$1,CBS_landbouw_2018!$C$1:$I$1,0)) -> 36173 | G26: =INDEX(CBS_landbouw_2018!$C:$I,MATCH(Verdeelsleutels_absoluut!$C26,CBS_landbouw_2018!$B:$B,0),MATCH(Verdeelsleutels_absoluut!G$1,CBS_landbouw_2018!$C$1:$I$1,0)) -> 2049 | H26: =INDEX(CBS_landbouw_2018!$C:$I,MATCH(Verdeelsleutels_absoluut!$C26,CBS_landbouw_2018!$B:$B,0),MATCH(Verdeelsleutels_absoluut!H$1,CBS_landbouw_2018!$C$1:$I$1,0)) -> 4 | I26: =INDEX(CBS_landbouw_2018!$C:$I,MATCH(Verdeelsleutels_absoluut!$C26,CBS_landbouw_2018!$B:$B,0),MATCH(Verdeelsleutels_absoluut!I$1,CBS_landbouw_2018!$C$1:$I$1,0)) -> 483517 | J26: =INDEX(CBS_landbouw_2018!$C:$I,MATCH(Verdeelsleutels_absoluut!$C26,CBS_landbouw_2018!$B:$B,0),MATCH(Verdeelsleutels_absoluut!J$1,CBS_landbouw_2018!$C$1:$I$1,0)) -> 141550 | K26: =INDEX(CBS_landbouw_2018!$C:$I,MATCH(Verdeelsleutels_absoluut!$C26,CBS_landbouw_2018!$B:$B,0),MATCH(Verdeelsleutels_absoluut!K$1,CBS_landbouw_2018!$C$1:$I$1,0)) -> 7372 | L26: =E26-F26 -> 748951 | M26: =INDEX(CBS_bodemgebruik_2015!$C:$F,MATCH(Verdeelsleutels_absoluut!$C26,CBS_bodemgebruik_2015!$B:$B,0),MATCH(Verdeelsleutels_absoluut!M$1,CBS_bodemgebruik_2015!$C$1:$F$1,0)) -> 9290 | N26: =INDEX(CBS_bodemgebruik_2015!$C:$F,MATCH(Verdeelsleutels_absoluut!$C26,CBS_bodemgebruik_2015!$B:$B,0),MATCH(Verdeelsleutels_absoluut!N$1,CBS_bodemgebruik_2015!$C$1:$F$1,0)) -> 75 | O26: =INDEX(CBS_bodemgebruik_2015!$C:$F,MATCH(Verdeelsleutels_absoluut!$C26,CBS_bodemgebruik_2015!$B:$B,0),MATCH(Verdeelsleutels_absoluut!O$1,CBS_bodemgebruik_2015!$C$1:$F$1,0)) -> 558 | P26: =INDEX(CBS_bodemgebruik_2015!$C:$F,MATCH(Verdeelsleutels_absoluut!$C26,CBS_bodemgebruik_2015!$B:$B,0),MATCH(Verdeelsleutels_absoluut!P$1,CBS_bodemgebruik_2015!$C$1:$F$1,0)) -> 21 | Q26: =INDEX(CBS_bodemgebruik_2015!$C:$I,MATCH(Verdeelsleutels_absoluut!$C26,CBS_bodemgebruik_2015!$B:$B,0),MATCH(Verdeelsleutels_absoluut!Q$1,CBS_bodemgebruik_2015!$C$1:$I$1,0)) -> 105 | R26: =INDEX(CBS_bodemgebruik_2015!$C:$I,MATCH(Verdeelsleutels_absoluut!$C26,CBS_bodemgebruik_2015!$B:$B,0),MATCH(Verdeelsleutels_absoluut!R$1,CBS_bodemgebruik_2015!$C$1:$I$1,0)) -> 15 | S26: =INDEX(CBS_bodemgebruik_2015!$C:$I,MATCH(Verdeelsleutels_absoluut!$C26,CBS_bodemgebruik_2015!$B:$B,0),MATCH(Verdeelsleutels_absoluut!S$1,CBS_bodemgebruik_2015!$C$1:$I$1,0)) -> 215 | T26: =SUM(Q26:S26) -> 335 | U26: =INDEX(CBS_wegen_2019!B:C,MATCH(C26,CBS_wegen_2019!B:B,0),2) -> 395
B27: =INDEX('ETLocal datasets'!B:C,MATCH(Verdeelsleutels_absoluut!C27,'ETLocal datasets'!C:C,0),1) -> GM0047 | C27: ='ETLocal datasets'!C13 -> Veendam | D27: =INDEX(CBS_bevolking_2018!B:C,MATCH(Verdeelsleutels_absoluut!C27,CBS_bevolking_2018!B:B,0),2) -> 27491 | E27: =INDEX(CBS_landbouw_2018!$C:$I,MATCH(Verdeelsleutels_absoluut!$C27,CBS_landbouw_2018!$B:$B,0),MATCH(Verdeelsleutels_absoluut!E$1,CBS_landbouw_2018!$C$1:$I$1,0)) -> 437104 | F27: =INDEX(CBS_landbouw_2018!$C:$I,MATCH(Verdeelsleutels_absoluut!$C27,CBS_landbouw_2018!$B:$B,0),MATCH(Verdeelsleutels_absoluut!F$1,CBS_landbouw_2018!$C$1:$I$1,0)) -> 23782 | G27: =INDEX(CBS_landbouw_2018!$C:$I,MATCH(Verdeelsleutels_absoluut!$C27,CBS_landbouw_2018!$B:$B,0),MATCH(Verdeelsleutels_absoluut!G$1,CBS_landbouw_2018!$C$1:$I$1,0)) -> 677 | H27: =INDEX(CBS_landbouw_2018!$C:$I,MATCH(Verdeelsleutels_absoluut!$C27,CBS_landbouw_2018!$B:$B,0),MATCH(Verdeelsleutels_absoluut!H$1,CBS_landbouw_2018!$C$1:$I$1,0)) -> 18668 | I27: =INDEX(CBS_landbouw_2018!$C:$I,MATCH(Verdeelsleutels_absoluut!$C27,CBS_landbouw_2018!$B:$B,0),MATCH(Verdeelsleutels_absoluut!I$1,CBS_landbouw_2018!$C$1:$I$1,0)) -> 166362 | J27: =INDEX(CBS_landbouw_2018!$C:$I,MATCH(Verdeelsleutels_absoluut!$C27,CBS_landbouw_2018!$B:$B,0),MATCH(Verdeelsleutels_absoluut!J$1,CBS_landbouw_2018!$C$1:$I$1,0)) -> 70180 | K27: =INDEX(CBS_landbouw_2018!$C:$I,MATCH(Verdeelsleutels_absoluut!$C27,CBS_landbouw_2018!$B:$B,0),MATCH(Verdeelsleutels_absoluut!K$1,CBS_landbouw_2018!$C$1:$I$1,0)) -> 2571 | L27: =E27-F27 -> 413322 | M27: =INDEX(CBS_bodemgebruik_2015!$C:$F,MATCH(Verdeelsleutels_absoluut!$C27,CBS_bodemgebruik_2015!$B:$B,0),MATCH(Verdeelsleutels_absoluut!M$1,CBS_bodemgebruik_2015!$C$1:$F$1,0)) -> 5696 | N27: =INDEX(CBS_bodemgebruik_2015!$C:$F,MATCH(Verdeelsleutels_absoluut!$C27,CBS_bodemgebruik_2015!$B:$B,0),MATCH(Verdeelsleutels_absoluut!N$1,CBS_bodemgebruik_2015!$C$1:$F$1,0)) -> 137 | O27: =INDEX(CBS_bodemgebruik_2015!$C:$F,MATCH(Verdeelsleutels_absoluut!$C27,CBS_bodemgebruik_2015!$B:$B,0),MATCH(Verdeelsleutels_absoluut!O$1,CBS_bodemgebruik_2015!$C$1:$F$1,0)) -> 54 | P27: =INDEX(CBS_bodemgebruik_2015!$C:$F,MATCH(Verdeelsleutels_absoluut!$C27,CBS_bodemgebruik_2015!$B:$B,0),MATCH(Verdeelsleutels_absoluut!P$1,CBS_bodemgebruik_2015!$C$1:$F$1,0)) -> 0 | Q27: =INDEX(CBS_bodemgebruik_2015!$C:$I,MATCH(Verdeelsleutels_absoluut!$C27,CBS_bodemgebruik_2015!$B:$B,0),MATCH(Verdeelsleutels_absoluut!Q$1,CBS_bodemgebruik_2015!$C$1:$I$1,0)) -> 0 | R27: =INDEX(CBS_bodemgebruik_2015!$C:$I,MATCH(Verdeelsleutels_absoluut!$C27,CBS_bodemgebruik_2015!$B:$B,0),MATCH(Verdeelsleutels_absoluut!R$1,CBS_bodemgebruik_2015!$C$1:$I$1,0)) -> 62 | S27: =INDEX(CBS_bodemgebruik_2015!$C:$I,MATCH(Verdeelsleutels_absoluut!$C27,CBS_bodemgebruik_2015!$B:$B,0),MATCH(Verdeelsleutels_absoluut!S$1,CBS_bodemgebruik_2015!$C$1:$I$1,0)) -> 205 | T27: =SUM(Q27:S27) -> 267 | U27: =INDEX(CBS_wegen_2019!B:C,MATCH(C27,CBS_wegen_2019!B:B,0),2) -> 248
B28: =INDEX('ETLocal datasets'!B:C,MATCH(Verdeelsleutels_absoluut!C28,'ETLocal datasets'!C:C,0),1) -> GM0050 | C28: ='ETLocal datasets'!C14 -> Zeewolde | D28: =INDEX(CBS_bevolking_2018!B:C,MATCH(Verdeelsleutels_absoluut!C28,CBS_bevolking_2018!B:B,0),2) -> 22309 | E28: =INDEX(CBS_landbouw_2018!$C:$I,MATCH(Verdeelsleutels_absoluut!$C28,CBS_landbouw_2018!$B:$B,0),MATCH(Verdeelsleutels_absoluut!E$1,CBS_landbouw_2018!$C$1:$I$1,0)) -> 1738021 | F28: =INDEX(CBS_landbouw_2018!$C:$I,MATCH(Verdeelsleutels_absoluut!$C28,CBS_landbouw_2018!$B:$B,0),MATCH(Verdeelsleutels_absoluut!F$1,CBS_landbouw_2018!$C$1:$I$1,0)) -> 113679 | G28: =INDEX(CBS_landbouw_2018!$C:$I,MATCH(Verdeelsleutels_absoluut!$C28,CBS_landbouw_2018!$B:$B,0),MATCH(Verdeelsleutels_absoluut!G$1,CBS_landbouw_2018!$C$1:$I$1,0)) -> 12051 | H28: =INDEX(CBS_landbouw_2018!$C:$I,MATCH(Verdeelsleutels_absoluut!$C28,CBS_landbouw_2018!$B:$B,0),MATCH(Verdeelsleutels_absoluut!H$1,CBS_landbouw_2018!$C$1:$I$1,0)) -> 12260 | I28: =INDEX(CBS_landbouw_2018!$C:$I,MATCH(Verdeelsleutels_absoluut!$C28,CBS_landbouw_2018!$B:$B,0),MATCH(Verdeelsleutels_absoluut!I$1,CBS_landbouw_2018!$C$1:$I$1,0)) -> 484061 | J28: =INDEX(CBS_landbouw_2018!$C:$I,MATCH(Verdeelsleutels_absoluut!$C28,CBS_landbouw_2018!$B:$B,0),MATCH(Verdeelsleutels_absoluut!J$1,CBS_landbouw_2018!$C$1:$I$1,0)) -> 265714 | K28: =INDEX(CBS_landbouw_2018!$C:$I,MATCH(Verdeelsleutels_absoluut!$C28,CBS_landbouw_2018!$B:$B,0),MATCH(Verdeelsleutels_absoluut!K$1,CBS_landbouw_2018!$C$1:$I$1,0)) -> 261520 | L28: =E28-F28 -> 1624342 | M28: =INDEX(CBS_bodemgebruik_2015!$C:$F,MATCH(Verdeelsleutels_absoluut!$C28,CBS_bodemgebruik_2015!$B:$B,0),MATCH(Verdeelsleutels_absoluut!M$1,CBS_bodemgebruik_2015!$C$1:$F$1,0)) -> 17239 | N28: =INDEX(CBS_bodemgebruik_2015!$C:$F,MATCH(Verdeelsleutels_absoluut!$C28,CBS_bodemgebruik_2015!$B:$B,0),MATCH(Verdeelsleutels_absoluut!N$1,CBS_bodemgebruik_2015!$C$1:$F$1,0)) -> 117 | O28: =INDEX(CBS_bodemgebruik_2015!$C:$F,MATCH(Verdeelsleutels_absoluut!$C28,CBS_bodemgebruik_2015!$B:$B,0),MATCH(Verdeelsleutels_absoluut!O$1,CBS_bodemgebruik_2015!$C$1:$F$1,0)) -> 4863 | P28: =INDEX(CBS_bodemgebruik_2015!$C:$F,MATCH(Verdeelsleutels_absoluut!$C28,CBS_bodemgebruik_2015!$B:$B,0),MATCH(Verdeelsleutels_absoluut!P$1,CBS_bodemgebruik_2015!$C$1:$F$1,0)) -> 417 | Q28: =INDEX(CBS_bodemgebruik_2015!$C:$I,MATCH(Verdeelsleutels_absoluut!$C28,CBS_bodemgebruik_2015!$B:$B,0),MATCH(Verdeelsleutels_absoluut!Q$1,CBS_bodemgebruik_2015!$C$1:$I$1,0)) -> 308 | R28: =INDEX(CBS_bodemgebruik_2015!$C:$I,MATCH(Verdeelsleutels_absoluut!$C28,CBS_bodemgebruik_2015!$B:$B,0),MATCH(Verdeelsleutels_absoluut!R$1,CBS_bodemgebruik_2015!$C$1:$I$1,0)) -> 51 | S28: =INDEX(CBS_bodemgebruik_2015!$C:$I,MATCH(Verdeelsleutels_absoluut!$C28,CBS_bodemgebruik_2015!$B:$B,0),MATCH(Verdeelsleutels_absoluut!S$1,CBS_bodemgebruik_2015!$C$1:$I$1,0)) -> 502 | T28: =SUM(Q28:S28) -> 861 | U28: =INDEX(CBS_wegen_2019!B:C,MATCH(C28,CBS_wegen_2019!B:B,0),2) -> 307
... B256: =INDEX('ETLocal datasets'!B:C,MATCH(Verdeelsleutels_absoluut!C256,'ETLocal datasets'!C:C,0),1) -> GM0815 | C256: ='ETLocal datasets'!C242 -> Mill en Sint Hubert | D256: =INDEX(CBS_bevolking_2018!B:C,MATCH(Verdeelsleutels_absoluut!C256,CBS_bevolking_2018!B:B,0),2) -> 10891 | E256: =INDEX(CBS_landbouw_2018!$C:$I,MATCH(Verdeelsleutels_absoluut!$C256,CBS_landbouw_2018!$B:$B,0),MATCH(Verdeelsleutels_absoluut!E$1,CBS_landbouw_2018!$C$1:$I$1,0)) -> 242800 | F256: =INDEX(CBS_landbouw_2018!$C:$I,MATCH(Verdeelsleutels_absoluut!$C256,CBS_landbouw_2018!$B:$B,0),MATCH(Verdeelsleutels_absoluut!F$1,CBS_landbouw_2018!$C$1:$I$1,0)) -> 32805 | G256: =INDEX(CBS_landbouw_2018!$C:$I,MATCH(Verdeelsleutels_absoluut!$C256,CBS_landbouw_2018!$B:$B,0),MATCH(Verdeelsleutels_absoluut!G$1,CBS_landbouw_2018!$C$1:$I$1,0)) -> 2372 | H256: =INDEX(CBS_landbouw_2018!$C:$I,MATCH(Verdeelsleutels_absoluut!$C256,CBS_landbouw_2018!$B:$B,0),MATCH(Verdeelsleutels_absoluut!H$1,CBS_landbouw_2018!$C$1:$I$1,0)) -> 76427 | I256: =INDEX(CBS_landbouw_2018!$C:$I,MATCH(Verdeelsleutels_absoluut!$C256,CBS_landbouw_2018!$B:$B,0),MATCH(Verdeelsleutels_absoluut!I$1,CBS_landbouw_2018!$C$1:$I$1,0)) -> 335001 | J256: =INDEX(CBS_landbouw_2018!$C:$I,MATCH(Verdeelsleutels_absoluut!$C256,CBS_landbouw_2018!$B:$B,0),MATCH(Verdeelsleutels_absoluut!J$1,CBS_landbouw_2018!$C$1:$I$1,0)) -> 20203 | K256: =INDEX(CBS_landbouw_2018!$C:$I,MATCH(Verdeelsleutels_absoluut!$C256,CBS_landbouw_2018!$B:$B,0),MATCH(Verdeelsleutels_absoluut!K$1,CBS_landbouw_2018!$C$1:$I$1,0)) -> 6037 | L256: =E256-F256 -> 209995 | M256: =INDEX(CBS_bodemgebruik_2015!$C:$F,MATCH(Verdeelsleutels_absoluut!$C256,CBS_bodemgebruik_2015!$B:$B,0),MATCH(Verdeelsleutels_absoluut!M$1,CBS_bodemgebruik_2015!$C$1:$F$1,0)) -> 3832 | N256: =INDEX(CBS_bodemgebruik_2015!$C:$F,MATCH(Verdeelsleutels_absoluut!$C256,CBS_bodemgebruik_2015!$B:$B,0),MATCH(Verdeelsleutels_absoluut!N$1,CBS_bodemgebruik_2015!$C$1:$F$1,0)) -> 3 | O256: =INDEX(CBS_bodemgebruik_2015!$C:$F,MATCH(Verdeelsleutels_absoluut!$C256,CBS_bodemgebruik_2015!$B:$B,0),MATCH(Verdeelsleutels_absoluut!O$1,CBS_bodemgebruik_2015!$C$1:$F$1,0)) -> 800 | P256: =INDEX(CBS_bodemgebruik_2015!$C:$F,MATCH(Verdeelsleutels_absoluut!$C256,CBS_bodemgebruik_2015!$B:$B,0),MATCH(Verdeelsleutels_absoluut!P$1,CBS_bodemgebruik_2015!$C$1:$F$1,0)) -> 29 | Q256: =INDEX(CBS_bodemgebruik_2015!$C:$I,MATCH(Verdeelsleutels_absoluut!$C256,CBS_bodemgebruik_2015!$B:$B,0),MATCH(Verdeelsleutels_absoluut!Q$1,CBS_bodemgebruik_2015!$C$1:$I$1,0)) -> 13 | R256: =INDEX(CBS_bodemgebruik_2015!$C:$I,MATCH(Verdeelsleutels_absoluut!$C256,CBS_bodemgebruik_2015!$B:$B,0),MATCH(Verdeelsleutels_absoluut!R$1,CBS_bodemgebruik_2015!$C$1:$I$1,0)) -> 0 | S256: =INDEX(CBS_bodemgebruik_2015!$C:$I,MATCH(Verdeelsleutels_absoluut!$C256,CBS_bodemgebruik_2015!$B:$B,0),MATCH(Verdeelsleutels_absoluut!S$1,CBS_bodemgebruik_2015!$C$1:$I$1,0)) -> 28 | T256: =SUM(Q256:S256) -> 41 | U256: =INDEX(CBS_wegen_2019!B:C,MATCH(C256,CBS_wegen_2019!B:B,0),2) -> 222
B257: =INDEX('ETLocal datasets'!B:C,MATCH(Verdeelsleutels_absoluut!C257,'ETLocal datasets'!C:C,0),1) -> GM0820 | C257: ='ETLocal datasets'!C243 -> Nuenen, Gerwen en Nederwetten | D257: =INDEX(CBS_bevolking_2018!B:C,MATCH(Verdeelsleutels_absoluut!C257,CBS_bevolking_2018!B:B,0),2) -> 23186 | E257: =INDEX(CBS_landbouw_2018!$C:$I,MATCH("Nuenen",CBS_landbouw_2018!$B:$B,0),MATCH(Verdeelsleutels_absoluut!E$1,CBS_landbouw_2018!$C$1:$I$1,0)) -> 0 | F257: =INDEX(CBS_landbouw_2018!$C:$I,MATCH("Nuenen",CBS_landbouw_2018!$B:$B,0),MATCH(Verdeelsleutels_absoluut!F$1,CBS_landbouw_2018!$C$1:$I$1,0)) -> 0 | G257: =INDEX(CBS_landbouw_2018!$C:$I,MATCH("Nuenen",CBS_landbouw_2018!$B:$B,0),MATCH(Verdeelsleutels_absoluut!G$1,CBS_landbouw_2018!$C$1:$I$1,0)) -> 0 | H257: =INDEX(CBS_landbouw_2018!$C:$I,MATCH("Nuenen",CBS_landbouw_2018!$B:$B,0),MATCH(Verdeelsleutels_absoluut!H$1,CBS_landbouw_2018!$C$1:$I$1,0)) -> 0 | I257: =INDEX(CBS_landbouw_2018!$C:$I,MATCH("Nuenen",CBS_landbouw_2018!$B:$B,0),MATCH(Verdeelsleutels_absoluut!I$1,CBS_landbouw_2018!$C$1:$I$1,0)) -> 0 | J257: =INDEX(CBS_landbouw_2018!$C:$I,MATCH("Nuenen",CBS_landbouw_2018!$B:$B,0),MATCH(Verdeelsleutels_absoluut!J$1,CBS_landbouw_2018!$C$1:$I$1,0)) -> 0 | K257: =INDEX(CBS_landbouw_2018!$C:$I,MATCH("Nuenen",CBS_landbouw_2018!$B:$B,0),MATCH(Verdeelsleutels_absoluut!K$1,CBS_landbouw_2018!$C$1:$I$1,0)) -> 0 | L257: =E257-F257 -> 0 | M257: =INDEX(CBS_bodemgebruik_2015!$C:$F,MATCH("Nuenen",CBS_bodemgebruik_2015!$B:$B,0),MATCH(Verdeelsleutels_absoluut!M$1,CBS_bodemgebruik_2015!$C$1:$F$1,0)) -> 0 | N257: =INDEX(CBS_bodemgebruik_2015!$C:$F,MATCH("Nuenen",CBS_bodemgebruik_2015!$B:$B,0),MATCH(Verdeelsleutels_absoluut!N$1,CBS_bodemgebruik_2015!$C$1:$F$1,0)) -> 0 | O257: =INDEX(CBS_bodemgebruik_2015!$C:$F,MATCH("Nuenen",CBS_bodemgebruik_2015!$B:$B,0),MATCH(Verdeelsleutels_absoluut!O$1,CBS_bodemgebruik_2015!$C$1:$F$1,0)) -> 0 | P257: =INDEX(CBS_bodemgebruik_2015!$C:$F,MATCH("Nuenen",CBS_bodemgebruik_2015!$B:$B,0),MATCH(Verdeelsleutels_absoluut!P$1,CBS_bodemgebruik_2015!$C$1:$F$1,0)) -> 0 | Q257: 0 | R257: 0 | S257: 0 | T257: 0 | U257: =INDEX(CBS_wegen_2019!B:C,MATCH("Nuenen",CBS_wegen_2019!B:B,0),2) -> 0
B258: =INDEX('ETLocal datasets'!B:C,MATCH(Verdeelsleutels_absoluut!C258,'ETLocal datasets'!C:C,0),1) -> GM0823 | C258: ='ETLocal datasets'!C244 -> Oirschot | D258: =INDEX(CBS_bevolking_2018!B:C,MATCH(Verdeelsleutels_absoluut!C258,CBS_bevolking_2018!B:B,0),2) -> 18623 | E258: =INDEX(CBS_landbouw_2018!$C:$I,MATCH(Verdeelsleutels_absoluut!$C258,CBS_landbouw_2018!$B:$B,0),MATCH(Verdeelsleutels_absoluut!E$1,CBS_landbouw_2018!$C$1:$I$1,0)) -> 427628 | F258: =INDEX(CBS_landbouw_2018!$C:$I,MATCH(Verdeelsleutels_absoluut!$C258,CBS_landbouw_2018!$B:$B,0),MATCH(Verdeelsleutels_absoluut!F$1,CBS_landbouw_2018!$C$1:$I$1,0)) -> 87023 | G258: =INDEX(CBS_landbouw_2018!$C:$I,MATCH(Verdeelsleutels_absoluut!$C258,CBS_landbouw_2018!$B:$B,0),MATCH(Verdeelsleutels_absoluut!G$1,CBS_landbouw_2018!$C$1:$I$1,0)) -> 4954 | H258: =INDEX(CBS_landbouw_2018!$C:$I,MATCH(Verdeelsleutels_absoluut!$C258,CBS_landbouw_2018!$B:$B,0),MATCH(Verdeelsleutels_absoluut!H$1,CBS_landbouw_2018!$C$1:$I$1,0)) -> 143923 | I258: =INDEX(CBS_landbouw_2018!$C:$I,MATCH(Verdeelsleutels_absoluut!$C258,CBS_landbouw_2018!$B:$B,0),MATCH(Verdeelsleutels_absoluut!I$1,CBS_landbouw_2018!$C$1:$I$1,0)) -> 938158 | J258: =INDEX(CBS_landbouw_2018!$C:$I,MATCH(Verdeelsleutels_absoluut!$C258,CBS_landbouw_2018!$B:$B,0),MATCH(Verdeelsleutels_absoluut!J$1,CBS_landbouw_2018!$C$1:$I$1,0)) -> 5150 | K258: =INDEX(CBS_landbouw_2018!$C:$I,MATCH(Verdeelsleutels_absoluut!$C258,CBS_landbouw_2018!$B:$B,0),MATCH(Verdeelsleutels_absoluut!K$1,CBS_landbouw_2018!$C$1:$I$1,0)) -> 8114 | L258: =E258-F258 -> 340605 | M258: =INDEX(CBS_bodemgebruik_2015!$C:$F,MATCH(Verdeelsleutels_absoluut!$C258,CBS_bodemgebruik_2015!$B:$B,0),MATCH(Verdeelsleutels_absoluut!M$1,CBS_bodemgebruik_2015!$C$1:$F$1,0)) -> 5804 | N258: =INDEX(CBS_bodemgebruik_2015!$C:$F,MATCH(Verdeelsleutels_absoluut!$C258,CBS_bodemgebruik_2015!$B:$B,0),MATCH(Verdeelsleutels_absoluut!N$1,CBS_bodemgebruik_2015!$C$1:$F$1,0)) -> 10 | O258: =INDEX(CBS_bodemgebruik_2015!$C:$F,MATCH(Verdeelsleutels_absoluut!$C258,CBS_bodemgebruik_2015!$B:$B,0),MATCH(Verdeelsleutels_absoluut!O$1,CBS_bodemgebruik_2015!$C$1:$F$1,0)) -> 2524 | P258: =INDEX(CBS_bodemgebruik_2015!$C:$F,MATCH(Verdeelsleutels_absoluut!$C258,CBS_bodemgebruik_2015!$B:$B,0),MATCH(Verdeelsleutels_absoluut!P$1,CBS_bodemgebruik_2015!$C$1:$F$1,0)) -> 569 | Q258: =INDEX(CBS_bodemgebruik_2015!$C:$I,MATCH(Verdeelsleutels_absoluut!$C258,CBS_bodemgebruik_2015!$B:$B,0),MATCH(Verdeelsleutels_absoluut!Q$1,CBS_bodemgebruik_2015!$C$1:$I$1,0)) -> 146 | R258: =INDEX(CBS_bodemgebruik_2015!$C:$I,MATCH(Verdeelsleutels_absoluut!$C258,CBS_bodemgebruik_2015!$B:$B,0),MATCH(Verdeelsleutels_absoluut!R$1,CBS_bodemgebruik_2015!$C$1:$I$1,0)) -> 2 | S258: =INDEX(CBS_bodemgebruik_2015!$C:$I,MATCH(Verdeelsleutels_absoluut!$C258,CBS_bodemgebruik_2015!$B:$B,0),MATCH(Verdeelsleutels_absoluut!S$1,CBS_bodemgebruik_2015!$C$1:$I$1,0)) -> 104 | T258: =SUM(Q258:S258) -> 252 | U258: =INDEX(CBS_wegen_2019!B:C,MATCH(C258,CBS_wegen_2019!B:B,0),2) -> 305
B259: =INDEX('ETLocal datasets'!B:C,MATCH(Verdeelsleutels_absoluut!C259,'ETLocal datasets'!C:C,0),1) -> GM0824 | C259: ='ETLocal datasets'!C245 -> Oisterwijk | D259: =INDEX(CBS_bevolking_2018!B:C,MATCH(Verdeelsleutels_absoluut!C259,CBS_bevolking_2018!B:B,0),2) -> 26140 | E259: =INDEX(CBS_landbouw_2018!$C:$I,MATCH(Verdeelsleutels_absoluut!$C259,CBS_landbouw_2018!$B:$B,0),MATCH(Verdeelsleutels_absoluut!E$1,CBS_landbouw_2018!$C$1:$I$1,0)) -> 224476 | F259: =INDEX(CBS_landbouw_2018!$C:$I,MATCH(Verdeelsleutels_absoluut!$C259,CBS_landbouw_2018!$B:$B,0),MATCH(Verdeelsleutels_absoluut!F$1,CBS_landbouw_2018!$C$1:$I$1,0)) -> 45961 | G259: =INDEX(CBS_landbouw_2018!$C:$I,MATCH(Verdeelsleutels_absoluut!$C259,CBS_landbouw_2018!$B:$B,0),MATCH(Verdeelsleutels_absoluut!G$1,CBS_landbouw_2018!$C$1:$I$1,0)) -> 2944 | H259: =INDEX(CBS_landbouw_2018!$C:$I,MATCH(Verdeelsleutels_absoluut!$C259,CBS_landbouw_2018!$B:$B,0),MATCH(Verdeelsleutels_absoluut!H$1,CBS_landbouw_2018!$C$1:$I$1,0)) -> 100606 | I259: =INDEX(CBS_landbouw_2018!$C:$I,MATCH(Verdeelsleutels_absoluut!$C259,CBS_landbouw_2018!$B:$B,0),MATCH(Verdeelsleutels_absoluut!I$1,CBS_landbouw_2018!$C$1:$I$1,0)) -> 237883 | J259: =INDEX(CBS_landbouw_2018!$C:$I,MATCH(Verdeelsleutels_absoluut!$C259,CBS_landbouw_2018!$B:$B,0),MATCH(Verdeelsleutels_absoluut!J$1,CBS_landbouw_2018!$C$1:$I$1,0)) -> 8801 | K259: =INDEX(CBS_landbouw_2018!$C:$I,MATCH(Verdeelsleutels_absoluut!$C259,CBS_landbouw_2018!$B:$B,0),MATCH(Verdeelsleutels_absoluut!K$1,CBS_landbouw_2018!$C$1:$I$1,0)) -> 8001 | L259: =E259-F259 -> 178515 | M259: =INDEX(CBS_bodemgebruik_2015!$C:$F,MATCH(Verdeelsleutels_absoluut!$C259,CBS_bodemgebruik_2015!$B:$B,0),MATCH(Verdeelsleutels_absoluut!M$1,CBS_bodemgebruik_2015!$C$1:$F$1,0)) -> 3625 | N259: =INDEX(CBS_bodemgebruik_2015!$C:$F,MATCH(Verdeelsleutels_absoluut!$C259,CBS_bodemgebruik_2015!$B:$B,0),MATCH(Verdeelsleutels_absoluut!N$1,CBS_bodemgebruik_2015!$C$1:$F$1,0)) -> 25 | O259: =INDEX(CBS_bodemgebruik_2015!$C:$F,MATCH(Verdeelsleutels_absoluut!$C259,CBS_bodemgebruik_2015!$B:$B,0),MATCH(Verdeelsleutels_absoluut!O$1,CBS_bodemgebruik_2015!$C$1:$F$1,0)) -> 1474 | P259: =INDEX(CBS_bodemgebruik_2015!$C:$F,MATCH(Verdeelsleutels_absoluut!$C259,CBS_bodemgebruik_2015!$B:$B,0),MATCH(Verdeelsleutels_absoluut!P$1,CBS_bodemgebruik_2015!$C$1:$F$1,0)) -> 139 | Q259: =INDEX(CBS_bodemgebruik_2015!$C:$I,MATCH(Verdeelsleutels_absoluut!$C259,CBS_bodemgebruik_2015!$B:$B,0),MATCH(Verdeelsleutels_absoluut!Q$1,CBS_bodemgebruik_2015!$C$1:$I$1,0)) -> 121 | R259: =INDEX(CBS_bodemgebruik_2015!$C:$I,MATCH(Verdeelsleutels_absoluut!$C259,CBS_bodemgebruik_2015!$B:$B,0),MATCH(Verdeelsleutels_absoluut!R$1,CBS_bodemgebruik_2015!$C$1:$I$1,0)) -> 8 | S259: =INDEX(CBS_bodemgebruik_2015!$C:$I,MATCH(Verdeelsleutels_absoluut!$C259,CBS_bodemgebruik_2015!$B:$B,0),MATCH(Verdeelsleutels_absoluut!S$1,CBS_bodemgebruik_2015!$C$1:$I$1,0)) -> 120 | T259: =SUM(Q259:S259) -> 249 | U259: =INDEX(CBS_wegen_2019!B:C,MATCH(C259,CBS_wegen_2019!B:B,0),2) -> 268
B260: =INDEX('ETLocal datasets'!B:C,MATCH(Verdeelsleutels_absoluut!C260,'ETLocal datasets'!C:C,0),1) -> GM0826 | C260: ='ETLocal datasets'!C246 -> Oosterhout | D260: =INDEX(CBS_bevolking_2018!B:C,MATCH(Verdeelsleutels_absoluut!C260,CBS_bevolking_2018!B:B,0),2) -> 55616 | E260: =INDEX(CBS_landbouw_2018!$C:$I,MATCH(Verdeelsleutels_absoluut!$C260,CBS_landbouw_2018!$B:$B,0),MATCH(Verdeelsleutels_absoluut!E$1,CBS_landbouw_2018!$C$1:$I$1,0)) -> 276681 | F260: =INDEX(CBS_landbouw_2018!$C:$I,MATCH(Verdeelsleutels_absoluut!$C260,CBS_landbouw_2018!$B:$B,0),MATCH(Verdeelsleutels_absoluut!F$1,CBS_landbouw_2018!$C$1:$I$1,0)) -> 71219 | G260: =INDEX(CBS_landbouw_2018!$C:$I,MATCH(Verdeelsleutels_absoluut!$C260,CBS_landbouw_2018!$B:$B,0),MATCH(Verdeelsleutels_absoluut!G$1,CBS_landbouw_2018!$C$1:$I$1,0)) -> 3669 | H260: =INDEX(CBS_landbouw_2018!$C:$I,MATCH(Verdeelsleutels_absoluut!$C260,CBS_landbouw_2018!$B:$B,0),MATCH(Verdeelsleutels_absoluut!H$1,CBS_landbouw_2018!$C$1:$I$1,0)) -> 12151 | I260: =INDEX(CBS_landbouw_2018!$C:$I,MATCH(Verdeelsleutels_absoluut!$C260,CBS_landbouw_2018!$B:$B,0),MATCH(Verdeelsleutels_absoluut!I$1,CBS_landbouw_2018!$C$1:$I$1,0)) -> 78140 | J260: =INDEX(CBS_landbouw_2018!$C:$I,MATCH(Verdeelsleutels_absoluut!$C260,CBS_landbouw_2018!$B:$B,0),MATCH(Verdeelsleutels_absoluut!J$1,CBS_landbouw_2018!$C$1:$I$1,0)) -> 11630 | K260: =INDEX(CBS_landbouw_2018!$C:$I,MATCH(Verdeelsleutels_absoluut!$C260,CBS_landbouw_2018!$B:$B,0),MATCH(Verdeelsleutels_absoluut!K$1,CBS_landbouw_2018!$C$1:$I$1,0)) -> 7267 | L260: =E260-F260 -> 205462 | M260: =INDEX(CBS_bodemgebruik_2015!$C:$F,MATCH(Verdeelsleutels_absoluut!$C260,CBS_bodemgebruik_2015!$B:$B,0),MATCH(Verdeelsleutels_absoluut!M$1,CBS_bodemgebruik_2015!$C$1:$F$1,0)) -> 3320 | N260: =INDEX(CBS_bodemgebruik_2015!$C:$F,MATCH(Verdeelsleutels_absoluut!$C260,CBS_bodemgebruik_2015!$B:$B,0),MATCH(Verdeelsleutels_absoluut!N$1,CBS_bodemgebruik_2015!$C$1:$F$1,0)) -> 108 | O260: =INDEX(CBS_bodemgebruik_2015!$C:$F,MATCH(Verdeelsleutels_absoluut!$C260,CBS_bodemgebruik_2015!$B:$B,0),MATCH(Verdeelsleutels_absoluut!O$1,CBS_bodemgebruik_2015!$C$1:$F$1,0)) -> 1357 | P260: =INDEX(CBS_bodemgebruik_2015!$C:$F,MATCH(Verdeelsleutels_absoluut!$C260,CBS_bodemgebruik_2015!$B:$B,0),MATCH(Verdeelsleutels_absoluut!P$1,CBS_bodemgebruik_2015!$C$1:$F$1,0)) -> 46 | Q260: =INDEX(CBS_bodemgebruik_2015!$C:$I,MATCH(Verdeelsleutels_absoluut!$C260,CBS_bodemgebruik_2015!$B:$B,0),MATCH(Verdeelsleutels_absoluut!Q$1,CBS_bodemgebruik_2015!$C$1:$I$1,0)) -> 0 | R260: =INDEX(CBS_bodemgebruik_2015!$C:$I,MATCH(Verdeelsleutels_absoluut!$C260,CBS_bodemgebruik_2015!$B:$B,0),MATCH(Verdeelsleutels_absoluut!R$1,CBS_bodemgebruik_2015!$C$1:$I$1,0)) -> 9 | S260: =INDEX(CBS_bodemgebruik_2015!$C:$I,MATCH(Verdeelsleutels_absoluut!$C260,CBS_bodemgebruik_2015!$B:$B,0),MATCH(Verdeelsleutels_absoluut!S$1,CBS_bodemgebruik_2015!$C$1:$I$1,0)) -> 123 | T260: =SUM(Q260:S260) -> 132 | U260: =INDEX(CBS_wegen_2019!B:C,MATCH(C260,CBS_wegen_2019!B:B,0),2) -> 394
B261: =INDEX('ETLocal datasets'!B:C,MATCH(Verdeelsleutels_absoluut!C261,'ETLocal datasets'!C:C,0),1) -> GM0828 | C261: ='ETLocal datasets'!C247 -> Oss | D261: =INDEX(CBS_bevolking_2018!B:C,MATCH(Verdeelsleutels_absoluut!C261,CBS_bevolking_2018!B:B,0),2) -> 91451 | E261: =INDEX(CBS_landbouw_2018!$C:$I,MATCH(Verdeelsleutels_absoluut!$C261,CBS_landbouw_2018!$B:$B,0),MATCH(Verdeelsleutels_absoluut!E$1,CBS_landbouw_2018!$C$1:$I$1,0)) -> 871332 | F261: =INDEX(CBS_landbouw_2018!$C:$I,MATCH(Verdeelsleutels_absoluut!$C261,CBS_landbouw_2018!$B:$B,0),MATCH(Verdeelsleutels_absoluut!F$1,CBS_landbouw_2018!$C$1:$I$1,0)) -> 349797 | G261: =INDEX(CBS_landbouw_2018!$C:$I,MATCH(Verdeelsleutels_absoluut!$C261,CBS_landbouw_2018!$B:$B,0),MATCH(Verdeelsleutels_absoluut!G$1,CBS_landbouw_2018!$C$1:$I$1,0)) -> 13204 | H261: =INDEX(CBS_landbouw_2018!$C:$I,MATCH(Verdeelsleutels_absoluut!$C261,CBS_landbouw_2018!$B:$B,0),MATCH(Verdeelsleutels_absoluut!H$1,CBS_landbouw_2018!$C$1:$I$1,0)) -> 209878 | I261: =INDEX(CBS_landbouw_2018!$C:$I,MATCH(Verdeelsleutels_absoluut!$C261,CBS_landbouw_2018!$B:$B,0),MATCH(Verdeelsleutels_absoluut!I$1,CBS_landbouw_2018!$C$1:$I$1,0)) -> 330206 | J261: =INDEX(CBS_landbouw_2018!$C:$I,MATCH(Verdeelsleutels_absoluut!$C261,CBS_landbouw_2018!$B:$B,0),MATCH(Verdeelsleutels_absoluut!J$1,CBS_landbouw_2018!$C$1:$I$1,0)) -> 38219 | K261: =INDEX(CBS_landbouw_2018!$C:$I,MATCH(Verdeelsleutels_absoluut!$C261,CBS_landbouw_2018!$B:$B,0),MATCH(Verdeelsleutels_absoluut!K$1,CBS_landbouw_2018!$C$1:$I$1,0)) -> 5443 | L261: =E261-F261 -> 521535 | M261: =INDEX(CBS_bodemgebruik_2015!$C:$F,MATCH(Verdeelsleutels_absoluut!$C261,CBS_bodemgebruik_2015!$B:$B,0),MATCH(Verdeelsleutels_absoluut!M$1,CBS_bodemgebruik_2015!$C$1:$F$1,0)) -> 11665 | N261: =INDEX(CBS_bodemgebruik_2015!$C:$F,MATCH(Verdeelsleutels_absoluut!$C261,CBS_bodemgebruik_2015!$B:$B,0),MATCH(Verdeelsleutels_absoluut!N$1,CBS_bodemgebruik_2015!$C$1:$F$1,0)) -> 178 | O261: =INDEX(CBS_bodemgebruik_2015!$C:$F,MATCH(Verdeelsleutels_absoluut!$C261,CBS_bodemgebruik_2015!$B:$B,0),MATCH(Verdeelsleutels_absoluut!O$1,CBS_bodemgebruik_2015!$C$1:$F$1,0)) -> 805 | P261: =INDEX(CBS_bodemgebruik_2015!$C:$F,MATCH(Verdeelsleutels_absoluut!$C261,CBS_bodemgebruik_2015!$B:$B,0),MATCH(Verdeelsleutels_absoluut!P$1,CBS_bodemgebruik_2015!$C$1:$F$1,0)) -> 44 | Q261: =INDEX(CBS_bodemgebruik_2015!$C:$I,MATCH(Verdeelsleutels_absoluut!$C261,CBS_bodemgebruik_2015!$B:$B,0),MATCH(Verdeelsleutels_absoluut!Q$1,CBS_bodemgebruik_2015!$C$1:$I$1,0)) -> 24 | R261: =INDEX(CBS_bodemgebruik_2015!$C:$I,MATCH(Verdeelsleutels_absoluut!$C261,CBS_bodemgebruik_2015!$B:$B,0),MATCH(Verdeelsleutels_absoluut!R$1,CBS_bodemgebruik_2015!$C$1:$I$1,0)) -> 202 | S261: =INDEX(CBS_bodemgebruik_2015!$C:$I,MATCH(Verdeelsleutels_absoluut!$C261,CBS_bodemgebruik_2015!$B:$B,0),MATCH(Verdeelsleutels_absoluut!S$1,CBS_bodemgebruik_2015!$C$1:$I$1,0)) -> 281 | T261: =SUM(Q261:S261) -> 507 | U261: =INDEX(CBS_wegen_2019!B:C,MATCH(C261,CBS_wegen_2019!B:B,0),2) -> 809
B262: =INDEX('ETLocal datasets'!B:C,MATCH(Verdeelsleutels_absoluut!C262,'ETLocal datasets'!C:C,0),1) -> GM0840 | C262: ='ETLocal datasets'!C248 -> Rucphen | D262: =INDEX(CBS_bevolking_2018!B:C,MATCH(Verdeelsleutels_absoluut!C262,CBS_bevolking_2018!B:B,0),2) -> 22572 | E262: =INDEX(CBS_landbouw_2018!$C:$I,MATCH(Verdeelsleutels_absoluut!$C262,CBS_landbouw_2018!$B:$B,0),MATCH(Verdeelsleutels_absoluut!E$1,CBS_landbouw_2018!$C$1:$I$1,0)) -> 339763 | F262: =INDEX(CBS_landbouw_2018!$C:$I,MATCH(Verdeelsleutels_absoluut!$C262,CBS_landbouw_2018!$B:$B,0),MATCH(Verdeelsleutels_absoluut!F$1,CBS_landbouw_2018!$C$1:$I$1,0)) -> 76927 | G262: =INDEX(CBS_landbouw_2018!$C:$I,MATCH(Verdeelsleutels_absoluut!$C262,CBS_landbouw_2018!$B:$B,0),MATCH(Verdeelsleutels_absoluut!G$1,CBS_landbouw_2018!$C$1:$I$1,0)) -> 3557 | H262: =INDEX(CBS_landbouw_2018!$C:$I,MATCH(Verdeelsleutels_absoluut!$C262,CBS_landbouw_2018!$B:$B,0),MATCH(Verdeelsleutels_absoluut!H$1,CBS_landbouw_2018!$C$1:$I$1,0)) -> 30483 | I262: =INDEX(CBS_landbouw_2018!$C:$I,MATCH(Verdeelsleutels_absoluut!$C262,CBS_landbouw_2018!$B:$B,0),MATCH(Verdeelsleutels_absoluut!I$1,CBS_landbouw_2018!$C$1:$I$1,0)) -> 0 | J262: =INDEX(CBS_landbouw_2018!$C:$I,MATCH(Verdeelsleutels_absoluut!$C262,CBS_landbouw_2018!$B:$B,0),MATCH(Verdeelsleutels_absoluut!J$1,CBS_landbouw_2018!$C$1:$I$1,0)) -> 3717 | K262: =INDEX(CBS_landbouw_2018!$C:$I,MATCH(Verdeelsleutels_absoluut!$C262,CBS_landbouw_2018!$B:$B,0),MATCH(Verdeelsleutels_absoluut!K$1,CBS_landbouw_2018!$C$1:$I$1,0)) -> 10993 | L262: =E262-F262 -> 262836 | M262: =INDEX(CBS_bodemgebruik_2015!$C:$F,MATCH(Verdeelsleutels_absoluut!$C262,CBS_bodemgebruik_2015!$B:$B,0),MATCH(Verdeelsleutels_absoluut!M$1,CBS_bodemgebruik_2015!$C$1:$F$1,0)) -> 4217 | N262: =INDEX(CBS_bodemgebruik_2015!$C:$F,MATCH(Verdeelsleutels_absoluut!$C262,CBS_bodemgebruik_2015!$B:$B,0),MATCH(Verdeelsleutels_absoluut!N$1,CBS_bodemgebruik_2015!$C$1:$F$1,0)) -> 10 | O262: =INDEX(CBS_bodemgebruik_2015!$C:$F,MATCH(Verdeelsleutels_absoluut!$C262,CBS_bodemgebruik_2015!$B:$B,0),MATCH(Verdeelsleutels_absoluut!O$1,CBS_bodemgebruik_2015!$C$1:$F$1,0)) -> 1198 | P262: =INDEX(CBS_bodemgebruik_2015!$C:$F,MATCH(Verdeelsleutels_absoluut!$C262,CBS_bodemgebruik_2015!$B:$B,0),MATCH(Verdeelsleutels_absoluut!P$1,CBS_bodemgebruik_2015!$C$1:$F$1,0)) -> 80 | Q262: =INDEX(CBS_bodemgebruik_2015!$C:$I,MATCH(Verdeelsleutels_absoluut!$C262,CBS_bodemgebruik_2015!$B:$B,0),MATCH(Verdeelsleutels_absoluut!Q$1,CBS_bodemgebruik_2015!$C$1:$I$1,0)) -> 1 | R262: =INDEX(CBS_bodemgebruik_2015!$C:$I,MATCH(Verdeelsleutels_absoluut!$C262,CBS_bodemgebruik_2015!$B:$B,0),MATCH(Verdeelsleutels_absoluut!R$1,CBS_bodemgebruik_2015!$C$1:$I$1,0)) -> 0 | S262: =INDEX(CBS_bodemgebruik_2015!$C:$I,MATCH(Verdeelsleutels_absoluut!$C262,CBS_bodemgebruik_2015!$B:$B,0),MATCH(Verdeelsleutels_absoluut!S$1,CBS_bodemgebruik_2015!$C$1:$I$1,0)) -> 6 | T262: =SUM(Q262:S262) -> 7 | U262: =INDEX(CBS_wegen_2019!B:C,MATCH(C262,CBS_wegen_2019!B:B,0),2) -> 274
B263: =INDEX('ETLocal datasets'!B:C,MATCH(Verdeelsleutels_absoluut!C263,'ETLocal datasets'!C:C,0),1) -> GM0845 | C263: ='ETLocal datasets'!C249 -> Sint-Michielsgestel | D263: =INDEX(CBS_bevolking_2018!B:C,MATCH(Verdeelsleutels_absoluut!C263,CBS_bevolking_2018!B:B,0),2) -> 28991 | E263: =INDEX(CBS_landbouw_2018!$C:$I,MATCH(Verdeelsleutels_absoluut!$C263,CBS_landbouw_2018!$B:$B,0),MATCH(Verdeelsleutels_absoluut!E$1,CBS_landbouw_2018!$C$1:$I$1,0)) -> 307409 | F263: =INDEX(CBS_landbouw_2018!$C:$I,MATCH(Verdeelsleutels_absoluut!$C263,CBS_landbouw_2018!$B:$B,0),MATCH(Verdeelsleutels_absoluut!F$1,CBS_landbouw_2018!$C$1:$I$1,0)) -> 60923 | G263: =INDEX(CBS_landbouw_2018!$C:$I,MATCH(Verdeelsleutels_absoluut!$C263,CBS_landbouw_2018!$B:$B,0),MATCH(Verdeelsleutels_absoluut!G$1,CBS_landbouw_2018!$C$1:$I$1,0)) -> 3564 | H263: =INDEX(CBS_landbouw_2018!$C:$I,MATCH(Verdeelsleutels_absoluut!$C263,CBS_landbouw_2018!$B:$B,0),MATCH(Verdeelsleutels_absoluut!H$1,CBS_landbouw_2018!$C$1:$I$1,0)) -> 51404 | I263: =INDEX(CBS_landbouw_2018!$C:$I,MATCH(Verdeelsleutels_absoluut!$C263,CBS_landbouw_2018!$B:$B,0),MATCH(Verdeelsleutels_absoluut!I$1,CBS_landbouw_2018!$C$1:$I$1,0)) -> 92928 | J263: =INDEX(CBS_landbouw_2018!$C:$I,MATCH(Verdeelsleutels_absoluut!$C263,CBS_landbouw_2018!$B:$B,0),MATCH(Verdeelsleutels_absoluut!J$1,CBS_landbouw_2018!$C$1:$I$1,0)) -> 6521 | K263: =INDEX(CBS_landbouw_2018!$C:$I,MATCH(Verdeelsleutels_absoluut!$C263,CBS_landbouw_2018!$B:$B,0),MATCH(Verdeelsleutels_absoluut!K$1,CBS_landbouw_2018!$C$1:$I$1,0)) -> 2579 | L263: =E263-F263 -> 246486 | M263: =INDEX(CBS_bodemgebruik_2015!$C:$F,MATCH(Verdeelsleutels_absoluut!$C263,CBS_bodemgebruik_2015!$B:$B,0),MATCH(Verdeelsleutels_absoluut!M$1,CBS_bodemgebruik_2015!$C$1:$F$1,0)) -> 4386 | N263: =INDEX(CBS_bodemgebruik_2015!$C:$F,MATCH(Verdeelsleutels_absoluut!$C263,CBS_bodemgebruik_2015!$B:$B,0),MATCH(Verdeelsleutels_absoluut!N$1,CBS_bodemgebruik_2015!$C$1:$F$1,0)) -> 18 | O263: =INDEX(CBS_bodemgebruik_2015!$C:$F,MATCH(Verdeelsleutels_absoluut!$C263,CBS_bodemgebruik_2015!$B:$B,0),MATCH(Verdeelsleutels_absoluut!O$1,CBS_bodemgebruik_2015!$C$1:$F$1,0)) -> 393 | P263: =INDEX(CBS_bodemgebruik_2015!$C:$F,MATCH(Verdeelsleutels_absoluut!$C263,CBS_bodemgebruik_2015!$B:$B,0),MATCH(Verdeelsleutels_absoluut!P$1,CBS_bodemgebruik_2015!$C$1:$F$1,0)) -> 9 | Q263: =INDEX(CBS_bodemgebruik_2015!$C:$I,MATCH(Verdeelsleutels_absoluut!$C263,CBS_bodemgebruik_2015!$B:$B,0),MATCH(Verdeelsleutels_absoluut!Q$1,CBS_bodemgebruik_2015!$C$1:$I$1,0)) -> 15 | R263: =INDEX(CBS_bodemgebruik_2015!$C:$I,MATCH(Verdeelsleutels_absoluut!$C263,CBS_bodemgebruik_2015!$B:$B,0),MATCH(Verdeelsleutels_absoluut!R$1,CBS_bodemgebruik_2015!$C$1:$I$1,0)) -> 16 | S263: =INDEX(CBS_bodemgebruik_2015!$C:$I,MATCH(Verdeelsleutels_absoluut!$C263,CBS_bodemgebruik_2015!$B:$B,0),MATCH(Verdeelsleutels_absoluut!S$1,CBS_bodemgebruik_2015!$C$1:$I$1,0)) -> 80 | T263: =SUM(Q263:S263) -> 111 | U263: =INDEX(CBS_wegen_2019!B:C,MATCH(C263,CBS_wegen_2019!B:B,0),2) -> 288
B264: =INDEX('ETLocal datasets'!B:C,MATCH(Verdeelsleutels_absoluut!C264,'ETLocal datasets'!C:C,0),1) -> GM0847 | C264: ='ETLocal datasets'!C250 -> Someren | D264: =INDEX(CBS_bevolking_2018!B:C,MATCH(Verdeelsleutels_absoluut!C264,CBS_bevolking_2018!B:B,0),2) -> 19322 | E264: =INDEX(CBS_landbouw_2018!$C:$I,MATCH(Verdeelsleutels_absoluut!$C264,CBS_landbouw_2018!$B:$B,0),MATCH(Verdeelsleutels_absoluut!E$1,CBS_landbouw_2018!$C$1:$I$1,0)) -> 404912 | F264: =INDEX(CBS_landbouw_2018!$C:$I,MATCH(Verdeelsleutels_absoluut!$C264,CBS_landbouw_2018!$B:$B,0),MATCH(Verdeelsleutels_absoluut!F$1,CBS_landbouw_2018!$C$1:$I$1,0)) -> 83099 | G264: =INDEX(CBS_landbouw_2018!$C:$I,MATCH(Verdeelsleutels_absoluut!$C264,CBS_landbouw_2018!$B:$B,0),MATCH(Verdeelsleutels_absoluut!G$1,CBS_landbouw_2018!$C$1:$I$1,0)) -> 4366 | H264: =INDEX(CBS_landbouw_2018!$C:$I,MATCH(Verdeelsleutels_absoluut!$C264,CBS_landbouw_2018!$B:$B,0),MATCH(Verdeelsleutels_absoluut!H$1,CBS_landbouw_2018!$C$1:$I$1,0)) -> 200151 | I264: =INDEX(CBS_landbouw_2018!$C:$I,MATCH(Verdeelsleutels_absoluut!$C264,CBS_landbouw_2018!$B:$B,0),MATCH(Verdeelsleutels_absoluut!I$1,CBS_landbouw_2018!$C$1:$I$1,0)) -> 2696663 | J264: =INDEX(CBS_landbouw_2018!$C:$I,MATCH(Verdeelsleutels_absoluut!$C264,CBS_landbouw_2018!$B:$B,0),MATCH(Verdeelsleutels_absoluut!J$1,CBS_landbouw_2018!$C$1:$I$1,0)) -> 22327 | K264: =INDEX(CBS_landbouw_2018!$C:$I,MATCH(Verdeelsleutels_absoluut!$C264,CBS_landbouw_2018!$B:$B,0),MATCH(Verdeelsleutels_absoluut!K$1,CBS_landbouw_2018!$C$1:$I$1,0)) -> 12231 | L264: =E264-F264 -> 321813 | M264: =INDEX(CBS_bodemgebruik_2015!$C:$F,MATCH(Verdeelsleutels_absoluut!$C264,CBS_bodemgebruik_2015!$B:$B,0),MATCH(Verdeelsleutels_absoluut!M$1,CBS_bodemgebruik_2015!$C$1:$F$1,0)) -> 5436 | N264: =INDEX(CBS_bodemgebruik_2015!$C:$F,MATCH(Verdeelsleutels_absoluut!$C264,CBS_bodemgebruik_2015!$B:$B,0),MATCH(Verdeelsleutels_absoluut!N$1,CBS_bodemgebruik_2015!$C$1:$F$1,0)) -> 14 | O264: =INDEX(CBS_bodemgebruik_2015!$C:$F,MATCH(Verdeelsleutels_absoluut!$C264,CBS_bodemgebruik_2015!$B:$B,0),MATCH(Verdeelsleutels_absoluut!O$1,CBS_bodemgebruik_2015!$C$1:$F$1,0)) -> 1463 | P264: =INDEX(CBS_bodemgebruik_2015!$C:$F,MATCH(Verdeelsleutels_absoluut!$C264,CBS_bodemgebruik_2015!$B:$B,0),MATCH(Verdeelsleutels_absoluut!P$1,CBS_bodemgebruik_2015!$C$1:$F$1,0)) -> 171 | Q264: =INDEX(CBS_bodemgebruik_2015!$C:$I,MATCH(Verdeelsleutels_absoluut!$C264,CBS_bodemgebruik_2015!$B:$B,0),MATCH(Verdeelsleutels_absoluut!Q$1,CBS_bodemgebruik_2015!$C$1:$I$1,0)) -> 38 | R264: =INDEX(CBS_bodemgebruik_2015!$C:$I,MATCH(Verdeelsleutels_absoluut!$C264,CBS_bodemgebruik_2015!$B:$B,0),MATCH(Verdeelsleutels_absoluut!R$1,CBS_bodemgebruik_2015!$C$1:$I$1,0)) -> 0 | S264: =INDEX(CBS_bodemgebruik_2015!$C:$I,MATCH(Verdeelsleutels_absoluut!$C264,CBS_bodemgebruik_2015!$B:$B,0),MATCH(Verdeelsleutels_absoluut!S$1,CBS_bodemgebruik_2015!$C$1:$I$1,0)) -> 123 | T264: =SUM(Q264:S264) -> 161 | U264: =INDEX(CBS_wegen_2019!B:C,MATCH(C264,CBS_wegen_2019!B:B,0),2) -> 309
B265: =INDEX('ETLocal datasets'!B:C,MATCH(Verdeelsleutels_absoluut!C265,'ETLocal datasets'!C:C,0),1) -> GM0848 | C265: ='ETLocal datasets'!C251 -> Son en Breugel | D265: =INDEX(CBS_bevolking_2018!B:C,MATCH(Verdeelsleutels_absoluut!C265,CBS_bevolking_2018!B:B,0),2) -> 16904 | E265: =INDEX(CBS_landbouw_2018!$C:$I,MATCH(Verdeelsleutels_absoluut!$C265,CBS_landbouw_2018!$B:$B,0),MATCH(Verdeelsleutels_absoluut!E$1,CBS_landbouw_2018!$C$1:$I$1,0)) -> 45468 | F265: =INDEX(CBS_landbouw_2018!$C:$I,MATCH(Verdeelsleutels_absoluut!$C265,CBS_landbouw_2018!$B:$B,0),MATCH(Verdeelsleutels_absoluut!F$1,CBS_landbouw_2018!$C$1:$I$1,0)) -> 11602 | G265: =INDEX(CBS_landbouw_2018!$C:$I,MATCH(Verdeelsleutels_absoluut!$C265,CBS_landbouw_2018!$B:$B,0),MATCH(Verdeelsleutels_absoluut!G$1,CBS_landbouw_2018!$C$1:$I$1,0)) -> 71 | H265: =INDEX(CBS_landbouw_2018!$C:$I,MATCH(Verdeelsleutels_absoluut!$C265,CBS_landbouw_2018!$B:$B,0),MATCH(Verdeelsleutels_absoluut!H$1,CBS_landbouw_2018!$C$1:$I$1,0)) -> 34709 | I265: =INDEX(CBS_landbouw_2018!$C:$I,MATCH(Verdeelsleutels_absoluut!$C265,CBS_landbouw_2018!$B:$B,0),MATCH(Verdeelsleutels_absoluut!I$1,CBS_landbouw_2018!$C$1:$I$1,0)) -> 423360 | J265: =INDEX(CBS_landbouw_2018!$C:$I,MATCH(Verdeelsleutels_absoluut!$C265,CBS_landbouw_2018!$B:$B,0),MATCH(Verdeelsleutels_absoluut!J$1,CBS_landbouw_2018!$C$1:$I$1,0)) -> 5231 | K265: =INDEX(CBS_landbouw_2018!$C:$I,MATCH(Verdeelsleutels_absoluut!$C265,CBS_landbouw_2018!$B:$B,0),MATCH(Verdeelsleutels_absoluut!K$1,CBS_landbouw_2018!$C$1:$I$1,0)) -> 171 | L265: =E265-F265 -> 33866 | M265: =INDEX(CBS_bodemgebruik_2015!$C:$F,MATCH(Verdeelsleutels_absoluut!$C265,CBS_bodemgebruik_2015!$B:$B,0),MATCH(Verdeelsleutels_absoluut!M$1,CBS_bodemgebruik_2015!$C$1:$F$1,0)) -> 1179 | N265: =INDEX(CBS_bodemgebruik_2015!$C:$F,MATCH(Verdeelsleutels_absoluut!$C265,CBS_bodemgebruik_2015!$B:$B,0),MATCH(Verdeelsleutels_absoluut!N$1,CBS_bodemgebruik_2015!$C$1:$F$1,0)) -> 27 | O265: =INDEX(CBS_bodemgebruik_2015!$C:$F,MATCH(Verdeelsleutels_absoluut!$C265,CBS_bodemgebruik_2015!$B:$B,0),MATCH(Verdeelsleutels_absoluut!O$1,CBS_bodemgebruik_2015!$C$1:$F$1,0)) -> 456 | P265: =INDEX(CBS_bodemgebruik_2015!$C:$F,MATCH(Verdeelsleutels_absoluut!$C265,CBS_bodemgebruik_2015!$B:$B,0),MATCH(Verdeelsleutels_absoluut!P$1,CBS_bodemgebruik_2015!$C$1:$F$1,0)) -> 19 | Q265: =INDEX(CBS_bodemgebruik_2015!$C:$I,MATCH(Verdeelsleutels_absoluut!$C265,CBS_bodemgebruik_2015!$B:$B,0),MATCH(Verdeelsleutels_absoluut!Q$1,CBS_bodemgebruik_2015!$C$1:$I$1,0)) -> 9 | R265: =INDEX(CBS_bodemgebruik_2015!$C:$I,MATCH(Verdeelsleutels_absoluut!$C265,CBS_bodemgebruik_2015!$B:$B,0),MATCH(Verdeelsleutels_absoluut!R$1,CBS_bodemgebruik_2015!$C$1:$I$1,0)) -> 15 | S265: =INDEX(CBS_bodemgebruik_2015!$C:$I,MATCH(Verdeelsleutels_absoluut!$C265,CBS_bodemgebruik_2015!$B:$B,0),MATCH(Verdeelsleutels_absoluut!S$1,CBS_bodemgebruik_2015!$C$1:$I$1,0)) -> 40 | T265: =SUM(Q265:S265) -> 64 | U265: =INDEX(CBS_wegen_2019!B:C,MATCH(C265,CBS_wegen_2019!B:B,0),2) -> 149
B266: =INDEX('ETLocal datasets'!B:C,MATCH(Verdeelsleutels_absoluut!C266,'ETLocal datasets'!C:C,0),1) -> GM0851 | C266: ='ETLocal datasets'!C252 -> Steenbergen | D266: =INDEX(CBS_bevolking_2018!B:C,MATCH(Verdeelsleutels_absoluut!C266,CBS_bevolking_2018!B:B,0),2) -> 25054 | E266: =INDEX(CBS_landbouw_2018!$C:$I,MATCH(Verdeelsleutels_absoluut!$C266,CBS_landbouw_2018!$B:$B,0),MATCH(Verdeelsleutels_absoluut!E$1,CBS_landbouw_2018!$C$1:$I$1,0)) -> 1093285 | F266: =INDEX(CBS_landbouw_2018!$C:$I,MATCH(Verdeelsleutels_absoluut!$C266,CBS_landbouw_2018!$B:$B,0),MATCH(Verdeelsleutels_absoluut!F$1,CBS_landbouw_2018!$C$1:$I$1,0)) -> 54518 | G266: =INDEX(CBS_landbouw_2018!$C:$I,MATCH(Verdeelsleutels_absoluut!$C266,CBS_landbouw_2018!$B:$B,0),MATCH(Verdeelsleutels_absoluut!G$1,CBS_landbouw_2018!$C$1:$I$1,0)) -> 2251 | H266: =INDEX(CBS_landbouw_2018!$C:$I,MATCH(Verdeelsleutels_absoluut!$C266,CBS_landbouw_2018!$B:$B,0),MATCH(Verdeelsleutels_absoluut!H$1,CBS_landbouw_2018!$C$1:$I$1,0)) -> 18628 | I266: =INDEX(CBS_landbouw_2018!$C:$I,MATCH(Verdeelsleutels_absoluut!$C266,CBS_landbouw_2018!$B:$B,0),MATCH(Verdeelsleutels_absoluut!I$1,CBS_landbouw_2018!$C$1:$I$1,0)) -> 188797 | J266: =INDEX(CBS_landbouw_2018!$C:$I,MATCH(Verdeelsleutels_absoluut!$C266,CBS_landbouw_2018!$B:$B,0),MATCH(Verdeelsleutels_absoluut!J$1,CBS_landbouw_2018!$C$1:$I$1,0)) -> 197039 | K266: =INDEX(CBS_landbouw_2018!$C:$I,MATCH(Verdeelsleutels_absoluut!$C266,CBS_landbouw_2018!$B:$B,0),MATCH(Verdeelsleutels_absoluut!K$1,CBS_landbouw_2018!$C$1:$I$1,0)) -> 146952 | L266: =E266-F266 -> 1038767 | M266: =INDEX(CBS_bodemgebruik_2015!$C:$F,MATCH(Verdeelsleutels_absoluut!$C266,CBS_bodemgebruik_2015!$B:$B,0),MATCH(Verdeelsleutels_absoluut!M$1,CBS_bodemgebruik_2015!$C$1:$F$1,0)) -> 12442 | N266: =INDEX(CBS_bodemgebruik_2015!$C:$F,MATCH(Verdeelsleutels_absoluut!$C266,CBS_bodemgebruik_2015!$B:$B,0),MATCH(Verdeelsleutels_absoluut!N$1,CBS_bodemgebruik_2015!$C$1:$F$1,0)) -> 26 | O266: =INDEX(CBS_bodemgebruik_2015!$C:$F,MATCH(Verdeelsleutels_absoluut!$C266,CBS_bodemgebruik_2015!$B:$B,0),MATCH(Verdeelsleutels_absoluut!O$1,CBS_bodemgebruik_2015!$C$1:$F$1,0)) -> 268 | P266: =INDEX(CBS_bodemgebruik_2015!$C:$F,MATCH(Verdeelsleutels_absoluut!$C266,CBS_bodemgebruik_2015!$B:$B,0),MATCH(Verdeelsleutels_absoluut!P$1,CBS_bodemgebruik_2015!$C$1:$F$1,0)) -> 29 | Q266: =INDEX(CBS_bodemgebruik_2015!$C:$I,MATCH(Verdeelsleutels_absoluut!$C266,CBS_bodemgebruik_2015!$B:$B,0),MATCH(Verdeelsleutels_absoluut!Q$1,CBS_bodemgebruik_2015!$C$1:$I$1,0)) -> 530 | R266: =INDEX(CBS_bodemgebruik_2015!$C:$I,MATCH(Verdeelsleutels_absoluut!$C266,CBS_bodemgebruik_2015!$B:$B,0),MATCH(Verdeelsleutels_absoluut!R$1,CBS_bodemgebruik_2015!$C$1:$I$1,0)) -> 16 | S266: =INDEX(CBS_bodemgebruik_2015!$C:$I,MATCH(Verdeelsleutels_absoluut!$C266,CBS_bodemgebruik_2015!$B:$B,0),MATCH(Verdeelsleutels_absoluut!S$1,CBS_bodemgebruik_2015!$C$1:$I$1,0)) -> 382 | T266: =SUM(Q266:S266) -> 928 | U266: =INDEX(CBS_wegen_2019!B:C,MATCH(C266,CBS_wegen_2019!B:B,0),2) -> 392
B267: =INDEX('ETLocal datasets'!B:C,MATCH(Verdeelsleutels_absoluut!C267,'ETLocal datasets'!C:C,0),1) -> GM0852 | C267: ='ETLocal datasets'!C253 -> Waterland | D267: =INDEX(CBS_bevolking_2018!B:C,MATCH(Verdeelsleutels_absoluut!C267,CBS_bevolking_2018!B:B,0),2) -> 17315 | E267: =INDEX(CBS_landbouw_2018!$C:$I,MATCH(Verdeelsleutels_absoluut!$C267,CBS_landbouw_2018!$B:$B,0),MATCH(Verdeelsleutels_absoluut!E$1,CBS_landbouw_2018!$C$1:$I$1,0)) -> 338358 | F267: =INDEX(CBS_landbouw_2018!$C:$I,MATCH(Verdeelsleutels_absoluut!$C267,CBS_landbouw_2018!$B:$B,0),MATCH(Verdeelsleutels_absoluut!F$1,CBS_landbouw_2018!$C$1:$I$1,0)) -> 303042 | G267: =INDEX(CBS_landbouw_2018!$C:$I,MATCH(Verdeelsleutels_absoluut!$C267,CBS_landbouw_2018!$B:$B,0),MATCH(Verdeelsleutels_absoluut!G$1,CBS_landbouw_2018!$C$1:$I$1,0)) -> 4028 | H267: =INDEX(CBS_landbouw_2018!$C:$I,MATCH(Verdeelsleutels_absoluut!$C267,CBS_landbouw_2018!$B:$B,0),MATCH(Verdeelsleutels_absoluut!H$1,CBS_landbouw_2018!$C$1:$I$1,0)) -> 1 | I267: =INDEX(CBS_landbouw_2018!$C:$I,MATCH(Verdeelsleutels_absoluut!$C267,CBS_landbouw_2018!$B:$B,0),MATCH(Verdeelsleutels_absoluut!I$1,CBS_landbouw_2018!$C$1:$I$1,0)) -> 0 | J267: =INDEX(CBS_landbouw_2018!$C:$I,MATCH(Verdeelsleutels_absoluut!$C267,CBS_landbouw_2018!$B:$B,0),MATCH(Verdeelsleutels_absoluut!J$1,CBS_landbouw_2018!$C$1:$I$1,0)) -> 597 | K267: =INDEX(CBS_landbouw_2018!$C:$I,MATCH(Verdeelsleutels_absoluut!$C267,CBS_landbouw_2018!$B:$B,0),MATCH(Verdeelsleutels_absoluut!K$1,CBS_landbouw_2018!$C$1:$I$1,0)) -> 0 | L267: =E267-F267 -> 35316 | M267: =INDEX(CBS_bodemgebruik_2015!$C:$F,MATCH(Verdeelsleutels_absoluut!$C267,CBS_bodemgebruik_2015!$B:$B,0),MATCH(Verdeelsleutels_absoluut!M$1,CBS_bodemgebruik_2015!$C$1:$F$1,0)) -> 4519 | N267: =INDEX(CBS_bodemgebruik_2015!$C:$F,MATCH(Verdeelsleutels_absoluut!$C267,CBS_bodemgebruik_2015!$B:$B,0),MATCH(Verdeelsleutels_absoluut!N$1,CBS_bodemgebruik_2015!$C$1:$F$1,0)) -> 11 | O267: =INDEX(CBS_bodemgebruik_2015!$C:$F,MATCH(Verdeelsleutels_absoluut!$C267,CBS_bodemgebruik_2015!$B:$B,0),MATCH(Verdeelsleutels_absoluut!O$1,CBS_bodemgebruik_2015!$C$1:$F$1,0)) -> 16 | P267: =INDEX(CBS_bodemgebruik_2015!$C:$F,MATCH(Verdeelsleutels_absoluut!$C267,CBS_bodemgebruik_2015!$B:$B,0),MATCH(Verdeelsleutels_absoluut!P$1,CBS_bodemgebruik_2015!$C$1:$F$1,0)) -> 0 | Q267: =INDEX(CBS_bodemgebruik_2015!$C:$I,MATCH(Verdeelsleutels_absoluut!$C267,CBS_bodemgebruik_2015!$B:$B,0),MATCH(Verdeelsleutels_absoluut!Q$1,CBS_bodemgebruik_2015!$C$1:$I$1,0)) -> 92 | R267: =INDEX(CBS_bodemgebruik_2015!$C:$I,MATCH(Verdeelsleutels_absoluut!$C267,CBS_bodemgebruik_2015!$B:$B,0),MATCH(Verdeelsleutels_absoluut!R$1,CBS_bodemgebruik_2015!$C$1:$I$1,0)) -> 19 | S267: =INDEX(CBS_bodemgebruik_2015!$C:$I,MATCH(Verdeelsleutels_absoluut!$C267,CBS_bodemgebruik_2015!$B:$B,0),MATCH(Verdeelsleutels_absoluut!S$1,CBS_bodemgebruik_2015!$C$1:$I$1,0)) -> 372 | T267: =SUM(Q267:S267) -> 483 | U267: =INDEX(CBS_wegen_2019!B:C,MATCH(C267,CBS_wegen_2019!B:B,0),2) -> 140
B268: =INDEX('ETLocal datasets'!B:C,MATCH(Verdeelsleutels_absoluut!C268,'ETLocal datasets'!C:C,0),1) -> GM0855 | C268: ='ETLocal datasets'!C254 -> Tilburg | D268: =INDEX(CBS_bevolking_2018!B:C,MATCH(Verdeelsleutels_absoluut!C268,CBS_bevolking_2018!B:B,0),2) -> 217259 | E268: =INDEX(CBS_landbouw_2018!$C:$I,MATCH(Verdeelsleutels_absoluut!$C268,CBS_landbouw_2018!$B:$B,0),MATCH(Verdeelsleutels_absoluut!E$1,CBS_landbouw_2018!$C$1:$I$1,0)) -> 203474 | F268: =INDEX(CBS_landbouw_2018!$C:$I,MATCH(Verdeelsleutels_absoluut!$C268,CBS_landbouw_2018!$B:$B,0),MATCH(Verdeelsleutels_absoluut!F$1,CBS_landbouw_2018!$C$1:$I$1,0)) -> 58597 | G268: =INDEX(CBS_landbouw_2018!$C:$I,MATCH(Verdeelsleutels_absoluut!$C268,CBS_landbouw_2018!$B:$B,0),MATCH(Verdeelsleutels_absoluut!G$1,CBS_landbouw_2018!$C$1:$I$1,0)) -> 1965 | H268: =INDEX(CBS_landbouw_2018!$C:$I,MATCH(Verdeelsleutels_absoluut!$C268,CBS_landbouw_2018!$B:$B,0),MATCH(Verdeelsleutels_absoluut!H$1,CBS_landbouw_2018!$C$1:$I$1,0)) -> 30013 | I268: =INDEX(CBS_landbouw_2018!$C:$I,MATCH(Verdeelsleutels_absoluut!$C268,CBS_landbouw_2018!$B:$B,0),MATCH(Verdeelsleutels_absoluut!I$1,CBS_landbouw_2018!$C$1:$I$1,0)) -> 76055 | J268: =INDEX(CBS_landbouw_2018!$C:$I,MATCH(Verdeelsleutels_absoluut!$C268,CBS_landbouw_2018!$B:$B,0),MATCH(Verdeelsleutels_absoluut!J$1,CBS_landbouw_2018!$C$1:$I$1,0)) -> 2225 | K268: =INDEX(CBS_landbouw_2018!$C:$I,MATCH(Verdeelsleutels_absoluut!$C268,CBS_landbouw_2018!$B:$B,0),MATCH(Verdeelsleutels_absoluut!K$1,CBS_landbouw_2018!$C$1:$I$1,0)) -> 4877 | L268: =E268-F268 -> 144877 | M268: =INDEX(CBS_bodemgebruik_2015!$C:$F,MATCH(Verdeelsleutels_absoluut!$C268,CBS_bodemgebruik_2015!$B:$B,0),MATCH(Verdeelsleutels_absoluut!M$1,CBS_bodemgebruik_2015!$C$1:$F$1,0)) -> 3842 | N268: =INDEX(CBS_bodemgebruik_2015!$C:$F,MATCH(Verdeelsleutels_absoluut!$C268,CBS_bodemgebruik_2015!$B:$B,0),MATCH(Verdeelsleutels_absoluut!N$1,CBS_bodemgebruik_2015!$C$1:$F$1,0)) -> 393 | O268: =INDEX(CBS_bodemgebruik_2015!$C:$F,MATCH(Verdeelsleutels_absoluut!$C268,CBS_bodemgebruik_2015!$B:$B,0),MATCH(Verdeelsleutels_absoluut!O$1,CBS_bodemgebruik_2015!$C$1:$F$1,0)) -> 1699 | P268: =INDEX(CBS_bodemgebruik_2015!$C:$F,MATCH(Verdeelsleutels_absoluut!$C268,CBS_bodemgebruik_2015!$B:$B,0),MATCH(Verdeelsleutels_absoluut!P$1,CBS_bodemgebruik_2015!$C$1:$F$1,0)) -> 113 | Q268: =INDEX(CBS_bodemgebruik_2015!$C:$I,MATCH(Verdeelsleutels_absoluut!$C268,CBS_bodemgebruik_2015!$B:$B,0),MATCH(Verdeelsleutels_absoluut!Q$1,CBS_bodemgebruik_2015!$C$1:$I$1,0)) -> 87 | R268: =INDEX(CBS_bodemgebruik_2015!$C:$I,MATCH(Verdeelsleutels_absoluut!$C268,CBS_bodemgebruik_2015!$B:$B,0),MATCH(Verdeelsleutels_absoluut!R$1,CBS_bodemgebruik_2015!$C$1:$I$1,0)) -> 20 | S268: =INDEX(CBS_bodemgebruik_2015!$C:$I,MATCH(Verdeelsleutels_absoluut!$C268,CBS_bodemgebruik_2015!$B:$B,0),MATCH(Verdeelsleutels_absoluut!S$1,CBS_bodemgebruik_2015!$C$1:$I$1,0)) -> 189 | T268: =SUM(Q268:S268) -> 296 | U268: =INDEX(CBS_wegen_2019!B:C,MATCH(C268,CBS_wegen_2019!B:B,0),2) -> 1069
B269: =INDEX('ETLocal datasets'!B:C,MATCH(Verdeelsleutels_absoluut!C269,'ETLocal datasets'!C:C,0),1) -> GM0856 | C269: ='ETLocal datasets'!C255 -> Uden | D269: =INDEX(CBS_bevolking_2018!B:C,MATCH(Verdeelsleutels_absoluut!C269,CBS_bevolking_2018!B:B,0),2) -> 41782 | E269: =INDEX(CBS_landbouw_2018!$C:$I,MATCH(Verdeelsleutels_absoluut!$C269,CBS_landbouw_2018!$B:$B,0),MATCH(Verdeelsleutels_absoluut!E$1,CBS_landbouw_2018!$C$1:$I$1,0)) -> 291790 | F269: =INDEX(CBS_landbouw_2018!$C:$I,MATCH(Verdeelsleutels_absoluut!$C269,CBS_landbouw_2018!$B:$B,0),MATCH(Verdeelsleutels_absoluut!F$1,CBS_landbouw_2018!$C$1:$I$1,0)) -> 32904 | G269: =INDEX(CBS_landbouw_2018!$C:$I,MATCH(Verdeelsleutels_absoluut!$C269,CBS_landbouw_2018!$B:$B,0),MATCH(Verdeelsleutels_absoluut!G$1,CBS_landbouw_2018!$C$1:$I$1,0)) -> 2459 | H269: =INDEX(CBS_landbouw_2018!$C:$I,MATCH(Verdeelsleutels_absoluut!$C269,CBS_landbouw_2018!$B:$B,0),MATCH(Verdeelsleutels_absoluut!H$1,CBS_landbouw_2018!$C$1:$I$1,0)) -> 183589 | I269: =INDEX(CBS_landbouw_2018!$C:$I,MATCH(Verdeelsleutels_absoluut!$C269,CBS_landbouw_2018!$B:$B,0),MATCH(Verdeelsleutels_absoluut!I$1,CBS_landbouw_2018!$C$1:$I$1,0)) -> 594492 | J269: =INDEX(CBS_landbouw_2018!$C:$I,MATCH(Verdeelsleutels_absoluut!$C269,CBS_landbouw_2018!$B:$B,0),MATCH(Verdeelsleutels_absoluut!J$1,CBS_landbouw_2018!$C$1:$I$1,0)) -> 15163 | K269: =INDEX(CBS_landbouw_2018!$C:$I,MATCH(Verdeelsleutels_absoluut!$C269,CBS_landbouw_2018!$B:$B,0),MATCH(Verdeelsleutels_absoluut!K$1,CBS_landbouw_2018!$C$1:$I$1,0)) -> 10379 | L269: =E269-F269 -> 258886 | M269: =INDEX(CBS_bodemgebruik_2015!$C:$F,MATCH(Verdeelsleutels_absoluut!$C269,CBS_bodemgebruik_2015!$B:$B,0),MATCH(Verdeelsleutels_absoluut!M$1,CBS_bodemgebruik_2015!$C$1:$F$1,0)) -> 4114 | N269: =INDEX(CBS_bodemgebruik_2015!$C:$F,MATCH(Verdeelsleutels_absoluut!$C269,CBS_bodemgebruik_2015!$B:$B,0),MATCH(Verdeelsleutels_absoluut!N$1,CBS_bodemgebruik_2015!$C$1:$F$1,0)) -> 90 | O269: =INDEX(CBS_bodemgebruik_2015!$C:$F,MATCH(Verdeelsleutels_absoluut!$C269,CBS_bodemgebruik_2015!$B:$B,0),MATCH(Verdeelsleutels_absoluut!O$1,CBS_bodemgebruik_2015!$C$1:$F$1,0)) -> 721 | P269: =INDEX(CBS_bodemgebruik_2015!$C:$F,MATCH(Verdeelsleutels_absoluut!$C269,CBS_bodemgebruik_2015!$B:$B,0),MATCH(Verdeelsleutels_absoluut!P$1,CBS_bodemgebruik_2015!$C$1:$F$1,0)) -> 60 | Q269: =INDEX(CBS_bodemgebruik_2015!$C:$I,MATCH(Verdeelsleutels_absoluut!$C269,CBS_bodemgebruik_2015!$B:$B,0),MATCH(Verdeelsleutels_absoluut!Q$1,CBS_bodemgebruik_2015!$C$1:$I$1,0)) -> 9 | R269: =INDEX(CBS_bodemgebruik_2015!$C:$I,MATCH(Verdeelsleutels_absoluut!$C269,CBS_bodemgebruik_2015!$B:$B,0),MATCH(Verdeelsleutels_absoluut!R$1,CBS_bodemgebruik_2015!$C$1:$I$1,0)) -> 40 | S269: =INDEX(CBS_bodemgebruik_2015!$C:$I,MATCH(Verdeelsleutels_absoluut!$C269,CBS_bodemgebruik_2015!$B:$B,0),MATCH(Verdeelsleutels_absoluut!S$1,CBS_bodemgebruik_2015!$C$1:$I$1,0)) -> 9 | T269: =SUM(Q269:S269) -> 58 | U269: =INDEX(CBS_wegen_2019!B:C,MATCH(C269,CBS_wegen_2019!B:B,0),2) -> 333
... B376: =INDEX('ETLocal datasets'!B:C,MATCH(Verdeelsleutels_absoluut!C376,'ETLocal datasets'!C:C,0),1) -> GM1931 | C376: ='ETLocal datasets'!C362 -> Krimpenerwaard | D376: =INDEX(CBS_bevolking_2018!B:C,MATCH(Verdeelsleutels_absoluut!C376,CBS_bevolking_2018!B:B,0),2) -> 56048 | E376: =INDEX(CBS_landbouw_2018!$C:$I,MATCH(Verdeelsleutels_absoluut!$C376,CBS_landbouw_2018!$B:$B,0),MATCH(Verdeelsleutels_absoluut!E$1,CBS_landbouw_2018!$C$1:$I$1,0)) -> 854281 | F376: =INDEX(CBS_landbouw_2018!$C:$I,MATCH(Verdeelsleutels_absoluut!$C376,CBS_landbouw_2018!$B:$B,0),MATCH(Verdeelsleutels_absoluut!F$1,CBS_landbouw_2018!$C$1:$I$1,0)) -> 766366 | G376: =INDEX(CBS_landbouw_2018!$C:$I,MATCH(Verdeelsleutels_absoluut!$C376,CBS_landbouw_2018!$B:$B,0),MATCH(Verdeelsleutels_absoluut!G$1,CBS_landbouw_2018!$C$1:$I$1,0)) -> 13892 | H376: =INDEX(CBS_landbouw_2018!$C:$I,MATCH(Verdeelsleutels_absoluut!$C376,CBS_landbouw_2018!$B:$B,0),MATCH(Verdeelsleutels_absoluut!H$1,CBS_landbouw_2018!$C$1:$I$1,0)) -> 5773 | I376: =INDEX(CBS_landbouw_2018!$C:$I,MATCH(Verdeelsleutels_absoluut!$C376,CBS_landbouw_2018!$B:$B,0),MATCH(Verdeelsleutels_absoluut!I$1,CBS_landbouw_2018!$C$1:$I$1,0)) -> 107346 | J376: =INDEX(CBS_landbouw_2018!$C:$I,MATCH(Verdeelsleutels_absoluut!$C376,CBS_landbouw_2018!$B:$B,0),MATCH(Verdeelsleutels_absoluut!J$1,CBS_landbouw_2018!$C$1:$I$1,0)) -> 3439 | K376: =INDEX(CBS_landbouw_2018!$C:$I,MATCH(Verdeelsleutels_absoluut!$C376,CBS_landbouw_2018!$B:$B,0),MATCH(Verdeelsleutels_absoluut!K$1,CBS_landbouw_2018!$C$1:$I$1,0)) -> 7 | L376: =E376-F376 -> 87915 | M376: =INDEX(CBS_bodemgebruik_2015!$C:$F,MATCH(Verdeelsleutels_absoluut!$C376,CBS_bodemgebruik_2015!$B:$B,0),MATCH(Verdeelsleutels_absoluut!M$1,CBS_bodemgebruik_2015!$C$1:$F$1,0)) -> 12906 | N376: =INDEX(CBS_bodemgebruik_2015!$C:$F,MATCH(Verdeelsleutels_absoluut!$C376,CBS_bodemgebruik_2015!$B:$B,0),MATCH(Verdeelsleutels_absoluut!N$1,CBS_bodemgebruik_2015!$C$1:$F$1,0)) -> 48 | O376: =INDEX(CBS_bodemgebruik_2015!$C:$F,MATCH(Verdeelsleutels_absoluut!$C376,CBS_bodemgebruik_2015!$B:$B,0),MATCH(Verdeelsleutels_absoluut!O$1,CBS_bodemgebruik_2015!$C$1:$F$1,0)) -> 134 | P376: =INDEX(CBS_bodemgebruik_2015!$C:$F,MATCH(Verdeelsleutels_absoluut!$C376,CBS_bodemgebruik_2015!$B:$B,0),MATCH(Verdeelsleutels_absoluut!P$1,CBS_bodemgebruik_2015!$C$1:$F$1,0)) -> 0 | Q376: =INDEX(CBS_bodemgebruik_2015!$C:$I,MATCH(Verdeelsleutels_absoluut!$C376,CBS_bodemgebruik_2015!$B:$B,0),MATCH(Verdeelsleutels_absoluut!Q$1,CBS_bodemgebruik_2015!$C$1:$I$1,0)) -> 186 | R376: =INDEX(CBS_bodemgebruik_2015!$C:$I,MATCH(Verdeelsleutels_absoluut!$C376,CBS_bodemgebruik_2015!$B:$B,0),MATCH(Verdeelsleutels_absoluut!R$1,CBS_bodemgebruik_2015!$C$1:$I$1,0)) -> 7 | S376: =INDEX(CBS_bodemgebruik_2015!$C:$I,MATCH(Verdeelsleutels_absoluut!$C376,CBS_bodemgebruik_2015!$B:$B,0),MATCH(Verdeelsleutels_absoluut!S$1,CBS_bodemgebruik_2015!$C$1:$I$1,0)) -> 904 | T376: =SUM(Q376:S376) -> 1097 | U376: =INDEX(CBS_wegen_2019!B:C,MATCH(C376,CBS_wegen_2019!B:B,0),2) -> 322
B377: =INDEX('ETLocal datasets'!B:C,MATCH(Verdeelsleutels_absoluut!C377,'ETLocal datasets'!C:C,0),1) -> GM1940 | C377: ='ETLocal datasets'!C363 -> De Fryske Marren | D377: =INDEX(CBS_bevolking_2018!B:C,MATCH(Verdeelsleutels_absoluut!C377,CBS_bevolking_2018!B:B,0),2) -> 51430 | E377: =INDEX(CBS_landbouw_2018!$C:$I,MATCH(Verdeelsleutels_absoluut!$C377,CBS_landbouw_2018!$B:$B,0),MATCH(Verdeelsleutels_absoluut!E$1,CBS_landbouw_2018!$C$1:$I$1,0)) -> 2475940 | F377: =INDEX(CBS_landbouw_2018!$C:$I,MATCH(Verdeelsleutels_absoluut!$C377,CBS_landbouw_2018!$B:$B,0),MATCH(Verdeelsleutels_absoluut!F$1,CBS_landbouw_2018!$C$1:$I$1,0)) -> 1804335 | G377: =INDEX(CBS_landbouw_2018!$C:$I,MATCH(Verdeelsleutels_absoluut!$C377,CBS_landbouw_2018!$B:$B,0),MATCH(Verdeelsleutels_absoluut!G$1,CBS_landbouw_2018!$C$1:$I$1,0)) -> 36574 | H377: =INDEX(CBS_landbouw_2018!$C:$I,MATCH(Verdeelsleutels_absoluut!$C377,CBS_landbouw_2018!$B:$B,0),MATCH(Verdeelsleutels_absoluut!H$1,CBS_landbouw_2018!$C$1:$I$1,0)) -> 31228 | I377: =INDEX(CBS_landbouw_2018!$C:$I,MATCH(Verdeelsleutels_absoluut!$C377,CBS_landbouw_2018!$B:$B,0),MATCH(Verdeelsleutels_absoluut!I$1,CBS_landbouw_2018!$C$1:$I$1,0)) -> 358265 | J377: =INDEX(CBS_landbouw_2018!$C:$I,MATCH(Verdeelsleutels_absoluut!$C377,CBS_landbouw_2018!$B:$B,0),MATCH(Verdeelsleutels_absoluut!J$1,CBS_landbouw_2018!$C$1:$I$1,0)) -> 21948 | K377: =INDEX(CBS_landbouw_2018!$C:$I,MATCH(Verdeelsleutels_absoluut!$C377,CBS_landbouw_2018!$B:$B,0),MATCH(Verdeelsleutels_absoluut!K$1,CBS_landbouw_2018!$C$1:$I$1,0)) -> 17483 | L377: =E377-F377 -> 671605 | M377: =INDEX(CBS_bodemgebruik_2015!$C:$I,MATCH("De Friese Meren",CBS_bodemgebruik_2015!$B:$B,0),MATCH(Verdeelsleutels_absoluut!M$1,CBS_bodemgebruik_2015!$C$1:$I$1,0)) -> 29262 | N377: =INDEX(CBS_bodemgebruik_2015!$C:$I,MATCH("De Friese Meren",CBS_bodemgebruik_2015!$B:$B,0),MATCH(Verdeelsleutels_absoluut!N$1,CBS_bodemgebruik_2015!$C$1:$I$1,0)) -> 65 | O377: =INDEX(CBS_bodemgebruik_2015!$C:$I,MATCH("De Friese Meren",CBS_bodemgebruik_2015!$B:$B,0),MATCH(Verdeelsleutels_absoluut!O$1,CBS_bodemgebruik_2015!$C$1:$I$1,0)) -> 1526 | P377: =INDEX(CBS_bodemgebruik_2015!$C:$I,MATCH("De Friese Meren",CBS_bodemgebruik_2015!$B:$B,0),MATCH(Verdeelsleutels_absoluut!P$1,CBS_bodemgebruik_2015!$C$1:$I$1,0)) -> 35 | Q377: =INDEX(CBS_bodemgebruik_2015!$C:$I,MATCH("De Friese Meren",CBS_bodemgebruik_2015!$B:$B,0),MATCH(Verdeelsleutels_absoluut!Q$1,CBS_bodemgebruik_2015!$C$1:$I$1,0)) -> 1038 | R377: =INDEX(CBS_bodemgebruik_2015!$C:$I,MATCH("De Friese Meren",CBS_bodemgebruik_2015!$B:$B,0),MATCH(Verdeelsleutels_absoluut!R$1,CBS_bodemgebruik_2015!$C$1:$I$1,0)) -> 118 | S377: =INDEX(CBS_bodemgebruik_2015!$C:$I,MATCH("De Friese Meren",CBS_bodemgebruik_2015!$B:$B,0),MATCH(Verdeelsleutels_absoluut!S$1,CBS_bodemgebruik_2015!$C$1:$I$1,0)) -> 6539 | T377: =SUM(Q377:S377) -> 7695 | U377: =INDEX(CBS_wegen_2019!B:C,MATCH(C377,CBS_wegen_2019!B:B,0),2) -> 739
B378: =INDEX('ETLocal datasets'!B:C,MATCH(Verdeelsleutels_absoluut!C378,'ETLocal datasets'!C:C,0),1) -> GM1942 | C378: ='ETLocal datasets'!C364 -> Gooise Meren | D378: =INDEX(CBS_bevolking_2018!B:C,MATCH(Verdeelsleutels_absoluut!C378,CBS_bevolking_2018!B:B,0),2) -> 57715 | E378: =INDEX(CBS_landbouw_2018!$C:$I,MATCH(Verdeelsleutels_absoluut!$C378,CBS_landbouw_2018!$B:$B,0),MATCH(Verdeelsleutels_absoluut!E$1,CBS_landbouw_2018!$C$1:$I$1,0)) -> 89691 | F378: =INDEX(CBS_landbouw_2018!$C:$I,MATCH(Verdeelsleutels_absoluut!$C378,CBS_landbouw_2018!$B:$B,0),MATCH(Verdeelsleutels_absoluut!F$1,CBS_landbouw_2018!$C$1:$I$1,0)) -> 80039 | G378: =INDEX(CBS_landbouw_2018!$C:$I,MATCH(Verdeelsleutels_absoluut!$C378,CBS_landbouw_2018!$B:$B,0),MATCH(Verdeelsleutels_absoluut!G$1,CBS_landbouw_2018!$C$1:$I$1,0)) -> 1151 | H378: =INDEX(CBS_landbouw_2018!$C:$I,MATCH(Verdeelsleutels_absoluut!$C378,CBS_landbouw_2018!$B:$B,0),MATCH(Verdeelsleutels_absoluut!H$1,CBS_landbouw_2018!$C$1:$I$1,0)) -> 0 | I378: =INDEX(CBS_landbouw_2018!$C:$I,MATCH(Verdeelsleutels_absoluut!$C378,CBS_landbouw_2018!$B:$B,0),MATCH(Verdeelsleutels_absoluut!I$1,CBS_landbouw_2018!$C$1:$I$1,0)) -> 0 | J378: =INDEX(CBS_landbouw_2018!$C:$I,MATCH(Verdeelsleutels_absoluut!$C378,CBS_landbouw_2018!$B:$B,0),MATCH(Verdeelsleutels_absoluut!J$1,CBS_landbouw_2018!$C$1:$I$1,0)) -> 0 | K378: =INDEX(CBS_landbouw_2018!$C:$I,MATCH(Verdeelsleutels_absoluut!$C378,CBS_landbouw_2018!$B:$B,0),MATCH(Verdeelsleutels_absoluut!K$1,CBS_landbouw_2018!$C$1:$I$1,0)) -> 0 | L378: =E378-F378 -> 9652 | M378: =SUM(INDEX(CBS_bodemgebruik_2015!$C:$I,MATCH("Bussum",CBS_bodemgebruik_2015!$B:$B,0),MATCH(Verdeelsleutels_absoluut!M$1,CBS_bodemgebruik_2015!$C$1:$I$1,0)),INDEX(CBS_bodemgebruik_2015!$C:$I,MATCH("Naarden",CBS_bodemgebruik_2015!$B:$B,0),MATCH(Verdeelsleutels_absoluut!M$1,CBS_bodemgebruik_2015!$C$1:$I$1,0)),INDEX(CBS_bodemgebruik_2015!$C:$I,MATCH("Muiden",CBS_bodemgebruik_2015!$B:$B,0),MATCH(Verdeelsleutels_absoluut!M$1,CBS_bodemgebruik_2015!$C$1:$I$1,0))) -> 1497 | N378: =SUM(INDEX(CBS_bodemgebruik_2015!$C:$I,MATCH("Bussum",CBS_bodemgebruik_2015!$B:$B,0),MATCH(Verdeelsleutels_absoluut!N$1,CBS_bodemgebruik_2015!$C$1:$I$1,0)),INDEX(CBS_bodemgebruik_2015!$C:$I,MATCH("Naarden",CBS_bodemgebruik_2015!$B:$B,0),MATCH(Verdeelsleutels_absoluut!N$1,CBS_bodemgebruik_2015!$C$1:$I$1,0)),INDEX(CBS_bodemgebruik_2015!$C:$I,MATCH("Muiden",CBS_bodemgebruik_2015!$B:$B,0),MATCH(Verdeelsleutels_absoluut!N$1,CBS_bodemgebruik_2015!$C$1:$I$1,0))) -> 95 | O378: =SUM(INDEX(CBS_bodemgebruik_2015!$C:$I,MATCH("Bussum",CBS_bodemgebruik_2015!$B:$B,0),MATCH(Verdeelsleutels_absoluut!O$1,CBS_bodemgebruik_2015!$C$1:$I$1,0)),INDEX(CBS_bodemgebruik_2015!$C:$I,MATCH("Naarden",CBS_bodemgebruik_2015!$B:$B,0),MATCH(Verdeelsleutels_absoluut!O$1,CBS_bodemgebruik_2015!$C$1:$I$1,0)),INDEX(CBS_bodemgebruik_2015!$C:$I,MATCH("Muiden",CBS_bodemgebruik_2015!$B:$B,0),MATCH(Verdeelsleutels_absoluut!O$1,CBS_bodemgebruik_2015!$C$1:$I$1,0))) -> 706 | P378: =SUM(INDEX(CBS_bodemgebruik_2015!$C:$I,MATCH("Bussum",CBS_bodemgebruik_2015!$B:$B,0),MATCH(Verdeelsleutels_absoluut!P$1,CBS_bodemgebruik_2015!$C$1:$I$1,0)),INDEX(CBS_bodemgebruik_2015!$C:$I,MATCH("Naarden",CBS_bodemgebruik_2015!$B:$B,0),MATCH(Verdeelsleutels_absoluut!P$1,CBS_bodemgebruik_2015!$C$1:$I$1,0)),INDEX(CBS_bodemgebruik_2015!$C:$I,MATCH("Muiden",CBS_bodemgebruik_2015!$B:$B,0),MATCH(Verdeelsleutels_absoluut!P$1,CBS_bodemgebruik_2015!$C$1:$I$1,0))) -> 26 | Q378: =SUM(INDEX(CBS_bodemgebruik_2015!$C:$I,MATCH("Bussum",CBS_bodemgebruik_2015!$B:$B,0),MATCH(Verdeelsleutels_absoluut!Q$1,CBS_bodemgebruik_2015!$C$1:$I$1,0)),INDEX(CBS_bodemgebruik_2015!$C:$I,MATCH("Naarden",CBS_bodemgebruik_2015!$B:$B,0),MATCH(Verdeelsleutels_absoluut!Q$1,CBS_bodemgebruik_2015!$C$1:$I$1,0)),INDEX(CBS_bodemgebruik_2015!$C:$I,MATCH("Muiden",CBS_bodemgebruik_2015!$B:$B,0),MATCH(Verdeelsleutels_absoluut!Q$1,CBS_bodemgebruik_2015!$C$1:$I$1,0))) -> 248 | R378: =SUM(INDEX(CBS_bodemgebruik_2015!$C:$I,MATCH("Bussum",CBS_bodemgebruik_2015!$B:$B,0),MATCH(Verdeelsleutels_absoluut!R$1,CBS_bodemgebruik_2015!$C$1:$I$1,0)),INDEX(CBS_bodemgebruik_2015!$C:$I,MATCH("Naarden",CBS_bodemgebruik_2015!$B:$B,0),MATCH(Verdeelsleutels_absoluut!R$1,CBS_bodemgebruik_2015!$C$1:$I$1,0)),INDEX(CBS_bodemgebruik_2015!$C:$I,MATCH("Muiden",CBS_bodemgebruik_2015!$B:$B,0),MATCH(Verdeelsleutels_absoluut!R$1,CBS_bodemgebruik_2015!$C$1:$I$1,0))) -> 79 | S378: =SUM(INDEX(CBS_bodemgebruik_2015!$C:$I,MATCH("Bussum",CBS_bodemgebruik_2015!$B:$B,0),MATCH(Verdeelsleutels_absoluut!S$1,CBS_bodemgebruik_2015!$C$1:$I$1,0)),INDEX(CBS_bodemgebruik_2015!$C:$I,MATCH("Naarden",CBS_bodemgebruik_2015!$B:$B,0),MATCH(Verdeelsleutels_absoluut!S$1,CBS_bodemgebruik_2015!$C$1:$I$1,0)),INDEX(CBS_bodemgebruik_2015!$C:$I,MATCH("Muiden",CBS_bodemgebruik_2015!$B:$B,0),MATCH(Verdeelsleutels_absoluut!S$1,CBS_bodemgebruik_2015!$C$1:$I$1,0))) -> 317 | T378: =SUM(Q378:S378) -> 644 | U378: =INDEX(CBS_wegen_2019!B:C,MATCH(C378,CBS_wegen_2019!B:B,0),2) -> 276
B379: =INDEX('ETLocal datasets'!B:C,MATCH(Verdeelsleutels_absoluut!C379,'ETLocal datasets'!C:C,0),1) -> GM1945 | C379: ='ETLocal datasets'!C365 -> Berg en Dal | D379: =INDEX(CBS_bevolking_2018!B:C,MATCH(Verdeelsleutels_absoluut!C379,CBS_bevolking_2018!B:B,0),2) -> 34773 | E379: =INDEX(CBS_landbouw_2018!$C:$I,MATCH(Verdeelsleutels_absoluut!$C379,CBS_landbouw_2018!$B:$B,0),MATCH(Verdeelsleutels_absoluut!E$1,CBS_landbouw_2018!$C$1:$I$1,0)) -> 361105 | F379: =INDEX(CBS_landbouw_2018!$C:$I,MATCH(Verdeelsleutels_absoluut!$C379,CBS_landbouw_2018!$B:$B,0),MATCH(Verdeelsleutels_absoluut!F$1,CBS_landbouw_2018!$C$1:$I$1,0)) -> 153352 | G379: =INDEX(CBS_landbouw_2018!$C:$I,MATCH(Verdeelsleutels_absoluut!$C379,CBS_landbouw_2018!$B:$B,0),MATCH(Verdeelsleutels_absoluut!G$1,CBS_landbouw_2018!$C$1:$I$1,0)) -> 3328 | H379: =INDEX(CBS_landbouw_2018!$C:$I,MATCH(Verdeelsleutels_absoluut!$C379,CBS_landbouw_2018!$B:$B,0),MATCH(Verdeelsleutels_absoluut!H$1,CBS_landbouw_2018!$C$1:$I$1,0)) -> 14433 | I379: =INDEX(CBS_landbouw_2018!$C:$I,MATCH(Verdeelsleutels_absoluut!$C379,CBS_landbouw_2018!$B:$B,0),MATCH(Verdeelsleutels_absoluut!I$1,CBS_landbouw_2018!$C$1:$I$1,0)) -> 109342 | J379: =INDEX(CBS_landbouw_2018!$C:$I,MATCH(Verdeelsleutels_absoluut!$C379,CBS_landbouw_2018!$B:$B,0),MATCH(Verdeelsleutels_absoluut!J$1,CBS_landbouw_2018!$C$1:$I$1,0)) -> 32930 | K379: =INDEX(CBS_landbouw_2018!$C:$I,MATCH(Verdeelsleutels_absoluut!$C379,CBS_landbouw_2018!$B:$B,0),MATCH(Verdeelsleutels_absoluut!K$1,CBS_landbouw_2018!$C$1:$I$1,0)) -> 8814 | L379: =E379-F379 -> 207753 | M379: =INDEX(CBS_bodemgebruik_2015!$C:$I,MATCH("Groesbeek",CBS_bodemgebruik_2015!$B:$B,0),MATCH(Verdeelsleutels_absoluut!M$1,CBS_bodemgebruik_2015!$C$1:$I$1,0)) -> 4967 | N379: =INDEX(CBS_bodemgebruik_2015!$C:$I,MATCH("Groesbeek",CBS_bodemgebruik_2015!$B:$B,0),MATCH(Verdeelsleutels_absoluut!N$1,CBS_bodemgebruik_2015!$C$1:$I$1,0)) -> 27 | O379: =INDEX(CBS_bodemgebruik_2015!$C:$I,MATCH("Groesbeek",CBS_bodemgebruik_2015!$B:$B,0),MATCH(Verdeelsleutels_absoluut!O$1,CBS_bodemgebruik_2015!$C$1:$I$1,0)) -> 1797 | P379: =INDEX(CBS_bodemgebruik_2015!$C:$I,MATCH("Groesbeek",CBS_bodemgebruik_2015!$B:$B,0),MATCH(Verdeelsleutels_absoluut!P$1,CBS_bodemgebruik_2015!$C$1:$I$1,0)) -> 185 | Q379: =INDEX(CBS_bodemgebruik_2015!$C:$I,MATCH("Groesbeek",CBS_bodemgebruik_2015!$B:$B,0),MATCH(Verdeelsleutels_absoluut!Q$1,CBS_bodemgebruik_2015!$C$1:$I$1,0)) -> 190 | R379: =INDEX(CBS_bodemgebruik_2015!$C:$I,MATCH("Groesbeek",CBS_bodemgebruik_2015!$B:$B,0),MATCH(Verdeelsleutels_absoluut!R$1,CBS_bodemgebruik_2015!$C$1:$I$1,0)) -> 7 | S379: =INDEX(CBS_bodemgebruik_2015!$C:$I,MATCH("Groesbeek",CBS_bodemgebruik_2015!$B:$B,0),MATCH(Verdeelsleutels_absoluut!S$1,CBS_bodemgebruik_2015!$C$1:$I$1,0)) -> 358 | T379: =SUM(Q379:S379) -> 555 | U379: =INDEX(CBS_wegen_2019!B:C,MATCH(C379,CBS_wegen_2019!B:B,0),2) -> 297
B380: =INDEX('ETLocal datasets'!B:C,MATCH(Verdeelsleutels_absoluut!C380,'ETLocal datasets'!C:C,0),1) -> GM1948 | C380: ='ETLocal datasets'!C366 -> Meierijstad | D380: =INDEX(CBS_bevolking_2018!B:C,MATCH(Verdeelsleutels_absoluut!C380,CBS_bevolking_2018!B:B,0),2) -> 80815 | E380: =INDEX(CBS_landbouw_2018!$C:$I,MATCH(Verdeelsleutels_absoluut!$C380,CBS_landbouw_2018!$B:$B,0),MATCH(Verdeelsleutels_absoluut!E$1,CBS_landbouw_2018!$C$1:$I$1,0)) -> 1054592 | F380: =INDEX(CBS_landbouw_2018!$C:$I,MATCH(Verdeelsleutels_absoluut!$C380,CBS_landbouw_2018!$B:$B,0),MATCH(Verdeelsleutels_absoluut!F$1,CBS_landbouw_2018!$C$1:$I$1,0)) -> 185403 | G380: =INDEX(CBS_landbouw_2018!$C:$I,MATCH(Verdeelsleutels_absoluut!$C380,CBS_landbouw_2018!$B:$B,0),MATCH(Verdeelsleutels_absoluut!G$1,CBS_landbouw_2018!$C$1:$I$1,0)) -> 12819 | H380: =INDEX(CBS_landbouw_2018!$C:$I,MATCH(Verdeelsleutels_absoluut!$C380,CBS_landbouw_2018!$B:$B,0),MATCH(Verdeelsleutels_absoluut!H$1,CBS_landbouw_2018!$C$1:$I$1,0)) -> 510106 | I380: =INDEX(CBS_landbouw_2018!$C:$I,MATCH(Verdeelsleutels_absoluut!$C380,CBS_landbouw_2018!$B:$B,0),MATCH(Verdeelsleutels_absoluut!I$1,CBS_landbouw_2018!$C$1:$I$1,0)) -> 1271313 | J380: =INDEX(CBS_landbouw_2018!$C:$I,MATCH(Verdeelsleutels_absoluut!$C380,CBS_landbouw_2018!$B:$B,0),MATCH(Verdeelsleutels_absoluut!J$1,CBS_landbouw_2018!$C$1:$I$1,0)) -> 22726 | K380: =INDEX(CBS_landbouw_2018!$C:$I,MATCH(Verdeelsleutels_absoluut!$C380,CBS_landbouw_2018!$B:$B,0),MATCH(Verdeelsleutels_absoluut!K$1,CBS_landbouw_2018!$C$1:$I$1,0)) -> 10998 | L380: =E380-F380 -> 869189 | M380: =SUM(INDEX(CBS_bodemgebruik_2015!$C:$I,MATCH("Schijndel",CBS_bodemgebruik_2015!$B:$B,0),MATCH(Verdeelsleutels_absoluut!M$1,CBS_bodemgebruik_2015!$C$1:$I$1,0)),INDEX(CBS_bodemgebruik_2015!$C:$I,MATCH("Sint-Oedenrode",CBS_bodemgebruik_2015!$B:$B,0),MATCH(Verdeelsleutels_absoluut!M$1,CBS_bodemgebruik_2015!$C$1:$I$1,0)),INDEX(CBS_bodemgebruik_2015!$C:$I,MATCH("Veghel",CBS_bodemgebruik_2015!$B:$B,0),MATCH(Verdeelsleutels_absoluut!M$1,CBS_bodemgebruik_2015!$C$1:$I$1,0))) -> 13326 | N380: =SUM(INDEX(CBS_bodemgebruik_2015!$C:$I,MATCH("Schijndel",CBS_bodemgebruik_2015!$B:$B,0),MATCH(Verdeelsleutels_absoluut!N$1,CBS_bodemgebruik_2015!$C$1:$I$1,0)),INDEX(CBS_bodemgebruik_2015!$C:$I,MATCH("Sint-Oedenrode",CBS_bodemgebruik_2015!$B:$B,0),MATCH(Verdeelsleutels_absoluut!N$1,CBS_bodemgebruik_2015!$C$1:$I$1,0)),INDEX(CBS_bodemgebruik_2015!$C:$I,MATCH("Veghel",CBS_bodemgebruik_2015!$B:$B,0),MATCH(Verdeelsleutels_absoluut!N$1,CBS_bodemgebruik_2015!$C$1:$I$1,0))) -> 113 | O380: =SUM(INDEX(CBS_bodemgebruik_2015!$C:$I,MATCH("Schijndel",CBS_bodemgebruik_2015!$B:$B,0),MATCH(Verdeelsleutels_absoluut!O$1,CBS_bodemgebruik_2015!$C$1:$I$1,0)),INDEX(CBS_bodemgebruik_2015!$C:$I,MATCH("Sint-Oedenrode",CBS_bodemgebruik_2015!$B:$B,0),MATCH(Verdeelsleutels_absoluut!O$1,CBS_bodemgebruik_2015!$C$1:$I$1,0)),INDEX(CBS_bodemgebruik_2015!$C:$I,MATCH("Veghel",CBS_bodemgebruik_2015!$B:$B,0),MATCH(Verdeelsleutels_absoluut!O$1,CBS_bodemgebruik_2015!$C$1:$I$1,0))) -> 1597 | P380: =SUM(INDEX(CBS_bodemgebruik_2015!$C:$I,MATCH("Schijndel",CBS_bodemgebruik_2015!$B:$B,0),MATCH(Verdeelsleutels_absoluut!P$1,CBS_bodemgebruik_2015!$C$1:$I$1,0)),INDEX(CBS_bodemgebruik_2015!$C:$I,MATCH("Sint-Oedenrode",CBS_bodemgebruik_2015!$B:$B,0),MATCH(Verdeelsleutels_absoluut!P$1,CBS_bodemgebruik_2015!$C$1:$I$1,0)),INDEX(CBS_bodemgebruik_2015!$C:$I,MATCH("Veghel",CBS_bodemgebruik_2015!$B:$B,0),MATCH(Verdeelsleutels_absoluut!P$1,CBS_bodemgebruik_2015!$C$1:$I$1,0))) -> 0 | Q380: =SUM(INDEX(CBS_bodemgebruik_2015!$C:$I,MATCH("Schijndel",CBS_bodemgebruik_2015!$B:$B,0),MATCH(Verdeelsleutels_absoluut!Q$1,CBS_bodemgebruik_2015!$C$1:$I$1,0)),INDEX(CBS_bodemgebruik_2015!$C:$I,MATCH("Sint-Oedenrode",CBS_bodemgebruik_2015!$B:$B,0),MATCH(Verdeelsleutels_absoluut!Q$1,CBS_bodemgebruik_2015!$C$1:$I$1,0)),INDEX(CBS_bodemgebruik_2015!$C:$I,MATCH("Veghel",CBS_bodemgebruik_2015!$B:$B,0),MATCH(Verdeelsleutels_absoluut!Q$1,CBS_bodemgebruik_2015!$C$1:$I$1,0))) -> 19 | R380: =SUM(INDEX(CBS_bodemgebruik_2015!$C:$I,MATCH("Schijndel",CBS_bodemgebruik_2015!$B:$B,0),MATCH(Verdeelsleutels_absoluut!R$1,CBS_bodemgebruik_2015!$C$1:$I$1,0)),INDEX(CBS_bodemgebruik_2015!$C:$I,MATCH("Sint-Oedenrode",CBS_bodemgebruik_2015!$B:$B,0),MATCH(Verdeelsleutels_absoluut!R$1,CBS_bodemgebruik_2015!$C$1:$I$1,0)),INDEX(CBS_bodemgebruik_2015!$C:$I,MATCH("Veghel",CBS_bodemgebruik_2015!$B:$B,0),MATCH(Verdeelsleutels_absoluut!R$1,CBS_bodemgebruik_2015!$C$1:$I$1,0))) -> 9 | S380: =SUM(INDEX(CBS_bodemgebruik_2015!$C:$I,MATCH("Schijndel",CBS_bodemgebruik_2015!$B:$B,0),MATCH(Verdeelsleutels_absoluut!S$1,CBS_bodemgebruik_2015!$C$1:$I$1,0)),INDEX(CBS_bodemgebruik_2015!$C:$I,MATCH("Sint-Oedenrode",CBS_bodemgebruik_2015!$B:$B,0),MATCH(Verdeelsleutels_absoluut!S$1,CBS_bodemgebruik_2015!$C$1:$I$1,0)),INDEX(CBS_bodemgebruik_2015!$C:$I,MATCH("Veghel",CBS_bodemgebruik_2015!$B:$B,0),MATCH(Verdeelsleutels_absoluut!S$1,CBS_bodemgebruik_2015!$C$1:$I$1,0))) -> 134 | T380: =SUM(Q380:S380) -> 162 | U380: =INDEX(CBS_wegen_2019!B:C,MATCH(C380,CBS_wegen_2019!B:B,0),2) -> 891
B381: =INDEX('ETLocal datasets'!B:C,MATCH(Verdeelsleutels_absoluut!C381,'ETLocal datasets'!C:C,0),1) -> GM1949 | C381: ='ETLocal datasets'!C367 -> Waadhoeke | D381: =INDEX(CBS_bevolking_2018!B:C,MATCH(Verdeelsleutels_absoluut!C381,CBS_bevolking_2018!B:B,0),2) -> 46039 | E381: =INDEX(CBS_landbouw_2018!$C:$I,MATCH(Verdeelsleutels_absoluut!$C381,CBS_landbouw_2018!$B:$B,0),MATCH(Verdeelsleutels_absoluut!E$1,CBS_landbouw_2018!$C$1:$I$1,0)) -> 2234951 | F381: =INDEX(CBS_landbouw_2018!$C:$I,MATCH(Verdeelsleutels_absoluut!$C381,CBS_landbouw_2018!$B:$B,0),MATCH(Verdeelsleutels_absoluut!F$1,CBS_landbouw_2018!$C$1:$I$1,0)) -> 1021649 | G381: =INDEX(CBS_landbouw_2018!$C:$I,MATCH(Verdeelsleutels_absoluut!$C381,CBS_landbouw_2018!$B:$B,0),MATCH(Verdeelsleutels_absoluut!G$1,CBS_landbouw_2018!$C$1:$I$1,0)) -> 21623 | H381: =INDEX(CBS_landbouw_2018!$C:$I,MATCH(Verdeelsleutels_absoluut!$C381,CBS_landbouw_2018!$B:$B,0),MATCH(Verdeelsleutels_absoluut!H$1,CBS_landbouw_2018!$C$1:$I$1,0)) -> 2902 | I381: =INDEX(CBS_landbouw_2018!$C:$I,MATCH(Verdeelsleutels_absoluut!$C381,CBS_landbouw_2018!$B:$B,0),MATCH(Verdeelsleutels_absoluut!I$1,CBS_landbouw_2018!$C$1:$I$1,0)) -> 902016 | J381: =INDEX(CBS_landbouw_2018!$C:$I,MATCH(Verdeelsleutels_absoluut!$C381,CBS_landbouw_2018!$B:$B,0),MATCH(Verdeelsleutels_absoluut!J$1,CBS_landbouw_2018!$C$1:$I$1,0)) -> 305521 | K381: =INDEX(CBS_landbouw_2018!$C:$I,MATCH(Verdeelsleutels_absoluut!$C381,CBS_landbouw_2018!$B:$B,0),MATCH(Verdeelsleutels_absoluut!K$1,CBS_landbouw_2018!$C$1:$I$1,0)) -> 48251 | L381: =E381-F381 -> 1213302 | M381: =SUM(INDEX(CBS_bodemgebruik_2015!$C:$I,MATCH("Franekeradeel",CBS_bodemgebruik_2015!$B:$B,0),MATCH(Verdeelsleutels_absoluut!M$1,CBS_bodemgebruik_2015!$C$1:$I$1,0)),INDEX(CBS_bodemgebruik_2015!$C:$I,MATCH("Het Bildt",CBS_bodemgebruik_2015!$B:$B,0),MATCH(Verdeelsleutels_absoluut!M$1,CBS_bodemgebruik_2015!$C$1:$I$1,0)),INDEX(CBS_bodemgebruik_2015!$C:$I,MATCH("Menameradiel",CBS_bodemgebruik_2015!$B:$B,0),MATCH(Verdeelsleutels_absoluut!M$1,CBS_bodemgebruik_2015!$C$1:$I$1,0)),INDEX(CBS_bodemgebruik_2015!$C:$I,MATCH("Littenseradiel",CBS_bodemgebruik_2015!$B:$B,0),MATCH(Verdeelsleutels_absoluut!M$1,CBS_bodemgebruik_2015!$C$1:$I$1,0))) -> 35910 | N381: =SUM(INDEX(CBS_bodemgebruik_2015!$C:$I,MATCH("Franekeradeel",CBS_bodemgebruik_2015!$B:$B,0),MATCH(Verdeelsleutels_absoluut!N$1,CBS_bodemgebruik_2015!$C$1:$I$1,0)),INDEX(CBS_bodemgebruik_2015!$C:$I,MATCH("Het Bildt",CBS_bodemgebruik_2015!$B:$B,0),MATCH(Verdeelsleutels_absoluut!N$1,CBS_bodemgebruik_2015!$C$1:$I$1,0)),INDEX(CBS_bodemgebruik_2015!$C:$I,MATCH("Menameradiel",CBS_bodemgebruik_2015!$B:$B,0),MATCH(Verdeelsleutels_absoluut!N$1,CBS_bodemgebruik_2015!$C$1:$I$1,0)),INDEX(CBS_bodemgebruik_2015!$C:$I,MATCH("Littenseradiel",CBS_bodemgebruik_2015!$B:$B,0),MATCH(Verdeelsleutels_absoluut!N$1,CBS_bodemgebruik_2015!$C$1:$I$1,0))) -> 74 | O381: =SUM(INDEX(CBS_bodemgebruik_2015!$C:$I,MATCH("Franekeradeel",CBS_bodemgebruik_2015!$B:$B,0),MATCH(Verdeelsleutels_absoluut!O$1,CBS_bodemgebruik_2015!$C$1:$I$1,0)),INDEX(CBS_bodemgebruik_2015!$C:$I,MATCH("Het Bildt",CBS_bodemgebruik_2015!$B:$B,0),MATCH(Verdeelsleutels_absoluut!O$1,CBS_bodemgebruik_2015!$C$1:$I$1,0)),INDEX(CBS_bodemgebruik_2015!$C:$I,MATCH("Menameradiel",CBS_bodemgebruik_2015!$B:$B,0),MATCH(Verdeelsleutels_absoluut!O$1,CBS_bodemgebruik_2015!$C$1:$I$1,0)),INDEX(CBS_bodemgebruik_2015!$C:$I,MATCH("Littenseradiel",CBS_bodemgebruik_2015!$B:$B,0),MATCH(Verdeelsleutels_absoluut!O$1,CBS_bodemgebruik_2015!$C$1:$I$1,0))) -> 64 | P381: =SUM(INDEX(CBS_bodemgebruik_2015!$C:$I,MATCH("Franekeradeel",CBS_bodemgebruik_2015!$B:$B,0),MATCH(Verdeelsleutels_absoluut!P$1,CBS_bodemgebruik_2015!$C$1:$I$1,0)),INDEX(CBS_bodemgebruik_2015!$C:$I,MATCH("Het Bildt",CBS_bodemgebruik_2015!$B:$B,0),MATCH(Verdeelsleutels_absoluut!P$1,CBS_bodemgebruik_2015!$C$1:$I$1,0)),INDEX(CBS_bodemgebruik_2015!$C:$I,MATCH("Menameradiel",CBS_bodemgebruik_2015!$B:$B,0),MATCH(Verdeelsleutels_absoluut!P$1,CBS_bodemgebruik_2015!$C$1:$I$1,0)),INDEX(CBS_bodemgebruik_2015!$C:$I,MATCH("Littenseradiel",CBS_bodemgebruik_2015!$B:$B,0),MATCH(Verdeelsleutels_absoluut!P$1,CBS_bodemgebruik_2015!$C$1:$I$1,0))) -> 0 | Q381: =SUM(INDEX(CBS_bodemgebruik_2015!$C:$I,MATCH("Franekeradeel",CBS_bodemgebruik_2015!$B:$B,0),MATCH(Verdeelsleutels_absoluut!Q$1,CBS_bodemgebruik_2015!$C$1:$I$1,0)),INDEX(CBS_bodemgebruik_2015!$C:$I,MATCH("Het Bildt",CBS_bodemgebruik_2015!$B:$B,0),MATCH(Verdeelsleutels_absoluut!Q$1,CBS_bodemgebruik_2015!$C$1:$I$1,0)),INDEX(CBS_bodemgebruik_2015!$C:$I,MATCH("Menameradiel",CBS_bodemgebruik_2015!$B:$B,0),MATCH(Verdeelsleutels_absoluut!Q$1,CBS_bodemgebruik_2015!$C$1:$I$1,0)),INDEX(CBS_bodemgebruik_2015!$C:$I,MATCH("Littenseradiel",CBS_bodemgebruik_2015!$B:$B,0),MATCH(Verdeelsleutels_absoluut!Q$1,CBS_bodemgebruik_2015!$C$1:$I$1,0))) -> 591 | R381: =SUM(INDEX(CBS_bodemgebruik_2015!$C:$I,MATCH("Franekeradeel",CBS_bodemgebruik_2015!$B:$B,0),MATCH(Verdeelsleutels_absoluut!R$1,CBS_bodemgebruik_2015!$C$1:$I$1,0)),INDEX(CBS_bodemgebruik_2015!$C:$I,MATCH("Het Bildt",CBS_bodemgebruik_2015!$B:$B,0),MATCH(Verdeelsleutels_absoluut!R$1,CBS_bodemgebruik_2015!$C$1:$I$1,0)),INDEX(CBS_bodemgebruik_2015!$C:$I,MATCH("Menameradiel",CBS_bodemgebruik_2015!$B:$B,0),MATCH(Verdeelsleutels_absoluut!R$1,CBS_bodemgebruik_2015!$C$1:$I$1,0)),INDEX(CBS_bodemgebruik_2015!$C:$I,MATCH("Littenseradiel",CBS_bodemgebruik_2015!$B:$B,0),MATCH(Verdeelsleutels_absoluut!R$1,CBS_bodemgebruik_2015!$C$1:$I$1,0))) -> 4 | S381: =SUM(INDEX(CBS_bodemgebruik_2015!$C:$I,MATCH("Franekeradeel",CBS_bodemgebruik_2015!$B:$B,0),MATCH(Verdeelsleutels_absoluut!S$1,CBS_bodemgebruik_2015!$C$1:$I$1,0)),INDEX(CBS_bodemgebruik_2015!$C:$I,MATCH("Het Bildt",CBS_bodemgebruik_2015!$B:$B,0),MATCH(Verdeelsleutels_absoluut!S$1,CBS_bodemgebruik_2015!$C$1:$I$1,0)),INDEX(CBS_bodemgebruik_2015!$C:$I,MATCH("Menameradiel",CBS_bodemgebruik_2015!$B:$B,0),MATCH(Verdeelsleutels_absoluut!S$1,CBS_bodemgebruik_2015!$C$1:$I$1,0)),INDEX(CBS_bodemgebruik_2015!$C:$I,MATCH("Littenseradiel",CBS_bodemgebruik_2015!$B:$B,0),MATCH(Verdeelsleutels_absoluut!S$1,CBS_bodemgebruik_2015!$C$1:$I$1,0))) -> 561 | T381: =SUM(Q381:S381) -> 1156 | U381: =INDEX(CBS_wegen_2019!B:C,MATCH(C381,CBS_wegen_2019!B:B,0),2) -> 665
B382: =INDEX('ETLocal datasets'!B:C,MATCH(Verdeelsleutels_absoluut!C382,'ETLocal datasets'!C:C,0),1) -> GM1950 | C382: ='ETLocal datasets'!C368 -> Westerwolde | D382: =INDEX(CBS_bevolking_2018!B:C,MATCH(Verdeelsleutels_absoluut!C382,CBS_bevolking_2018!B:B,0),2) -> 25199 | E382: =INDEX(CBS_landbouw_2018!$C:$I,MATCH(Verdeelsleutels_absoluut!$C382,CBS_landbouw_2018!$B:$B,0),MATCH(Verdeelsleutels_absoluut!E$1,CBS_landbouw_2018!$C$1:$I$1,0)) -> 1896719 | F382: =INDEX(CBS_landbouw_2018!$C:$I,MATCH(Verdeelsleutels_absoluut!$C382,CBS_landbouw_2018!$B:$B,0),MATCH(Verdeelsleutels_absoluut!F$1,CBS_landbouw_2018!$C$1:$I$1,0)) -> 195098 | G382: =INDEX(CBS_landbouw_2018!$C:$I,MATCH(Verdeelsleutels_absoluut!$C382,CBS_landbouw_2018!$B:$B,0),MATCH(Verdeelsleutels_absoluut!G$1,CBS_landbouw_2018!$C$1:$I$1,0)) -> 7570 | H382: =INDEX(CBS_landbouw_2018!$C:$I,MATCH(Verdeelsleutels_absoluut!$C382,CBS_landbouw_2018!$B:$B,0),MATCH(Verdeelsleutels_absoluut!H$1,CBS_landbouw_2018!$C$1:$I$1,0)) -> 30746 | I382: =INDEX(CBS_landbouw_2018!$C:$I,MATCH(Verdeelsleutels_absoluut!$C382,CBS_landbouw_2018!$B:$B,0),MATCH(Verdeelsleutels_absoluut!I$1,CBS_landbouw_2018!$C$1:$I$1,0)) -> 431976 | J382: =INDEX(CBS_landbouw_2018!$C:$I,MATCH(Verdeelsleutels_absoluut!$C382,CBS_landbouw_2018!$B:$B,0),MATCH(Verdeelsleutels_absoluut!J$1,CBS_landbouw_2018!$C$1:$I$1,0)) -> 397476 | K382: =INDEX(CBS_landbouw_2018!$C:$I,MATCH(Verdeelsleutels_absoluut!$C382,CBS_landbouw_2018!$B:$B,0),MATCH(Verdeelsleutels_absoluut!K$1,CBS_landbouw_2018!$C$1:$I$1,0)) -> 13390 | L382: =E382-F382 -> 1701621 | M382: =SUM(INDEX(CBS_bodemgebruik_2015!$C:$I,MATCH("Bellingwedde",CBS_bodemgebruik_2015!$B:$B,0),MATCH(Verdeelsleutels_absoluut!M$1,CBS_bodemgebruik_2015!$C$1:$I$1,0)),INDEX(CBS_bodemgebruik_2015!$C:$I,MATCH("Vlagtwedde",CBS_bodemgebruik_2015!$B:$B,0),MATCH(Verdeelsleutels_absoluut!M$1,CBS_bodemgebruik_2015!$C$1:$I$1,0))) -> 23507 | N382: =SUM(INDEX(CBS_bodemgebruik_2015!$C:$I,MATCH("Bellingwedde",CBS_bodemgebruik_2015!$B:$B,0),MATCH(Verdeelsleutels_absoluut!N$1,CBS_bodemgebruik_2015!$C$1:$I$1,0)),INDEX(CBS_bodemgebruik_2015!$C:$I,MATCH("Vlagtwedde",CBS_bodemgebruik_2015!$B:$B,0),MATCH(Verdeelsleutels_absoluut!N$1,CBS_bodemgebruik_2015!$C$1:$I$1,0))) -> 52 | O382: =SUM(INDEX(CBS_bodemgebruik_2015!$C:$I,MATCH("Bellingwedde",CBS_bodemgebruik_2015!$B:$B,0),MATCH(Verdeelsleutels_absoluut!O$1,CBS_bodemgebruik_2015!$C$1:$I$1,0)),INDEX(CBS_bodemgebruik_2015!$C:$I,MATCH("Vlagtwedde",CBS_bodemgebruik_2015!$B:$B,0),MATCH(Verdeelsleutels_absoluut!O$1,CBS_bodemgebruik_2015!$C$1:$I$1,0))) -> 1557 | P382: =SUM(INDEX(CBS_bodemgebruik_2015!$C:$I,MATCH("Bellingwedde",CBS_bodemgebruik_2015!$B:$B,0),MATCH(Verdeelsleutels_absoluut!P$1,CBS_bodemgebruik_2015!$C$1:$I$1,0)),INDEX(CBS_bodemgebruik_2015!$C:$I,MATCH("Vlagtwedde",CBS_bodemgebruik_2015!$B:$B,0),MATCH(Verdeelsleutels_absoluut!P$1,CBS_bodemgebruik_2015!$C$1:$I$1,0))) -> 61 | Q382: =SUM(INDEX(CBS_bodemgebruik_2015!$C:$I,MATCH("Bellingwedde",CBS_bodemgebruik_2015!$B:$B,0),MATCH(Verdeelsleutels_absoluut!Q$1,CBS_bodemgebruik_2015!$C$1:$I$1,0)),INDEX(CBS_bodemgebruik_2015!$C:$I,MATCH("Vlagtwedde",CBS_bodemgebruik_2015!$B:$B,0),MATCH(Verdeelsleutels_absoluut!Q$1,CBS_bodemgebruik_2015!$C$1:$I$1,0))) -> 344 | R382: =SUM(INDEX(CBS_bodemgebruik_2015!$C:$I,MATCH("Bellingwedde",CBS_bodemgebruik_2015!$B:$B,0),MATCH(Verdeelsleutels_absoluut!R$1,CBS_bodemgebruik_2015!$C$1:$I$1,0)),INDEX(CBS_bodemgebruik_2015!$C:$I,MATCH("Vlagtwedde",CBS_bodemgebruik_2015!$B:$B,0),MATCH(Verdeelsleutels_absoluut!R$1,CBS_bodemgebruik_2015!$C$1:$I$1,0))) -> 50 | S382: =SUM(INDEX(CBS_bodemgebruik_2015!$C:$I,MATCH("Bellingwedde",CBS_bodemgebruik_2015!$B:$B,0),MATCH(Verdeelsleutels_absoluut!S$1,CBS_bodemgebruik_2015!$C$1:$I$1,0)),INDEX(CBS_bodemgebruik_2015!$C:$I,MATCH("Vlagtwedde",CBS_bodemgebruik_2015!$B:$B,0),MATCH(Verdeelsleutels_absoluut!S$1,CBS_bodemgebruik_2015!$C$1:$I$1,0))) -> 344 | T382: =SUM(Q382:S382) -> 738 | U382: =INDEX(CBS_wegen_2019!B:C,MATCH(C382,CBS_wegen_2019!B:B,0),2) -> 630
B383: =INDEX('ETLocal datasets'!B:C,MATCH(Verdeelsleutels_absoluut!C383,'ETLocal datasets'!C:C,0),1) -> GM1952 | C383: ='ETLocal datasets'!C369 -> Midden-Groningen | D383: =INDEX(CBS_bevolking_2018!B:C,MATCH(Verdeelsleutels_absoluut!C383,CBS_bevolking_2018!B:B,0),2) -> 60899 | E383: =INDEX(CBS_landbouw_2018!$C:$I,MATCH(Verdeelsleutels_absoluut!$C383,CBS_landbouw_2018!$B:$B,0),MATCH(Verdeelsleutels_absoluut!E$1,CBS_landbouw_2018!$C$1:$I$1,0)) -> 1859666 | F383: =INDEX(CBS_landbouw_2018!$C:$I,MATCH(Verdeelsleutels_absoluut!$C383,CBS_landbouw_2018!$B:$B,0),MATCH(Verdeelsleutels_absoluut!F$1,CBS_landbouw_2018!$C$1:$I$1,0)) -> 380206 | G383: =INDEX(CBS_landbouw_2018!$C:$I,MATCH(Verdeelsleutels_absoluut!$C383,CBS_landbouw_2018!$B:$B,0),MATCH(Verdeelsleutels_absoluut!G$1,CBS_landbouw_2018!$C$1:$I$1,0)) -> 9778 | H383: =INDEX(CBS_landbouw_2018!$C:$I,MATCH(Verdeelsleutels_absoluut!$C383,CBS_landbouw_2018!$B:$B,0),MATCH(Verdeelsleutels_absoluut!H$1,CBS_landbouw_2018!$C$1:$I$1,0)) -> 20543 | I383: =INDEX(CBS_landbouw_2018!$C:$I,MATCH(Verdeelsleutels_absoluut!$C383,CBS_landbouw_2018!$B:$B,0),MATCH(Verdeelsleutels_absoluut!I$1,CBS_landbouw_2018!$C$1:$I$1,0)) -> 768868 | J383: =INDEX(CBS_landbouw_2018!$C:$I,MATCH(Verdeelsleutels_absoluut!$C383,CBS_landbouw_2018!$B:$B,0),MATCH(Verdeelsleutels_absoluut!J$1,CBS_landbouw_2018!$C$1:$I$1,0)) -> 445786 | K383: =INDEX(CBS_landbouw_2018!$C:$I,MATCH(Verdeelsleutels_absoluut!$C383,CBS_landbouw_2018!$B:$B,0),MATCH(Verdeelsleutels_absoluut!K$1,CBS_landbouw_2018!$C$1:$I$1,0)) -> 6561 | L383: =E383-F383 -> 1479460 | M383: =SUM(INDEX(CBS_bodemgebruik_2015!$C:$I,MATCH("Hoogezand-Sappemeer",CBS_bodemgebruik_2015!$B:$B,0),MATCH(Verdeelsleutels_absoluut!M$1,CBS_bodemgebruik_2015!$C$1:$I$1,0)),INDEX(CBS_bodemgebruik_2015!$C:$I,MATCH("Slochteren",CBS_bodemgebruik_2015!$B:$B,0),MATCH(Verdeelsleutels_absoluut!M$1,CBS_bodemgebruik_2015!$C$1:$I$1,0)),INDEX(CBS_bodemgebruik_2015!$C:$I,MATCH("Menterwolde",CBS_bodemgebruik_2015!$B:$B,0),MATCH(Verdeelsleutels_absoluut!M$1,CBS_bodemgebruik_2015!$C$1:$I$1,0))) -> 23518 | N383: =SUM(INDEX(CBS_bodemgebruik_2015!$C:$I,MATCH("Hoogezand-Sappemeer",CBS_bodemgebruik_2015!$B:$B,0),MATCH(Verdeelsleutels_absoluut!N$1,CBS_bodemgebruik_2015!$C$1:$I$1,0)),INDEX(CBS_bodemgebruik_2015!$C:$I,MATCH("Slochteren",CBS_bodemgebruik_2015!$B:$B,0),MATCH(Verdeelsleutels_absoluut!N$1,CBS_bodemgebruik_2015!$C$1:$I$1,0)),INDEX(CBS_bodemgebruik_2015!$C:$I,MATCH("Menterwolde",CBS_bodemgebruik_2015!$B:$B,0),MATCH(Verdeelsleutels_absoluut!N$1,CBS_bodemgebruik_2015!$C$1:$I$1,0))) -> 149 | O383: =SUM(INDEX(CBS_bodemgebruik_2015!$C:$I,MATCH("Hoogezand-Sappemeer",CBS_bodemgebruik_2015!$B:$B,0),MATCH(Verdeelsleutels_absoluut!O$1,CBS_bodemgebruik_2015!$C$1:$I$1,0)),INDEX(CBS_bodemgebruik_2015!$C:$I,MATCH("Slochteren",CBS_bodemgebruik_2015!$B:$B,0),MATCH(Verdeelsleutels_absoluut!O$1,CBS_bodemgebruik_2015!$C$1:$I$1,0)),INDEX(CBS_bodemgebruik_2015!$C:$I,MATCH("Menterwolde",CBS_bodemgebruik_2015!$B:$B,0),MATCH(Verdeelsleutels_absoluut!O$1,CBS_bodemgebruik_2015!$C$1:$I$1,0))) -> 1055 | P383: =SUM(INDEX(CBS_bodemgebruik_2015!$C:$I,MATCH("Hoogezand-Sappemeer",CBS_bodemgebruik_2015!$B:$B,0),MATCH(Verdeelsleutels_absoluut!P$1,CBS_bodemgebruik_2015!$C$1:$I$1,0)),INDEX(CBS_bodemgebruik_2015!$C:$I,MATCH("Slochteren",CBS_bodemgebruik_2015!$B:$B,0),MATCH(Verdeelsleutels_absoluut!P$1,CBS_bodemgebruik_2015!$C$1:$I$1,0)),INDEX(CBS_bodemgebruik_2015!$C:$I,MATCH("Menterwolde",CBS_bodemgebruik_2015!$B:$B,0),MATCH(Verdeelsleutels_absoluut!P$1,CBS_bodemgebruik_2015!$C$1:$I$1,0))) -> 25 | Q383: =SUM(INDEX(CBS_bodemgebruik_2015!$C:$I,MATCH("Hoogezand-Sappemeer",CBS_bodemgebruik_2015!$B:$B,0),MATCH(Verdeelsleutels_absoluut!Q$1,CBS_bodemgebruik_2015!$C$1:$I$1,0)),INDEX(CBS_bodemgebruik_2015!$C:$I,MATCH("Slochteren",CBS_bodemgebruik_2015!$B:$B,0),MATCH(Verdeelsleutels_absoluut!Q$1,CBS_bodemgebruik_2015!$C$1:$I$1,0)),INDEX(CBS_bodemgebruik_2015!$C:$I,MATCH("Menterwolde",CBS_bodemgebruik_2015!$B:$B,0),MATCH(Verdeelsleutels_absoluut!Q$1,CBS_bodemgebruik_2015!$C$1:$I$1,0))) -> 992 | R383: =SUM(INDEX(CBS_bodemgebruik_2015!$C:$I,MATCH("Hoogezand-Sappemeer",CBS_bodemgebruik_2015!$B:$B,0),MATCH(Verdeelsleutels_absoluut!R$1,CBS_bodemgebruik_2015!$C$1:$I$1,0)),INDEX(CBS_bodemgebruik_2015!$C:$I,MATCH("Slochteren",CBS_bodemgebruik_2015!$B:$B,0),MATCH(Verdeelsleutels_absoluut!R$1,CBS_bodemgebruik_2015!$C$1:$I$1,0)),INDEX(CBS_bodemgebruik_2015!$C:$I,MATCH("Menterwolde",CBS_bodemgebruik_2015!$B:$B,0),MATCH(Verdeelsleutels_absoluut!R$1,CBS_bodemgebruik_2015!$C$1:$I$1,0))) -> 90 | S383: =SUM(INDEX(CBS_bodemgebruik_2015!$C:$I,MATCH("Hoogezand-Sappemeer",CBS_bodemgebruik_2015!$B:$B,0),MATCH(Verdeelsleutels_absoluut!S$1,CBS_bodemgebruik_2015!$C$1:$I$1,0)),INDEX(CBS_bodemgebruik_2015!$C:$I,MATCH("Slochteren",CBS_bodemgebruik_2015!$B:$B,0),MATCH(Verdeelsleutels_absoluut!S$1,CBS_bodemgebruik_2015!$C$1:$I$1,0)),INDEX(CBS_bodemgebruik_2015!$C:$I,MATCH("Menterwolde",CBS_bodemgebruik_2015!$B:$B,0),MATCH(Verdeelsleutels_absoluut!S$1,CBS_bodemgebruik_2015!$C$1:$I$1,0))) -> 1517 | T383: =SUM(Q383:S383) -> 2599 | U383: =INDEX(CBS_wegen_2019!B:C,MATCH(C383,CBS_wegen_2019!B:B,0),2) -> 682
B384: =INDEX('ETLocal datasets'!B:C,MATCH(Verdeelsleutels_absoluut!C384,'ETLocal datasets'!C:C,0),1) -> GM1955 | C384: ='ETLocal datasets'!C370 -> Montferland | D384: =INDEX(CBS_bevolking_2018!B:C,MATCH(Verdeelsleutels_absoluut!C384,CBS_bevolking_2018!B:B,0),2) -> 36026 | E384: =INDEX(CBS_landbouw_2018!$C:$I,MATCH(Verdeelsleutels_absoluut!$C384,CBS_landbouw_2018!$B:$B,0),MATCH(Verdeelsleutels_absoluut!E$1,CBS_landbouw_2018!$C$1:$I$1,0)) -> 562786 | F384: =INDEX(CBS_landbouw_2018!$C:$I,MATCH(Verdeelsleutels_absoluut!$C384,CBS_landbouw_2018!$B:$B,0),MATCH(Verdeelsleutels_absoluut!F$1,CBS_landbouw_2018!$C$1:$I$1,0)) -> 262811 | G384: =INDEX(CBS_landbouw_2018!$C:$I,MATCH(Verdeelsleutels_absoluut!$C384,CBS_landbouw_2018!$B:$B,0),MATCH(Verdeelsleutels_absoluut!G$1,CBS_landbouw_2018!$C$1:$I$1,0)) -> 6504 | H384: =INDEX(CBS_landbouw_2018!$C:$I,MATCH(Verdeelsleutels_absoluut!$C384,CBS_landbouw_2018!$B:$B,0),MATCH(Verdeelsleutels_absoluut!H$1,CBS_landbouw_2018!$C$1:$I$1,0)) -> 61231 | I384: =INDEX(CBS_landbouw_2018!$C:$I,MATCH(Verdeelsleutels_absoluut!$C384,CBS_landbouw_2018!$B:$B,0),MATCH(Verdeelsleutels_absoluut!I$1,CBS_landbouw_2018!$C$1:$I$1,0)) -> 216813 | J384: =INDEX(CBS_landbouw_2018!$C:$I,MATCH(Verdeelsleutels_absoluut!$C384,CBS_landbouw_2018!$B:$B,0),MATCH(Verdeelsleutels_absoluut!J$1,CBS_landbouw_2018!$C$1:$I$1,0)) -> 56817 | K384: =INDEX(CBS_landbouw_2018!$C:$I,MATCH(Verdeelsleutels_absoluut!$C384,CBS_landbouw_2018!$B:$B,0),MATCH(Verdeelsleutels_absoluut!K$1,CBS_landbouw_2018!$C$1:$I$1,0)) -> 620 | L384: =E384-F384 -> 299975 | M384: =INDEX(CBS_bodemgebruik_2015!$C:$F,MATCH(Verdeelsleutels_absoluut!$C384,CBS_bodemgebruik_2015!$B:$B,0),MATCH(Verdeelsleutels_absoluut!M$1,CBS_bodemgebruik_2015!$C$1:$F$1,0)) -> 7384 | N384: =INDEX(CBS_bodemgebruik_2015!$C:$F,MATCH(Verdeelsleutels_absoluut!$C384,CBS_bodemgebruik_2015!$B:$B,0),MATCH(Verdeelsleutels_absoluut!N$1,CBS_bodemgebruik_2015!$C$1:$F$1,0)) -> 19 | O384: =INDEX(CBS_bodemgebruik_2015!$C:$F,MATCH(Verdeelsleutels_absoluut!$C384,CBS_bodemgebruik_2015!$B:$B,0),MATCH(Verdeelsleutels_absoluut!O$1,CBS_bodemgebruik_2015!$C$1:$F$1,0)) -> 1791 | P384: =INDEX(CBS_bodemgebruik_2015!$C:$F,MATCH(Verdeelsleutels_absoluut!$C384,CBS_bodemgebruik_2015!$B:$B,0),MATCH(Verdeelsleutels_absoluut!P$1,CBS_bodemgebruik_2015!$C$1:$F$1,0)) -> 32 | Q384: =INDEX(CBS_bodemgebruik_2015!$C:$I,MATCH(Verdeelsleutels_absoluut!$C384,CBS_bodemgebruik_2015!$B:$B,0),MATCH(Verdeelsleutels_absoluut!Q$1,CBS_bodemgebruik_2015!$C$1:$I$1,0)) -> 2 | R384: =INDEX(CBS_bodemgebruik_2015!$C:$I,MATCH(Verdeelsleutels_absoluut!$C384,CBS_bodemgebruik_2015!$B:$B,0),MATCH(Verdeelsleutels_absoluut!R$1,CBS_bodemgebruik_2015!$C$1:$I$1,0)) -> 36 | S384: =INDEX(CBS_bodemgebruik_2015!$C:$I,MATCH(Verdeelsleutels_absoluut!$C384,CBS_bodemgebruik_2015!$B:$B,0),MATCH(Verdeelsleutels_absoluut!S$1,CBS_bodemgebruik_2015!$C$1:$I$1,0)) -> 58 | T384: =SUM(Q384:S384) -> 96 | U384: =INDEX(CBS_wegen_2019!B:C,MATCH(C384,CBS_wegen_2019!B:B,0),2) -> 411
B385: =INDEX('ETLocal datasets'!B:C,MATCH(Verdeelsleutels_absoluut!C385,'ETLocal datasets'!C:C,0),1) -> GM1960 | C385: ='ETLocal datasets'!C371 -> West Betuwe | D385: =SUM(INDEX(CBS_bevolking_2018!$B:$C,MATCH("Geldermalsen",CBS_bevolking_2018!$B:$B,0),2),INDEX(CBS_bevolking_2018!$B:$C,MATCH("Neerijnen",CBS_bevolking_2018!$B:$B,0),2),INDEX(CBS_bevolking_2018!$B:$C,MATCH("Lingewaal",CBS_bevolking_2018!$B:$B,0),2)) -> 50697 | E385: =SUM(INDEX(CBS_landbouw_2018!$C:$I,MATCH("Geldermalsen",CBS_landbouw_2018!$B:$B,0),MATCH(Verdeelsleutels_absoluut!E$1,CBS_landbouw_2018!$C$1:$I$1,0)),INDEX(CBS_landbouw_2018!$C:$I,MATCH("Neerijnen",CBS_landbouw_2018!$B:$B,0),MATCH(Verdeelsleutels_absoluut!E$1,CBS_landbouw_2018!$C$1:$I$1,0)),INDEX(CBS_landbouw_2018!$C:$I,MATCH("Lingewaal",CBS_landbouw_2018!$B:$B,0),MATCH(Verdeelsleutels_absoluut!E$1,CBS_landbouw_2018!$C$1:$I$1,0))) -> 1297404 | F385: =SUM(INDEX(CBS_landbouw_2018!$C:$I,MATCH("Geldermalsen",CBS_landbouw_2018!$B:$B,0),MATCH(Verdeelsleutels_absoluut!F$1,CBS_landbouw_2018!$C$1:$I$1,0)),INDEX(CBS_landbouw_2018!$C:$I,MATCH("Neerijnen",CBS_landbouw_2018!$B:$B,0),MATCH(Verdeelsleutels_absoluut!F$1,CBS_landbouw_2018!$C$1:$I$1,0)),INDEX(CBS_landbouw_2018!$C:$I,MATCH("Lingewaal",CBS_landbouw_2018!$B:$B,0),MATCH(Verdeelsleutels_absoluut!F$1,CBS_landbouw_2018!$C$1:$I$1,0))) -> 702098 | G385: =SUM(INDEX(CBS_landbouw_2018!$C:$I,MATCH("Geldermalsen",CBS_landbouw_2018!$B:$B,0),MATCH(Verdeelsleutels_absoluut!G$1,CBS_landbouw_2018!$C$1:$I$1,0)),INDEX(CBS_landbouw_2018!$C:$I,MATCH("Neerijnen",CBS_landbouw_2018!$B:$B,0),MATCH(Verdeelsleutels_absoluut!G$1,CBS_landbouw_2018!$C$1:$I$1,0)),INDEX(CBS_landbouw_2018!$C:$I,MATCH("Lingewaal",CBS_landbouw_2018!$B:$B,0),MATCH(Verdeelsleutels_absoluut!G$1,CBS_landbouw_2018!$C$1:$I$1,0))) -> 12967 | H385: =SUM(INDEX(CBS_landbouw_2018!$C:$I,MATCH("Geldermalsen",CBS_landbouw_2018!$B:$B,0),MATCH(Verdeelsleutels_absoluut!H$1,CBS_landbouw_2018!$C$1:$I$1,0)),INDEX(CBS_landbouw_2018!$C:$I,MATCH("Neerijnen",CBS_landbouw_2018!$B:$B,0),MATCH(Verdeelsleutels_absoluut!H$1,CBS_landbouw_2018!$C$1:$I$1,0)),INDEX(CBS_landbouw_2018!$C:$I,MATCH("Lingewaal",CBS_landbouw_2018!$B:$B,0),MATCH(Verdeelsleutels_absoluut!H$1,CBS_landbouw_2018!$C$1:$I$1,0))) -> 29808 | I385: =SUM(INDEX(CBS_landbouw_2018!$C:$I,MATCH("Geldermalsen",CBS_landbouw_2018!$B:$B,0),MATCH(Verdeelsleutels_absoluut!I$1,CBS_landbouw_2018!$C$1:$I$1,0)),INDEX(CBS_landbouw_2018!$C:$I,MATCH("Neerijnen",CBS_landbouw_2018!$B:$B,0),MATCH(Verdeelsleutels_absoluut!I$1,CBS_landbouw_2018!$C$1:$I$1,0)),INDEX(CBS_landbouw_2018!$C:$I,MATCH("Lingewaal",CBS_landbouw_2018!$B:$B,0),MATCH(Verdeelsleutels_absoluut!I$1,CBS_landbouw_2018!$C$1:$I$1,0))) -> 213838 | J385: =SUM(INDEX(CBS_landbouw_2018!$C:$I,MATCH("Geldermalsen",CBS_landbouw_2018!$B:$B,0),MATCH(Verdeelsleutels_absoluut!J$1,CBS_landbouw_2018!$C$1:$I$1,0)),INDEX(CBS_landbouw_2018!$C:$I,MATCH("Neerijnen",CBS_landbouw_2018!$B:$B,0),MATCH(Verdeelsleutels_absoluut!J$1,CBS_landbouw_2018!$C$1:$I$1,0)),INDEX(CBS_landbouw_2018!$C:$I,MATCH("Lingewaal",CBS_landbouw_2018!$B:$B,0),MATCH(Verdeelsleutels_absoluut!J$1,CBS_landbouw_2018!$C$1:$I$1,0))) -> 50333 | K385: =SUM(INDEX(CBS_landbouw_2018!$C:$I,MATCH("Geldermalsen",CBS_landbouw_2018!$B:$B,0),MATCH(Verdeelsleutels_absoluut!K$1,CBS_landbouw_2018!$C$1:$I$1,0)),INDEX(CBS_landbouw_2018!$C:$I,MATCH("Neerijnen",CBS_landbouw_2018!$B:$B,0),MATCH(Verdeelsleutels_absoluut!K$1,CBS_landbouw_2018!$C$1:$I$1,0)),INDEX(CBS_landbouw_2018!$C:$I,MATCH("Lingewaal",CBS_landbouw_2018!$B:$B,0),MATCH(Verdeelsleutels_absoluut!K$1,CBS_landbouw_2018!$C$1:$I$1,0))) -> 2918 | L385: =E385-F385 -> 595306 | M385: =SUM(INDEX(CBS_bodemgebruik_2015!$C:$I,MATCH("Geldermalsen",CBS_bodemgebruik_2015!$B:$B,0),MATCH(Verdeelsleutels_absoluut!M$1,CBS_bodemgebruik_2015!$C$1:$I$1,0)),INDEX(CBS_bodemgebruik_2015!$C:$I,MATCH("Neerijnen",CBS_bodemgebruik_2015!$B:$B,0),MATCH(Verdeelsleutels_absoluut!M$1,CBS_bodemgebruik_2015!$C$1:$I$1,0)),INDEX(CBS_bodemgebruik_2015!$C:$I,MATCH("Lingewaal",CBS_bodemgebruik_2015!$B:$B,0),MATCH(Verdeelsleutels_absoluut!M$1,CBS_bodemgebruik_2015!$C$1:$I$1,0))) -> 17436 | N385: =SUM(INDEX(CBS_bodemgebruik_2015!$C:$I,MATCH("Geldermalsen",CBS_bodemgebruik_2015!$B:$B,0),MATCH(Verdeelsleutels_absoluut!N$1,CBS_bodemgebruik_2015!$C$1:$I$1,0)),INDEX(CBS_bodemgebruik_2015!$C:$I,MATCH("Neerijnen",CBS_bodemgebruik_2015!$B:$B,0),MATCH(Verdeelsleutels_absoluut!N$1,CBS_bodemgebruik_2015!$C$1:$I$1,0)),INDEX(CBS_bodemgebruik_2015!$C:$I,MATCH("Lingewaal",CBS_bodemgebruik_2015!$B:$B,0),MATCH(Verdeelsleutels_absoluut!N$1,CBS_bodemgebruik_2015!$C$1:$I$1,0))) -> 23 | O385: =SUM(INDEX(CBS_bodemgebruik_2015!$C:$I,MATCH("Geldermalsen",CBS_bodemgebruik_2015!$B:$B,0),MATCH(Verdeelsleutels_absoluut!O$1,CBS_bodemgebruik_2015!$C$1:$I$1,0)),INDEX(CBS_bodemgebruik_2015!$C:$I,MATCH("Neerijnen",CBS_bodemgebruik_2015!$B:$B,0),MATCH(Verdeelsleutels_absoluut!O$1,CBS_bodemgebruik_2015!$C$1:$I$1,0)),INDEX(CBS_bodemgebruik_2015!$C:$I,MATCH("Lingewaal",CBS_bodemgebruik_2015!$B:$B,0),MATCH(Verdeelsleutels_absoluut!O$1,CBS_bodemgebruik_2015!$C$1:$I$1,0))) -> 1081 | P385: =SUM(INDEX(CBS_bodemgebruik_2015!$C:$I,MATCH("Geldermalsen",CBS_bodemgebruik_2015!$B:$B,0),MATCH(Verdeelsleutels_absoluut!P$1,CBS_bodemgebruik_2015!$C$1:$I$1,0)),INDEX(CBS_bodemgebruik_2015!$C:$I,MATCH("Neerijnen",CBS_bodemgebruik_2015!$B:$B,0),MATCH(Verdeelsleutels_absoluut!P$1,CBS_bodemgebruik_2015!$C$1:$I$1,0)),INDEX(CBS_bodemgebruik_2015!$C:$I,MATCH("Lingewaal",CBS_bodemgebruik_2015!$B:$B,0),MATCH(Verdeelsleutels_absoluut!P$1,CBS_bodemgebruik_2015!$C$1:$I$1,0))) -> 43 | Q385: =SUM(INDEX(CBS_bodemgebruik_2015!$C:$I,MATCH("Geldermalsen",CBS_bodemgebruik_2015!$B:$B,0),MATCH(Verdeelsleutels_absoluut!Q$1,CBS_bodemgebruik_2015!$C$1:$I$1,0)),INDEX(CBS_bodemgebruik_2015!$C:$I,MATCH("Neerijnen",CBS_bodemgebruik_2015!$B:$B,0),MATCH(Verdeelsleutels_absoluut!Q$1,CBS_bodemgebruik_2015!$C$1:$I$1,0)),INDEX(CBS_bodemgebruik_2015!$C:$I,MATCH("Lingewaal",CBS_bodemgebruik_2015!$B:$B,0),MATCH(Verdeelsleutels_absoluut!Q$1,CBS_bodemgebruik_2015!$C$1:$I$1,0))) -> 141 | R385: =SUM(INDEX(CBS_bodemgebruik_2015!$C:$I,MATCH("Geldermalsen",CBS_bodemgebruik_2015!$B:$B,0),MATCH(Verdeelsleutels_absoluut!R$1,CBS_bodemgebruik_2015!$C$1:$I$1,0)),INDEX(CBS_bodemgebruik_2015!$C:$I,MATCH("Neerijnen",CBS_bodemgebruik_2015!$B:$B,0),MATCH(Verdeelsleutels_absoluut!R$1,CBS_bodemgebruik_2015!$C$1:$I$1,0)),INDEX(CBS_bodemgebruik_2015!$C:$I,MATCH("Lingewaal",CBS_bodemgebruik_2015!$B:$B,0),MATCH(Verdeelsleutels_absoluut!R$1,CBS_bodemgebruik_2015!$C$1:$I$1,0))) -> 27 | S385: =SUM(INDEX(CBS_bodemgebruik_2015!$C:$I,MATCH("Geldermalsen",CBS_bodemgebruik_2015!$B:$B,0),MATCH(Verdeelsleutels_absoluut!S$1,CBS_bodemgebruik_2015!$C$1:$I$1,0)),INDEX(CBS_bodemgebruik_2015!$C:$I,MATCH("Neerijnen",CBS_bodemgebruik_2015!$B:$B,0),MATCH(Verdeelsleutels_absoluut!S$1,CBS_bodemgebruik_2015!$C$1:$I$1,0)),INDEX(CBS_bodemgebruik_2015!$C:$I,MATCH("Lingewaal",CBS_bodemgebruik_2015!$B:$B,0),MATCH(Verdeelsleutels_absoluut!S$1,CBS_bodemgebruik_2015!$C$1:$I$1,0))) -> 633 | T385: =SUM(Q385:S385) -> 801 | U385: =SUM(INDEX(CBS_wegen_2019!$B:$C,MATCH("Geldermalsen",CBS_wegen_2019!$B:$B,0),2),INDEX(CBS_wegen_2019!$B:$C,MATCH("Neerijnen",CBS_wegen_2019!$B:$B,0),2),INDEX(CBS_wegen_2019!$B:$C,MATCH("Lingewaal",CBS_wegen_2019!$B:$B,0),2)) -> 623
B386: =INDEX('ETLocal datasets'!B:C,MATCH(Verdeelsleutels_absoluut!C386,'ETLocal datasets'!C:C,0),1) -> GM1961 | C386: ='ETLocal datasets'!C372 -> Vijfheerenlanden | D386: =SUM(INDEX(CBS_bevolking_2018!$B:$C,MATCH("Leerdam",CBS_bevolking_2018!$B:$B,0),2),INDEX(CBS_bevolking_2018!$B:$C,MATCH("Vianen",CBS_bevolking_2018!$B:$B,0),2),INDEX(CBS_bevolking_2018!$B:$C,MATCH("Zederik",CBS_bevolking_2018!$B:$B,0),2)) -> 55712 | E386: =SUM(INDEX(CBS_landbouw_2018!$C:$I,MATCH("Leerdam",CBS_landbouw_2018!$B:$B,0),MATCH(Verdeelsleutels_absoluut!E$1,CBS_landbouw_2018!$C$1:$I$1,0)),INDEX(CBS_landbouw_2018!$C:$I,MATCH("Vianen",CBS_landbouw_2018!$B:$B,0),MATCH(Verdeelsleutels_absoluut!E$1,CBS_landbouw_2018!$C$1:$I$1,0)),INDEX(CBS_landbouw_2018!$C:$I,MATCH("Zederik",CBS_landbouw_2018!$B:$B,0),MATCH(Verdeelsleutels_absoluut!E$1,CBS_landbouw_2018!$C$1:$I$1,0))) -> 894807 | F386: =SUM(INDEX(CBS_landbouw_2018!$C:$I,MATCH("Leerdam",CBS_landbouw_2018!$B:$B,0),MATCH(Verdeelsleutels_absoluut!F$1,CBS_landbouw_2018!$C$1:$I$1,0)),INDEX(CBS_landbouw_2018!$C:$I,MATCH("Vianen",CBS_landbouw_2018!$B:$B,0),MATCH(Verdeelsleutels_absoluut!F$1,CBS_landbouw_2018!$C$1:$I$1,0)),INDEX(CBS_landbouw_2018!$C:$I,MATCH("Zederik",CBS_landbouw_2018!$B:$B,0),MATCH(Verdeelsleutels_absoluut!F$1,CBS_landbouw_2018!$C$1:$I$1,0))) -> 680110 | G386: =SUM(INDEX(CBS_landbouw_2018!$C:$I,MATCH("Leerdam",CBS_landbouw_2018!$B:$B,0),MATCH(Verdeelsleutels_absoluut!G$1,CBS_landbouw_2018!$C$1:$I$1,0)),INDEX(CBS_landbouw_2018!$C:$I,MATCH("Vianen",CBS_landbouw_2018!$B:$B,0),MATCH(Verdeelsleutels_absoluut!G$1,CBS_landbouw_2018!$C$1:$I$1,0)),INDEX(CBS_landbouw_2018!$C:$I,MATCH("Zederik",CBS_landbouw_2018!$B:$B,0),MATCH(Verdeelsleutels_absoluut!G$1,CBS_landbouw_2018!$C$1:$I$1,0))) -> 11602 | H386: =SUM(INDEX(CBS_landbouw_2018!$C:$I,MATCH("Leerdam",CBS_landbouw_2018!$B:$B,0),MATCH(Verdeelsleutels_absoluut!H$1,CBS_landbouw_2018!$C$1:$I$1,0)),INDEX(CBS_landbouw_2018!$C:$I,MATCH("Vianen",CBS_landbouw_2018!$B:$B,0),MATCH(Verdeelsleutels_absoluut!H$1,CBS_landbouw_2018!$C$1:$I$1,0)),INDEX(CBS_landbouw_2018!$C:$I,MATCH("Zederik",CBS_landbouw_2018!$B:$B,0),MATCH(Verdeelsleutels_absoluut!H$1,CBS_landbouw_2018!$C$1:$I$1,0))) -> 9859 | I386: =SUM(INDEX(CBS_landbouw_2018!$C:$I,MATCH("Leerdam",CBS_landbouw_2018!$B:$B,0),MATCH(Verdeelsleutels_absoluut!I$1,CBS_landbouw_2018!$C$1:$I$1,0)),INDEX(CBS_landbouw_2018!$C:$I,MATCH("Vianen",CBS_landbouw_2018!$B:$B,0),MATCH(Verdeelsleutels_absoluut!I$1,CBS_landbouw_2018!$C$1:$I$1,0)),INDEX(CBS_landbouw_2018!$C:$I,MATCH("Zederik",CBS_landbouw_2018!$B:$B,0),MATCH(Verdeelsleutels_absoluut!I$1,CBS_landbouw_2018!$C$1:$I$1,0))) -> 211364 | J386: =SUM(INDEX(CBS_landbouw_2018!$C:$I,MATCH("Leerdam",CBS_landbouw_2018!$B:$B,0),MATCH(Verdeelsleutels_absoluut!J$1,CBS_landbouw_2018!$C$1:$I$1,0)),INDEX(CBS_landbouw_2018!$C:$I,MATCH("Vianen",CBS_landbouw_2018!$B:$B,0),MATCH(Verdeelsleutels_absoluut!J$1,CBS_landbouw_2018!$C$1:$I$1,0)),INDEX(CBS_landbouw_2018!$C:$I,MATCH("Zederik",CBS_landbouw_2018!$B:$B,0),MATCH(Verdeelsleutels_absoluut!J$1,CBS_landbouw_2018!$C$1:$I$1,0))) -> 6329 | K386: =SUM(INDEX(CBS_landbouw_2018!$C:$I,MATCH("Leerdam",CBS_landbouw_2018!$B:$B,0),MATCH(Verdeelsleutels_absoluut!K$1,CBS_landbouw_2018!$C$1:$I$1,0)),INDEX(CBS_landbouw_2018!$C:$I,MATCH("Vianen",CBS_landbouw_2018!$B:$B,0),MATCH(Verdeelsleutels_absoluut!K$1,CBS_landbouw_2018!$C$1:$I$1,0)),INDEX(CBS_landbouw_2018!$C:$I,MATCH("Zederik",CBS_landbouw_2018!$B:$B,0),MATCH(Verdeelsleutels_absoluut!K$1,CBS_landbouw_2018!$C$1:$I$1,0))) -> 0 | L386: =E386-F386 -> 214697 | M386: =SUM(INDEX(CBS_bodemgebruik_2015!$C:$I,MATCH("Leerdam",CBS_bodemgebruik_2015!$B:$B,0),MATCH(Verdeelsleutels_absoluut!M$1,CBS_bodemgebruik_2015!$C$1:$I$1,0)),INDEX(CBS_bodemgebruik_2015!$C:$I,MATCH("Vianen",CBS_bodemgebruik_2015!$B:$B,0),MATCH(Verdeelsleutels_absoluut!M$1,CBS_bodemgebruik_2015!$C$1:$I$1,0)),INDEX(CBS_bodemgebruik_2015!$C:$I,MATCH("Zederik",CBS_bodemgebruik_2015!$B:$B,0),MATCH(Verdeelsleutels_absoluut!M$1,CBS_bodemgebruik_2015!$C$1:$I$1,0))) -> 11842 | N386: =SUM(INDEX(CBS_bodemgebruik_2015!$C:$I,MATCH("Leerdam",CBS_bodemgebruik_2015!$B:$B,0),MATCH(Verdeelsleutels_absoluut!N$1,CBS_bodemgebruik_2015!$C$1:$I$1,0)),INDEX(CBS_bodemgebruik_2015!$C:$I,MATCH("Vianen",CBS_bodemgebruik_2015!$B:$B,0),MATCH(Verdeelsleutels_absoluut!N$1,CBS_bodemgebruik_2015!$C$1:$I$1,0)),INDEX(CBS_bodemgebruik_2015!$C:$I,MATCH("Zederik",CBS_bodemgebruik_2015!$B:$B,0),MATCH(Verdeelsleutels_absoluut!N$1,CBS_bodemgebruik_2015!$C$1:$I$1,0))) -> 42 | O386: =SUM(INDEX(CBS_bodemgebruik_2015!$C:$I,MATCH("Leerdam",CBS_bodemgebruik_2015!$B:$B,0),MATCH(Verdeelsleutels_absoluut!O$1,CBS_bodemgebruik_2015!$C$1:$I$1,0)),INDEX(CBS_bodemgebruik_2015!$C:$I,MATCH("Vianen",CBS_bodemgebruik_2015!$B:$B,0),MATCH(Verdeelsleutels_absoluut!O$1,CBS_bodemgebruik_2015!$C$1:$I$1,0)),INDEX(CBS_bodemgebruik_2015!$C:$I,MATCH("Zederik",CBS_bodemgebruik_2015!$B:$B,0),MATCH(Verdeelsleutels_absoluut!O$1,CBS_bodemgebruik_2015!$C$1:$I$1,0))) -> 600 | P386: =SUM(INDEX(CBS_bodemgebruik_2015!$C:$I,MATCH("Leerdam",CBS_bodemgebruik_2015!$B:$B,0),MATCH(Verdeelsleutels_absoluut!P$1,CBS_bodemgebruik_2015!$C$1:$I$1,0)),INDEX(CBS_bodemgebruik_2015!$C:$I,MATCH("Vianen",CBS_bodemgebruik_2015!$B:$B,0),MATCH(Verdeelsleutels_absoluut!P$1,CBS_bodemgebruik_2015!$C$1:$I$1,0)),INDEX(CBS_bodemgebruik_2015!$C:$I,MATCH("Zederik",CBS_bodemgebruik_2015!$B:$B,0),MATCH(Verdeelsleutels_absoluut!P$1,CBS_bodemgebruik_2015!$C$1:$I$1,0))) -> 7 | Q386: =SUM(INDEX(CBS_bodemgebruik_2015!$C:$I,MATCH("Leerdam",CBS_bodemgebruik_2015!$B:$B,0),MATCH(Verdeelsleutels_absoluut!Q$1,CBS_bodemgebruik_2015!$C$1:$I$1,0)),INDEX(CBS_bodemgebruik_2015!$C:$I,MATCH("Vianen",CBS_bodemgebruik_2015!$B:$B,0),MATCH(Verdeelsleutels_absoluut!Q$1,CBS_bodemgebruik_2015!$C$1:$I$1,0)),INDEX(CBS_bodemgebruik_2015!$C:$I,MATCH("Zederik",CBS_bodemgebruik_2015!$B:$B,0),MATCH(Verdeelsleutels_absoluut!Q$1,CBS_bodemgebruik_2015!$C$1:$I$1,0))) -> 220 | R386: =SUM(INDEX(CBS_bodemgebruik_2015!$C:$I,MATCH("Leerdam",CBS_bodemgebruik_2015!$B:$B,0),MATCH(Verdeelsleutels_absoluut!R$1,CBS_bodemgebruik_2015!$C$1:$I$1,0)),INDEX(CBS_bodemgebruik_2015!$C:$I,MATCH("Vianen",CBS_bodemgebruik_2015!$B:$B,0),MATCH(Verdeelsleutels_absoluut!R$1,CBS_bodemgebruik_2015!$C$1:$I$1,0)),INDEX(CBS_bodemgebruik_2015!$C:$I,MATCH("Zederik",CBS_bodemgebruik_2015!$B:$B,0),MATCH(Verdeelsleutels_absoluut!R$1,CBS_bodemgebruik_2015!$C$1:$I$1,0))) -> 53 | S386: =SUM(INDEX(CBS_bodemgebruik_2015!$C:$I,MATCH("Leerdam",CBS_bodemgebruik_2015!$B:$B,0),MATCH(Verdeelsleutels_absoluut!S$1,CBS_bodemgebruik_2015!$C$1:$I$1,0)),INDEX(CBS_bodemgebruik_2015!$C:$I,MATCH("Vianen",CBS_bodemgebruik_2015!$B:$B,0),MATCH(Verdeelsleutels_absoluut!S$1,CBS_bodemgebruik_2015!$C$1:$I$1,0)),INDEX(CBS_bodemgebruik_2015!$C:$I,MATCH("Zederik",CBS_bodemgebruik_2015!$B:$B,0),MATCH(Verdeelsleutels_absoluut!S$1,CBS_bodemgebruik_2015!$C$1:$I$1,0))) -> 321 | T386: =SUM(Q386:S386) -> 594 | U386: =SUM(INDEX(CBS_wegen_2019!$B:$C,MATCH("Leerdam",CBS_wegen_2019!$B:$B,0),2),INDEX(CBS_wegen_2019!$B:$C,MATCH("Vianen",CBS_wegen_2019!$B:$B,0),2),INDEX(CBS_wegen_2019!$B:$C,MATCH("Zederik",CBS_wegen_2019!$B:$B,0),2)) -> 433
B387: =INDEX('ETLocal datasets'!B:C,MATCH(Verdeelsleutels_absoluut!C387,'ETLocal datasets'!C:C,0),1) -> GM1966 | C387: ='ETLocal datasets'!C373 -> Het Hogeland | D387: =SUM(INDEX(CBS_bevolking_2018!$B:$C,MATCH("Bedum",CBS_bevolking_2018!$B:$B,0),2),INDEX(CBS_bevolking_2018!$B:$C,MATCH("De Marne",CBS_bevolking_2018!$B:$B,0),2),INDEX(CBS_bevolking_2018!$B:$C,MATCH("Eemsmond",CBS_bevolking_2018!$B:$B,0),2),INDEX(CBS_bevolking_2018!$B:$C,MATCH("Winsum",CBS_bevolking_2018!$B:$B,0),2)) -> 49446 | E387: =SUM(INDEX(CBS_landbouw_2018!$C:$I,MATCH("Bedum",CBS_landbouw_2018!$B:$B,0),MATCH(Verdeelsleutels_absoluut!E$1,CBS_landbouw_2018!$C$1:$I$1,0)),INDEX(CBS_landbouw_2018!$C:$I,MATCH("Winsum",CBS_landbouw_2018!$B:$B,0),MATCH(Verdeelsleutels_absoluut!E$1,CBS_landbouw_2018!$C$1:$I$1,0)),INDEX(CBS_landbouw_2018!$C:$I,MATCH("De Marne",CBS_landbouw_2018!$B:$B,0),MATCH(Verdeelsleutels_absoluut!E$1,CBS_landbouw_2018!$C$1:$I$1,0)),INDEX(CBS_landbouw_2018!$C:$I,MATCH("Eemsmond",CBS_landbouw_2018!$B:$B,0),MATCH(Verdeelsleutels_absoluut!E$1,CBS_landbouw_2018!$C$1:$I$1,0))) -> 3629999 | F387: =SUM(INDEX(CBS_landbouw_2018!$C:$I,MATCH("Bedum",CBS_landbouw_2018!$B:$B,0),MATCH(Verdeelsleutels_absoluut!F$1,CBS_landbouw_2018!$C$1:$I$1,0)),INDEX(CBS_landbouw_2018!$C:$I,MATCH("Winsum",CBS_landbouw_2018!$B:$B,0),MATCH(Verdeelsleutels_absoluut!F$1,CBS_landbouw_2018!$C$1:$I$1,0)),INDEX(CBS_landbouw_2018!$C:$I,MATCH("De Marne",CBS_landbouw_2018!$B:$B,0),MATCH(Verdeelsleutels_absoluut!F$1,CBS_landbouw_2018!$C$1:$I$1,0)),INDEX(CBS_landbouw_2018!$C:$I,MATCH("Eemsmond",CBS_landbouw_2018!$B:$B,0),MATCH(Verdeelsleutels_absoluut!F$1,CBS_landbouw_2018!$C$1:$I$1,0))) -> 1034940 | G387: =SUM(INDEX(CBS_landbouw_2018!$C:$I,MATCH("Bedum",CBS_landbouw_2018!$B:$B,0),MATCH(Verdeelsleutels_absoluut!G$1,CBS_landbouw_2018!$C$1:$I$1,0)),INDEX(CBS_landbouw_2018!$C:$I,MATCH("Winsum",CBS_landbouw_2018!$B:$B,0),MATCH(Verdeelsleutels_absoluut!G$1,CBS_landbouw_2018!$C$1:$I$1,0)),INDEX(CBS_landbouw_2018!$C:$I,MATCH("De Marne",CBS_landbouw_2018!$B:$B,0),MATCH(Verdeelsleutels_absoluut!G$1,CBS_landbouw_2018!$C$1:$I$1,0)),INDEX(CBS_landbouw_2018!$C:$I,MATCH("Eemsmond",CBS_landbouw_2018!$B:$B,0),MATCH(Verdeelsleutels_absoluut!G$1,CBS_landbouw_2018!$C$1:$I$1,0))) -> 23964 | H387: =SUM(INDEX(CBS_landbouw_2018!$C:$I,MATCH("Bedum",CBS_landbouw_2018!$B:$B,0),MATCH(Verdeelsleutels_absoluut!H$1,CBS_landbouw_2018!$C$1:$I$1,0)),INDEX(CBS_landbouw_2018!$C:$I,MATCH("Winsum",CBS_landbouw_2018!$B:$B,0),MATCH(Verdeelsleutels_absoluut!H$1,CBS_landbouw_2018!$C$1:$I$1,0)),INDEX(CBS_landbouw_2018!$C:$I,MATCH("De Marne",CBS_landbouw_2018!$B:$B,0),MATCH(Verdeelsleutels_absoluut!H$1,CBS_landbouw_2018!$C$1:$I$1,0)),INDEX(CBS_landbouw_2018!$C:$I,MATCH("Eemsmond",CBS_landbouw_2018!$B:$B,0),MATCH(Verdeelsleutels_absoluut!H$1,CBS_landbouw_2018!$C$1:$I$1,0))) -> 2681 | I387: =SUM(INDEX(CBS_landbouw_2018!$C:$I,MATCH("Bedum",CBS_landbouw_2018!$B:$B,0),MATCH(Verdeelsleutels_absoluut!I$1,CBS_landbouw_2018!$C$1:$I$1,0)),INDEX(CBS_landbouw_2018!$C:$I,MATCH("Winsum",CBS_landbouw_2018!$B:$B,0),MATCH(Verdeelsleutels_absoluut!I$1,CBS_landbouw_2018!$C$1:$I$1,0)),INDEX(CBS_landbouw_2018!$C:$I,MATCH("De Marne",CBS_landbouw_2018!$B:$B,0),MATCH(Verdeelsleutels_absoluut!I$1,CBS_landbouw_2018!$C$1:$I$1,0)),INDEX(CBS_landbouw_2018!$C:$I,MATCH("Eemsmond",CBS_landbouw_2018!$B:$B,0),MATCH(Verdeelsleutels_absoluut!I$1,CBS_landbouw_2018!$C$1:$I$1,0))) -> 474840 | J387: =SUM(INDEX(CBS_landbouw_2018!$C:$I,MATCH("Bedum",CBS_landbouw_2018!$B:$B,0),MATCH(Verdeelsleutels_absoluut!J$1,CBS_landbouw_2018!$C$1:$I$1,0)),INDEX(CBS_landbouw_2018!$C:$I,MATCH("Winsum",CBS_landbouw_2018!$B:$B,0),MATCH(Verdeelsleutels_absoluut!J$1,CBS_landbouw_2018!$C$1:$I$1,0)),INDEX(CBS_landbouw_2018!$C:$I,MATCH("De Marne",CBS_landbouw_2018!$B:$B,0),MATCH(Verdeelsleutels_absoluut!J$1,CBS_landbouw_2018!$C$1:$I$1,0)),INDEX(CBS_landbouw_2018!$C:$I,MATCH("Eemsmond",CBS_landbouw_2018!$B:$B,0),MATCH(Verdeelsleutels_absoluut!J$1,CBS_landbouw_2018!$C$1:$I$1,0))) -> 901170 | K387: =SUM(INDEX(CBS_landbouw_2018!$C:$I,MATCH("Bedum",CBS_landbouw_2018!$B:$B,0),MATCH(Verdeelsleutels_absoluut!K$1,CBS_landbouw_2018!$C$1:$I$1,0)),INDEX(CBS_landbouw_2018!$C:$I,MATCH("Winsum",CBS_landbouw_2018!$B:$B,0),MATCH(Verdeelsleutels_absoluut!K$1,CBS_landbouw_2018!$C$1:$I$1,0)),INDEX(CBS_landbouw_2018!$C:$I,MATCH("De Marne",CBS_landbouw_2018!$B:$B,0),MATCH(Verdeelsleutels_absoluut!K$1,CBS_landbouw_2018!$C$1:$I$1,0)),INDEX(CBS_landbouw_2018!$C:$I,MATCH("Eemsmond",CBS_landbouw_2018!$B:$B,0),MATCH(Verdeelsleutels_absoluut!K$1,CBS_landbouw_2018!$C$1:$I$1,0))) -> 147382 | L387: =E387-F387 -> 2595059 | M387: =SUM(INDEX(CBS_bodemgebruik_2015!$C:$I,MATCH("Bedum",CBS_bodemgebruik_2015!$B:$B,0),MATCH(Verdeelsleutels_absoluut!M$1,CBS_bodemgebruik_2015!$C$1:$I$1,0)),INDEX(CBS_bodemgebruik_2015!$C:$I,MATCH("Winsum",CBS_bodemgebruik_2015!$B:$B,0),MATCH(Verdeelsleutels_absoluut!M$1,CBS_bodemgebruik_2015!$C$1:$I$1,0)),INDEX(CBS_bodemgebruik_2015!$C:$I,MATCH("De Marne",CBS_bodemgebruik_2015!$B:$B,0),MATCH(Verdeelsleutels_absoluut!M$1,CBS_bodemgebruik_2015!$C$1:$I$1,0)),INDEX(CBS_bodemgebruik_2015!$C:$I,MATCH("Eemsmond",CBS_bodemgebruik_2015!$B:$B,0),MATCH(Verdeelsleutels_absoluut!M$1,CBS_bodemgebruik_2015!$C$1:$I$1,0))) -> 40751 | N387: =SUM(INDEX(CBS_bodemgebruik_2015!$C:$I,MATCH("Bedum",CBS_bodemgebruik_2015!$B:$B,0),MATCH(Verdeelsleutels_absoluut!N$1,CBS_bodemgebruik_2015!$C$1:$I$1,0)),INDEX(CBS_bodemgebruik_2015!$C:$I,MATCH("Winsum",CBS_bodemgebruik_2015!$B:$B,0),MATCH(Verdeelsleutels_absoluut!N$1,CBS_bodemgebruik_2015!$C$1:$I$1,0)),INDEX(CBS_bodemgebruik_2015!$C:$I,MATCH("De Marne",CBS_bodemgebruik_2015!$B:$B,0),MATCH(Verdeelsleutels_absoluut!N$1,CBS_bodemgebruik_2015!$C$1:$I$1,0)),INDEX(CBS_bodemgebruik_2015!$C:$I,MATCH("Eemsmond",CBS_bodemgebruik_2015!$B:$B,0),MATCH(Verdeelsleutels_absoluut!N$1,CBS_bodemgebruik_2015!$C$1:$I$1,0))) -> 88 | O387: =SUM(INDEX(CBS_bodemgebruik_2015!$C:$I,MATCH("Bedum",CBS_bodemgebruik_2015!$B:$B,0),MATCH(Verdeelsleutels_absoluut!O$1,CBS_bodemgebruik_2015!$C$1:$I$1,0)),INDEX(CBS_bodemgebruik_2015!$C:$I,MATCH("Winsum",CBS_bodemgebruik_2015!$B:$B,0),MATCH(Verdeelsleutels_absoluut!O$1,CBS_bodemgebruik_2015!$C$1:$I$1,0)),INDEX(CBS_bodemgebruik_2015!$C:$I,MATCH("De Marne",CBS_bodemgebruik_2015!$B:$B,0),MATCH(Verdeelsleutels_absoluut!O$1,CBS_bodemgebruik_2015!$C$1:$I$1,0)),INDEX(CBS_bodemgebruik_2015!$C:$I,MATCH("Eemsmond",CBS_bodemgebruik_2015!$B:$B,0),MATCH(Verdeelsleutels_absoluut!O$1,CBS_bodemgebruik_2015!$C$1:$I$1,0))) -> 1098 | P387: =SUM(INDEX(CBS_bodemgebruik_2015!$C:$I,MATCH("Bedum",CBS_bodemgebruik_2015!$B:$B,0),MATCH(Verdeelsleutels_absoluut!P$1,CBS_bodemgebruik_2015!$C$1:$I$1,0)),INDEX(CBS_bodemgebruik_2015!$C:$I,MATCH("Winsum",CBS_bodemgebruik_2015!$B:$B,0),MATCH(Verdeelsleutels_absoluut!P$1,CBS_bodemgebruik_2015!$C$1:$I$1,0)),INDEX(CBS_bodemgebruik_2015!$C:$I,MATCH("De Marne",CBS_bodemgebruik_2015!$B:$B,0),MATCH(Verdeelsleutels_absoluut!P$1,CBS_bodemgebruik_2015!$C$1:$I$1,0)),INDEX(CBS_bodemgebruik_2015!$C:$I,MATCH("Eemsmond",CBS_bodemgebruik_2015!$B:$B,0),MATCH(Verdeelsleutels_absoluut!P$1,CBS_bodemgebruik_2015!$C$1:$I$1,0))) -> 2708 | Q387: =SUM(INDEX(CBS_bodemgebruik_2015!$C:$I,MATCH("Bedum",CBS_bodemgebruik_2015!$B:$B,0),MATCH(Verdeelsleutels_absoluut!Q$1,CBS_bodemgebruik_2015!$C$1:$I$1,0)),INDEX(CBS_bodemgebruik_2015!$C:$I,MATCH("Winsum",CBS_bodemgebruik_2015!$B:$B,0),MATCH(Verdeelsleutels_absoluut!Q$1,CBS_bodemgebruik_2015!$C$1:$I$1,0)),INDEX(CBS_bodemgebruik_2015!$C:$I,MATCH("De Marne",CBS_bodemgebruik_2015!$B:$B,0),MATCH(Verdeelsleutels_absoluut!Q$1,CBS_bodemgebruik_2015!$C$1:$I$1,0)),INDEX(CBS_bodemgebruik_2015!$C:$I,MATCH("Eemsmond",CBS_bodemgebruik_2015!$B:$B,0),MATCH(Verdeelsleutels_absoluut!Q$1,CBS_bodemgebruik_2015!$C$1:$I$1,0))) -> 1841 | R387: =SUM(INDEX(CBS_bodemgebruik_2015!$C:$I,MATCH("Bedum",CBS_bodemgebruik_2015!$B:$B,0),MATCH(Verdeelsleutels_absoluut!R$1,CBS_bodemgebruik_2015!$C$1:$I$1,0)),INDEX(CBS_bodemgebruik_2015!$C:$I,MATCH("Winsum",CBS_bodemgebruik_2015!$B:$B,0),MATCH(Verdeelsleutels_absoluut!R$1,CBS_bodemgebruik_2015!$C$1:$I$1,0)),INDEX(CBS_bodemgebruik_2015!$C:$I,MATCH("De Marne",CBS_bodemgebruik_2015!$B:$B,0),MATCH(Verdeelsleutels_absoluut!R$1,CBS_bodemgebruik_2015!$C$1:$I$1,0)),INDEX(CBS_bodemgebruik_2015!$C:$I,MATCH("Eemsmond",CBS_bodemgebruik_2015!$B:$B,0),MATCH(Verdeelsleutels_absoluut!R$1,CBS_bodemgebruik_2015!$C$1:$I$1,0))) -> 16 | S387: =SUM(INDEX(CBS_bodemgebruik_2015!$C:$I,MATCH("Bedum",CBS_bodemgebruik_2015!$B:$B,0),MATCH(Verdeelsleutels_absoluut!S$1,CBS_bodemgebruik_2015!$C$1:$I$1,0)),INDEX(CBS_bodemgebruik_2015!$C:$I,MATCH("Winsum",CBS_bodemgebruik_2015!$B:$B,0),MATCH(Verdeelsleutels_absoluut!S$1,CBS_bodemgebruik_2015!$C$1:$I$1,0)),INDEX(CBS_bodemgebruik_2015!$C:$I,MATCH("De Marne",CBS_bodemgebruik_2015!$B:$B,0),MATCH(Verdeelsleutels_absoluut!S$1,CBS_bodemgebruik_2015!$C$1:$I$1,0)),INDEX(CBS_bodemgebruik_2015!$C:$I,MATCH("Eemsmond",CBS_bodemgebruik_2015!$B:$B,0),MATCH(Verdeelsleutels_absoluut!S$1,CBS_bodemgebruik_2015!$C$1:$I$1,0))) -> 547 | T387: =SUM(Q387:S387) -> 2404 | U387: =SUM(INDEX(CBS_wegen_2019!$B:$C,MATCH("Bedum",CBS_wegen_2019!$B:$B,0),2),INDEX(CBS_wegen_2019!$B:$C,MATCH("Winsum",CBS_wegen_2019!$B:$B,0),2),INDEX(CBS_wegen_2019!$B:$C,MATCH("Eemsmond",CBS_wegen_2019!$B:$B,0),2),INDEX(CBS_wegen_2019!$B:$C,MATCH("De Marne",CBS_wegen_2019!$B:$B,0),2)) -> 878

Sheet ETLocal datasets
B1: Gemeentecode | C1: Gemeentenaam
