Workbook

Sheet miscellaneous_data_analysis
A1: GemeentecodeGM | B1: Gemeentenaam | C1: train_share_in_nl | D1: has_tram_metro | E1: buildings_total | F1: arable_land_km2 | G1: number_of_vans_data | H1: number_of_trucks_data | I1: number_of_busses_data | J1: greenhouse_scaled | K1: arable_land_scaled | L1: wet_biomass_potential | M1: dry_biomass_potential | N1: oily_biomass_potential | O1: number_of_cars_data | P1: total_land_area_km2 | Q1: coast_line_km | R1: households_roof_pv_potential | S1: buildings_roof_pv_potential
A2: GM1680 | B2: =INDEX(CBS_gemeenten_alfabetisch_2023!$B:$B,MATCH($A2,CBS_gemeenten_alfabetisch_2023!$A:$A,0)) -> Aa en Hunze | C2: =INDEX('5_train_share_nl'!$1:$343,MATCH($A2,'5_train_share_nl'!$A:$A,0),MATCH(C$1,'5_train_share_nl'!$1:$1,0)) -> 0 | D2: =INDEX('3_has_tram_metro'!$1:$343,MATCH($A2,'3_has_tram_metro'!$A:$A,0),MATCH(D$1,'3_has_tram_metro'!$1:$1,0)) -> 0 | E2: =INDEX('1_buildings_total'!$1:$343,MATCH($A2,'1_buildings_total'!$A:$A,0),MATCH(E$1,'1_buildings_total'!$1:$1,0)) -> 3169.4924 | F2: =INDEX('2_land_use'!$1:$343,MATCH($A2,'2_land_use'!$A:$A,0),MATCH(F$1,'2_land_use'!$1:$1,0)) -> 187.48843 | G2: =INDEX('4_number_of_transport'!$1:$343,MATCH($A2,'4_number_of_transport'!$A:$A,0),MATCH(G$1,'4_number_of_transport'!$1:$1,0)) -> 1826 | H2: =INDEX('4_number_of_transport'!$1:$343,MATCH($A2,'4_number_of_transport'!$A:$A,0),MATCH(H$1,'4_number_of_transport'!$1:$1,0)) -> 101 | I2: =INDEX('4_number_of_transport'!$1:$343,MATCH($A2,'4_number_of_transport'!$A:$A,0),MATCH(I$1,'4_number_of_transport'!$1:$1,0)) -> 3 | J2: =INDEX('2_land_use'!$1:$343,MATCH($A2,'2_land_use'!$A:$A,0),MATCH(J$1,'2_land_use'!$1:$1,0)) -> 0 | K2: =INDEX('2_land_use'!$1:$343,MATCH($A2,'2_land_use'!$A:$A,0),MATCH(K$1,'2_land_use'!$1:$1,0)) -> 0.0084058687 | L2: =INDEX('7_biomass'!$1:$343,MATCH($A2,'7_biomass'!$A:$A,0),MATCH(L$1,'7_biomass'!$1:$1,0)) -> 0.39537229 | M2: =INDEX('7_biomass'!$1:$343,MATCH($A2,'7_biomass'!$A:$A,0),MATCH(M$1,'7_biomass'!$1:$1,0)) -> 0.20660893 | N2: =INDEX('7_biomass'!$1:$343,MATCH($A2,'7_biomass'!$A:$A,0),MATCH(N$1,'7_biomass'!$1:$1,0)) -> 0.01542359 | O2: =INDEX('4_number_of_transport'!$1:$343,MATCH($A2,'4_number_of_transport'!$A:$A,0),MATCH(O$1,'4_number_of_transport'!$1:$1,0)) -> 15568 | P2: =INDEX('2_land_use'!$1:$343,MATCH($A2,'2_land_use'!$A:$A,0),MATCH(P$1,'2_land_use'!$1:$1,0)) -> 276.06032 | Q2: =INDEX('2_land_use'!$1:$343,MATCH($A2,'2_land_use'!$A:$A,0),MATCH(Q$1,'2_land_use'!$1:$1,0)) -> 0 | R2: =INDEX('6_roof_surface'!$1:$343,MATCH($A2,'6_roof_surface'!$A:$A,0),MATCH(R$1,'6_roof_surface'!$1:$1,0)) -> 1.62186 | S2: =INDEX('6_roof_surface'!$1:$343,MATCH($A2,'6_roof_surface'!$A:$A,0),MATCH(S$1,'6_roof_surface'!$1:$1,0)) -> 1.151709
A3: GM0358 | B3: =INDEX(CBS_gemeenten_alfabetisch_2023!$B:$B,MATCH($A3,CBS_gemeenten_alfabetisch_2023!$A:$A,0)) -> Aalsmeer | C3: =INDEX('5_train_share_nl'!$1:$343,MATCH($A3,'5_train_share_nl'!$A:$A,0),MATCH(C$1,'5_train_share_nl'!$1:$1,0)) -> 0 | D3: =INDEX('3_has_tram_metro'!$1:$343,MATCH($A3,'3_has_tram_metro'!$A:$A,0),MATCH(D$1,'3_has_tram_metro'!$1:$1,0)) -> 0 | E3: =INDEX('1_buildings_total'!$1:$343,MATCH($A3,'1_buildings_total'!$A:$A,0),MATCH(E$1,'1_buildings_total'!$1:$1,0)) -> 3228.8457 | F3: =INDEX('2_land_use'!$1:$343,MATCH($A3,'2_land_use'!$A:$A,0),MATCH(F$1,'2_land_use'!$1:$1,0)) -> 7.6329903 | G3: =INDEX('4_number_of_transport'!$1:$343,MATCH($A3,'4_number_of_transport'!$A:$A,0),MATCH(G$1,'4_number_of_transport'!$1:$1,0)) -> 1963 | H3: =INDEX('4_number_of_transport'!$1:$343,MATCH($A3,'4_number_of_transport'!$A:$A,0),MATCH(H$1,'4_number_of_transport'!$1:$1,0)) -> 181 | I3: =INDEX('4_number_of_transport'!$1:$343,MATCH($A3,'4_number_of_transport'!$A:$A,0),MATCH(I$1,'4_number_of_transport'!$1:$1,0)) -> 17 | J3: =INDEX('2_land_use'!$1:$343,MATCH($A3,'2_land_use'!$A:$A,0),MATCH(J$1,'2_land_use'!$1:$1,0)) -> 0.011068605 | K3: =INDEX('2_land_use'!$1:$343,MATCH($A3,'2_land_use'!$A:$A,0),MATCH(K$1,'2_land_use'!$1:$1,0)) -> 0.000342218 | L3: =INDEX('7_biomass'!$1:$343,MATCH($A3,'7_biomass'!$A:$A,0),MATCH(L$1,'7_biomass'!$1:$1,0)) -> 0.19287007 | M3: =INDEX('7_biomass'!$1:$343,MATCH($A3,'7_biomass'!$A:$A,0),MATCH(M$1,'7_biomass'!$1:$1,0)) -> 0.083722821 | N3: =INDEX('7_biomass'!$1:$343,MATCH($A3,'7_biomass'!$A:$A,0),MATCH(N$1,'7_biomass'!$1:$1,0)) -> 0.019276754 | O3: =INDEX('4_number_of_transport'!$1:$343,MATCH($A3,'4_number_of_transport'!$A:$A,0),MATCH(O$1,'4_number_of_transport'!$1:$1,0)) -> 17396 | P3: =INDEX('2_land_use'!$1:$343,MATCH($A3,'2_land_use'!$A:$A,0),MATCH(P$1,'2_land_use'!$1:$1,0)) -> 20.098982 | Q3: =INDEX('2_land_use'!$1:$343,MATCH($A3,'2_land_use'!$A:$A,0),MATCH(Q$1,'2_land_use'!$1:$1,0)) -> 0 | R3: =INDEX('6_roof_surface'!$1:$343,MATCH($A3,'6_roof_surface'!$A:$A,0),MATCH(R$1,'6_roof_surface'!$1:$1,0)) -> 1.678781 | S3: =INDEX('6_roof_surface'!$1:$343,MATCH($A3,'6_roof_surface'!$A:$A,0),MATCH(S$1,'6_roof_surface'!$1:$1,0)) -> 2.585545
A4: GM0197 | B4: =INDEX(CBS_gemeenten_alfabetisch_2023!$B:$B,MATCH($A4,CBS_gemeenten_alfabetisch_2023!$A:$A,0)) -> Aalten | C4: =INDEX('5_train_share_nl'!$1:$343,MATCH($A4,'5_train_share_nl'!$A:$A,0),MATCH(C$1,'5_train_share_nl'!$1:$1,0)) -> 0.0006062442 | D4: =INDEX('3_has_tram_metro'!$1:$343,MATCH($A4,'3_has_tram_metro'!$A:$A,0),MATCH(D$1,'3_has_tram_metro'!$1:$1,0)) -> 0 | E4: =INDEX('1_buildings_total'!$1:$343,MATCH($A4,'1_buildings_total'!$A:$A,0),MATCH(E$1,'1_buildings_total'!$1:$1,0)) -> 2507.5489 | F4: =INDEX('2_land_use'!$1:$343,MATCH($A4,'2_land_use'!$A:$A,0),MATCH(F$1,'2_land_use'!$1:$1,0)) -> 80.464678 | G4: =INDEX('4_number_of_transport'!$1:$343,MATCH($A4,'4_number_of_transport'!$A:$A,0),MATCH(G$1,'4_number_of_transport'!$1:$1,0)) -> 1763 | H4: =INDEX('4_number_of_transport'!$1:$343,MATCH($A4,'4_number_of_transport'!$A:$A,0),MATCH(H$1,'4_number_of_transport'!$1:$1,0)) -> 91 | I4: =INDEX('4_number_of_transport'!$1:$343,MATCH($A4,'4_number_of_transport'!$A:$A,0),MATCH(I$1,'4_number_of_transport'!$1:$1,0)) -> 2 | J4: =INDEX('2_land_use'!$1:$343,MATCH($A4,'2_land_use'!$A:$A,0),MATCH(J$1,'2_land_use'!$1:$1,0)) -> 0 | K4: =INDEX('2_land_use'!$1:$343,MATCH($A4,'2_land_use'!$A:$A,0),MATCH(K$1,'2_land_use'!$1:$1,0)) -> 0.0036075588 | L4: =INDEX('7_biomass'!$1:$343,MATCH($A4,'7_biomass'!$A:$A,0),MATCH(L$1,'7_biomass'!$1:$1,0)) -> 0.24652073 | M4: =INDEX('7_biomass'!$1:$343,MATCH($A4,'7_biomass'!$A:$A,0),MATCH(M$1,'7_biomass'!$1:$1,0)) -> 0.11779276 | N4: =INDEX('7_biomass'!$1:$343,MATCH($A4,'7_biomass'!$A:$A,0),MATCH(N$1,'7_biomass'!$1:$1,0)) -> 0.01641088 | O4: =INDEX('4_number_of_transport'!$1:$343,MATCH($A4,'4_number_of_transport'!$A:$A,0),MATCH(O$1,'4_number_of_transport'!$1:$1,0)) -> 14912 | P4: =INDEX('2_land_use'!$1:$343,MATCH($A4,'2_land_use'!$A:$A,0),MATCH(P$1,'2_land_use'!$1:$1,0)) -> 96.530352 | Q4: =INDEX('2_land_use'!$1:$343,MATCH($A4,'2_land_use'!$A:$A,0),MATCH(Q$1,'2_land_use'!$1:$1,0)) -> 0 | R4: =INDEX('6_roof_surface'!$1:$343,MATCH($A4,'6_roof_surface'!$A:$A,0),MATCH(R$1,'6_roof_surface'!$1:$1,0)) -> 1.14036 | S4: =INDEX('6_roof_surface'!$1:$343,MATCH($A4,'6_roof_surface'!$A:$A,0),MATCH(S$1,'6_roof_surface'!$1:$1,0)) -> 1.670153
A5: GM0059 | B5: =INDEX(CBS_gemeenten_alfabetisch_2023!$B:$B,MATCH($A5,CBS_gemeenten_alfabetisch_2023!$A:$A,0)) -> Achtkarspelen | C5: =INDEX('5_train_share_nl'!$1:$343,MATCH($A5,'5_train_share_nl'!$A:$A,0),MATCH(C$1,'5_train_share_nl'!$1:$1,0)) -> 0 | D5: =INDEX('3_has_tram_metro'!$1:$343,MATCH($A5,'3_has_tram_metro'!$A:$A,0),MATCH(D$1,'3_has_tram_metro'!$1:$1,0)) -> 0 | E5: =INDEX('1_buildings_total'!$1:$343,MATCH($A5,'1_buildings_total'!$A:$A,0),MATCH(E$1,'1_buildings_total'!$1:$1,0)) -> 2582.5209 | F5: =INDEX('2_land_use'!$1:$343,MATCH($A5,'2_land_use'!$A:$A,0),MATCH(F$1,'2_land_use'!$1:$1,0)) -> 85.163223 | G5: =INDEX('4_number_of_transport'!$1:$343,MATCH($A5,'4_number_of_transport'!$A:$A,0),MATCH(G$1,'4_number_of_transport'!$1:$1,0)) -> 2554 | H5: =INDEX('4_number_of_transport'!$1:$343,MATCH($A5,'4_number_of_transport'!$A:$A,0),MATCH(H$1,'4_number_of_transport'!$1:$1,0)) -> 152 | I5: =INDEX('4_number_of_transport'!$1:$343,MATCH($A5,'4_number_of_transport'!$A:$A,0),MATCH(I$1,'4_number_of_transport'!$1:$1,0)) -> 40 | J5: =INDEX('2_land_use'!$1:$343,MATCH($A5,'2_land_use'!$A:$A,0),MATCH(J$1,'2_land_use'!$1:$1,0)) -> 8.091987e-05 | K5: =INDEX('2_land_use'!$1:$343,MATCH($A5,'2_land_use'!$A:$A,0),MATCH(K$1,'2_land_use'!$1:$1,0)) -> 0.0038182137 | L5: =INDEX('7_biomass'!$1:$343,MATCH($A5,'7_biomass'!$A:$A,0),MATCH(L$1,'7_biomass'!$1:$1,0)) -> 0.20659389 | M5: =INDEX('7_biomass'!$1:$343,MATCH($A5,'7_biomass'!$A:$A,0),MATCH(M$1,'7_biomass'!$1:$1,0)) -> 0.15053426 | N5: =INDEX('7_biomass'!$1:$343,MATCH($A5,'7_biomass'!$A:$A,0),MATCH(N$1,'7_biomass'!$1:$1,0)) -> 0.01692184 | O5: =INDEX('4_number_of_transport'!$1:$343,MATCH($A5,'4_number_of_transport'!$A:$A,0),MATCH(O$1,'4_number_of_transport'!$1:$1,0)) -> 15604 | P5: =INDEX('2_land_use'!$1:$343,MATCH($A5,'2_land_use'!$A:$A,0),MATCH(P$1,'2_land_use'!$1:$1,0)) -> 102.20596 | Q5: =INDEX('2_land_use'!$1:$343,MATCH($A5,'2_land_use'!$A:$A,0),MATCH(Q$1,'2_land_use'!$1:$1,0)) -> 0 | R5: =INDEX('6_roof_surface'!$1:$343,MATCH($A5,'6_roof_surface'!$A:$A,0),MATCH(R$1,'6_roof_surface'!$1:$1,0)) -> 1.289278 | S5: =INDEX('6_roof_surface'!$1:$343,MATCH($A5,'6_roof_surface'!$A:$A,0),MATCH(S$1,'6_roof_surface'!$1:$1,0)) -> 1.40414
A6: GM0482 | B6: =INDEX(CBS_gemeenten_alfabetisch_2023!$B:$B,MATCH($A6,CBS_gemeenten_alfabetisch_2023!$A:$A,0)) -> Alblasserdam | C6: =INDEX('5_train_share_nl'!$1:$343,MATCH($A6,'5_train_share_nl'!$A:$A,0),MATCH(C$1,'5_train_share_nl'!$1:$1,0)) -> 0 | D6: =INDEX('3_has_tram_metro'!$1:$343,MATCH($A6,'3_has_tram_metro'!$A:$A,0),MATCH(D$1,'3_has_tram_metro'!$1:$1,0)) -> 0 | E6: =INDEX('1_buildings_total'!$1:$343,MATCH($A6,'1_buildings_total'!$A:$A,0),MATCH(E$1,'1_buildings_total'!$1:$1,0)) -> 721.36554 | F6: =INDEX('2_land_use'!$1:$343,MATCH($A6,'2_land_use'!$A:$A,0),MATCH(F$1,'2_land_use'!$1:$1,0)) -> 2.9173258 | G6: =INDEX('4_number_of_transport'!$1:$343,MATCH($A6,'4_number_of_transport'!$A:$A,0),MATCH(G$1,'4_number_of_transport'!$1:$1,0)) -> 1210 | H6: =INDEX('4_number_of_transport'!$1:$343,MATCH($A6,'4_number_of_transport'!$A:$A,0),MATCH(H$1,'4_number_of_transport'!$1:$1,0)) -> 83 | I6: =INDEX('4_number_of_transport'!$1:$343,MATCH($A6,'4_number_of_transport'!$A:$A,0),MATCH(I$1,'4_number_of_transport'!$1:$1,0)) -> 28 | J6: =INDEX('2_land_use'!$1:$343,MATCH($A6,'2_land_use'!$A:$A,0),MATCH(J$1,'2_land_use'!$1:$1,0)) -> 0 | K6: =INDEX('2_land_use'!$1:$343,MATCH($A6,'2_land_use'!$A:$A,0),MATCH(K$1,'2_land_use'!$1:$1,0)) -> 0.00013079558 | L6: =INDEX('7_biomass'!$1:$343,MATCH($A6,'7_biomass'!$A:$A,0),MATCH(L$1,'7_biomass'!$1:$1,0)) -> 0.041201929 | M6: =INDEX('7_biomass'!$1:$343,MATCH($A6,'7_biomass'!$A:$A,0),MATCH(M$1,'7_biomass'!$1:$1,0)) -> 0.051742699 | N6: =INDEX('7_biomass'!$1:$343,MATCH($A6,'7_biomass'!$A:$A,0),MATCH(N$1,'7_biomass'!$1:$1,0)) -> 0.012193179 | O6: =INDEX('4_number_of_transport'!$1:$343,MATCH($A6,'4_number_of_transport'!$A:$A,0),MATCH(O$1,'4_number_of_transport'!$1:$1,0)) -> 9531 | P6: =INDEX('2_land_use'!$1:$343,MATCH($A6,'2_land_use'!$A:$A,0),MATCH(P$1,'2_land_use'!$1:$1,0)) -> 8.7726386 | Q6: =INDEX('2_land_use'!$1:$343,MATCH($A6,'2_land_use'!$A:$A,0),MATCH(Q$1,'2_land_use'!$1:$1,0)) -> 0 | R6: =INDEX('6_roof_surface'!$1:$343,MATCH($A6,'6_roof_surface'!$A:$A,0),MATCH(R$1,'6_roof_surface'!$1:$1,0)) -> 0.455858 | S6: =INDEX('6_roof_surface'!$1:$343,MATCH($A6,'6_roof_surface'!$A:$A,0),MATCH(S$1,'6_roof_surface'!$1:$1,0)) -> 0.633341
A7: GM0613 | B7: =INDEX(CBS_gemeenten_alfabetisch_2023!$B:$B,MATCH($A7,CBS_gemeenten_alfabetisch_2023!$A:$A,0)) -> Albrandswaard | C7: =INDEX('5_train_share_nl'!$1:$343,MATCH($A7,'5_train_share_nl'!$A:$A,0),MATCH(C$1,'5_train_share_nl'!$1:$1,0)) -> 0 | D7: =INDEX('3_has_tram_metro'!$1:$343,MATCH($A7,'3_has_tram_metro'!$A:$A,0),MATCH(D$1,'3_has_tram_metro'!$1:$1,0)) -> 0 | E7: =INDEX('1_buildings_total'!$1:$343,MATCH($A7,'1_buildings_total'!$A:$A,0),MATCH(E$1,'1_buildings_total'!$1:$1,0)) -> 1756.4006 | F7: =INDEX('2_land_use'!$1:$343,MATCH($A7,'2_land_use'!$A:$A,0),MATCH(F$1,'2_land_use'!$1:$1,0)) -> 10.912899 | G7: =INDEX('4_number_of_transport'!$1:$343,MATCH($A7,'4_number_of_transport'!$A:$A,0),MATCH(G$1,'4_number_of_transport'!$1:$1,0)) -> 908 | H7: =INDEX('4_number_of_transport'!$1:$343,MATCH($A7,'4_number_of_transport'!$A:$A,0),MATCH(H$1,'4_number_of_transport'!$1:$1,0)) -> 49 | I7: =INDEX('4_number_of_transport'!$1:$343,MATCH($A7,'4_number_of_transport'!$A:$A,0),MATCH(I$1,'4_number_of_transport'!$1:$1,0)) -> 4 | J7: =INDEX('2_land_use'!$1:$343,MATCH($A7,'2_land_use'!$A:$A,0),MATCH(J$1,'2_land_use'!$1:$1,0)) -> 0.00030093901 | K7: =INDEX('2_land_use'!$1:$343,MATCH($A7,'2_land_use'!$A:$A,0),MATCH(K$1,'2_land_use'!$1:$1,0)) -> 0.00048926963 | L7: =INDEX('7_biomass'!$1:$343,MATCH($A7,'7_biomass'!$A:$A,0),MATCH(L$1,'7_biomass'!$1:$1,0)) -> 0.068674876 | M7: =INDEX('7_biomass'!$1:$343,MATCH($A7,'7_biomass'!$A:$A,0),MATCH(M$1,'7_biomass'!$1:$1,0)) -> 0.074128048 | N7: =INDEX('7_biomass'!$1:$343,MATCH($A7,'7_biomass'!$A:$A,0),MATCH(N$1,'7_biomass'!$1:$1,0)) -> 0.01535372 | O7: =INDEX('4_number_of_transport'!$1:$343,MATCH($A7,'4_number_of_transport'!$A:$A,0),MATCH(O$1,'4_number_of_transport'!$1:$1,0)) -> 12936 | P7: =INDEX('2_land_use'!$1:$343,MATCH($A7,'2_land_use'!$A:$A,0),MATCH(P$1,'2_land_use'!$1:$1,0)) -> 21.665086 | Q7: =INDEX('2_land_use'!$1:$343,MATCH($A7,'2_land_use'!$A:$A,0),MATCH(Q$1,'2_land_use'!$1:$1,0)) -> 0 | R7: =INDEX('6_roof_surface'!$1:$343,MATCH($A7,'6_roof_surface'!$A:$A,0),MATCH(R$1,'6_roof_surface'!$1:$1,0)) -> 0.726905 | S7: =INDEX('6_roof_surface'!$1:$343,MATCH($A7,'6_roof_surface'!$A:$A,0),MATCH(S$1,'6_roof_surface'!$1:$1,0)) -> 0.631015
A8: GM0361 | B8: =INDEX(CBS_gemeenten_alfabetisch_2023!$B:$B,MATCH($A8,CBS_gemeenten_alfabetisch_2023!$A:$A,0)) -> Alkmaar | C8: =INDEX('5_train_share_nl'!$1:$343,MATCH($A8,'5_train_share_nl'!$A:$A,0),MATCH(C$1,'5_train_share_nl'!$1:$1,0)) -> 0.0074436175 | D8: =INDEX('3_has_tram_metro'!$1:$343,MATCH($A8,'3_has_tram_metro'!$A:$A,0),MATCH(D$1,'3_has_tram_metro'!$1:$1,0)) -> 0 | E8: =INDEX('1_buildings_total'!$1:$343,MATCH($A8,'1_buildings_total'!$A:$A,0),MATCH(E$1,'1_buildings_total'!$1:$1,0)) -> 7617.2775 | F8: =INDEX('2_land_use'!$1:$343,MATCH($A8,'2_land_use'!$A:$A,0),MATCH(F$1,'2_land_use'!$1:$1,0)) -> 77.929016 | G8: =INDEX('4_number_of_transport'!$1:$343,MATCH($A8,'4_number_of_transport'!$A:$A,0),MATCH(G$1,'4_number_of_transport'!$1:$1,0)) -> 6290 | H8: =INDEX('4_number_of_transport'!$1:$343,MATCH($A8,'4_number_of_transport'!$A:$A,0),MATCH(H$1,'4_number_of_transport'!$1:$1,0)) -> 479 | I8: =INDEX('4_number_of_transport'!$1:$343,MATCH($A8,'4_number_of_transport'!$A:$A,0),MATCH(I$1,'4_number_of_transport'!$1:$1,0)) -> 20 | J8: =INDEX('2_land_use'!$1:$343,MATCH($A8,'2_land_use'!$A:$A,0),MATCH(J$1,'2_land_use'!$1:$1,0)) -> 0.00033622707 | K8: =INDEX('2_land_use'!$1:$343,MATCH($A8,'2_land_use'!$A:$A,0),MATCH(K$1,'2_land_use'!$1:$1,0)) -> 0.0034938747 | L8: =INDEX('7_biomass'!$1:$343,MATCH($A8,'7_biomass'!$A:$A,0),MATCH(L$1,'7_biomass'!$1:$1,0)) -> 0.40545866 | M8: =INDEX('7_biomass'!$1:$343,MATCH($A8,'7_biomass'!$A:$A,0),MATCH(M$1,'7_biomass'!$1:$1,0)) -> 0.31704221 | N8: =INDEX('7_biomass'!$1:$343,MATCH($A8,'7_biomass'!$A:$A,0),MATCH(N$1,'7_biomass'!$1:$1,0)) -> 0.065955807 | O8: =INDEX('4_number_of_transport'!$1:$343,MATCH($A8,'4_number_of_transport'!$A:$A,0),MATCH(O$1,'4_number_of_transport'!$1:$1,0)) -> 58882 | P8: =INDEX('2_land_use'!$1:$343,MATCH($A8,'2_land_use'!$A:$A,0),MATCH(P$1,'2_land_use'!$1:$1,0)) -> 110.31265 | Q8: =INDEX('2_land_use'!$1:$343,MATCH($A8,'2_land_use'!$A:$A,0),MATCH(Q$1,'2_land_use'!$1:$1,0)) -> 0 | R8: =INDEX('6_roof_surface'!$1:$343,MATCH($A8,'6_roof_surface'!$A:$A,0),MATCH(R$1,'6_roof_surface'!$1:$1,0)) -> 2.968289 | S8: =INDEX('6_roof_surface'!$1:$343,MATCH($A8,'6_roof_surface'!$A:$A,0),MATCH(S$1,'6_roof_surface'!$1:$1,0)) -> 2.729409
A9: GM0141 | B9: =INDEX(CBS_gemeenten_alfabetisch_2023!$B:$B,MATCH($A9,CBS_gemeenten_alfabetisch_2023!$A:$A,0)) -> Almelo | C9: =INDEX('5_train_share_nl'!$1:$343,MATCH($A9,'5_train_share_nl'!$A:$A,0),MATCH(C$1,'5_train_share_nl'!$1:$1,0)) -> 0.0026633563 | D9: =INDEX('3_has_tram_metro'!$1:$343,MATCH($A9,'3_has_tram_metro'!$A:$A,0),MATCH(D$1,'3_has_tram_metro'!$1:$1,0)) -> 0 | E9: =INDEX('1_buildings_total'!$1:$343,MATCH($A9,'1_buildings_total'!$A:$A,0),MATCH(E$1,'1_buildings_total'!$1:$1,0)) -> 6098.7484 | F9: =INDEX('2_land_use'!$1:$343,MATCH($A9,'2_land_use'!$A:$A,0),MATCH(F$1,'2_land_use'!$1:$1,0)) -> 35.396501 | G9: =INDEX('4_number_of_transport'!$1:$343,MATCH($A9,'4_number_of_transport'!$A:$A,0),MATCH(G$1,'4_number_of_transport'!$1:$1,0)) -> 3787 | H9: =INDEX('4_number_of_transport'!$1:$343,MATCH($A9,'4_number_of_transport'!$A:$A,0),MATCH(H$1,'4_number_of_transport'!$1:$1,0)) -> 201 | I9: =INDEX('4_number_of_transport'!$1:$343,MATCH($A9,'4_number_of_transport'!$A:$A,0),MATCH(I$1,'4_number_of_transport'!$1:$1,0)) -> 5 | J9: =INDEX('2_land_use'!$1:$343,MATCH($A9,'2_land_use'!$A:$A,0),MATCH(J$1,'2_land_use'!$1:$1,0)) -> 0 | K9: =INDEX('2_land_use'!$1:$343,MATCH($A9,'2_land_use'!$A:$A,0),MATCH(K$1,'2_land_use'!$1:$1,0)) -> 0.0015869691 | L9: =INDEX('7_biomass'!$1:$343,MATCH($A9,'7_biomass'!$A:$A,0),MATCH(L$1,'7_biomass'!$1:$1,0)) -> 0.21859215 | M9: =INDEX('7_biomass'!$1:$343,MATCH($A9,'7_biomass'!$A:$A,0),MATCH(M$1,'7_biomass'!$1:$1,0)) -> 0.22426839 | N9: =INDEX('7_biomass'!$1:$343,MATCH($A9,'7_biomass'!$A:$A,0),MATCH(N$1,'7_biomass'!$1:$1,0)) -> 0.044260345 | O9: =INDEX('4_number_of_transport'!$1:$343,MATCH($A9,'4_number_of_transport'!$A:$A,0),MATCH(O$1,'4_number_of_transport'!$1:$1,0)) -> 36279 | P9: =INDEX('2_land_use'!$1:$343,MATCH($A9,'2_land_use'!$A:$A,0),MATCH(P$1,'2_land_use'!$1:$1,0)) -> 67.180699 | Q9: =INDEX('2_land_use'!$1:$343,MATCH($A9,'2_land_use'!$A:$A,0),MATCH(Q$1,'2_land_use'!$1:$1,0)) -> 0 | R9: =INDEX('6_roof_surface'!$1:$343,MATCH($A9,'6_roof_surface'!$A:$A,0),MATCH(R$1,'6_roof_surface'!$1:$1,0)) -> 2.415293 | S9: =INDEX('6_roof_surface'!$1:$343,MATCH($A9,'6_roof_surface'!$A:$A,0),MATCH(S$1,'6_roof_surface'!$1:$1,0)) -> 3.387203
A10: GM0034 | B10: =INDEX(CBS_gemeenten_alfabetisch_2023!$B:$B,MATCH($A10,CBS_gemeenten_alfabetisch_2023!$A:$A,0)) -> Almere | C10: =INDEX('5_train_share_nl'!$1:$343,MATCH($A10,'5_train_share_nl'!$A:$A,0),MATCH(C$1,'5_train_share_nl'!$1:$1,0)) -> 0.019053728 | D10: =INDEX('3_has_tram_metro'!$1:$343,MATCH($A10,'3_has_tram_metro'!$A:$A,0),MATCH(D$1,'3_has_tram_metro'!$1:$1,0)) -> 0 | E10: =INDEX('1_buildings_total'!$1:$343,MATCH($A10,'1_buildings_total'!$A:$A,0),MATCH(E$1,'1_buildings_total'!$1:$1,0)) -> 7798.1336 | F10: =INDEX('2_land_use'!$1:$343,MATCH($A10,'2_land_use'!$A:$A,0),MATCH(F$1,'2_land_use'!$1:$1,0)) -> 32.41344 | G10: =INDEX('4_number_of_transport'!$1:$343,MATCH($A10,'4_number_of_transport'!$A:$A,0),MATCH(G$1,'4_number_of_transport'!$1:$1,0)) -> 31940 | H10: =INDEX('4_number_of_transport'!$1:$343,MATCH($A10,'4_number_of_transport'!$A:$A,0),MATCH(H$1,'4_number_of_transport'!$1:$1,0)) -> 658 | I10: =INDEX('4_number_of_transport'!$1:$343,MATCH($A10,'4_number_of_transport'!$A:$A,0),MATCH(I$1,'4_number_of_transport'!$1:$1,0)) -> 21 | J10: =INDEX('2_land_use'!$1:$343,MATCH($A10,'2_land_use'!$A:$A,0),MATCH(J$1,'2_land_use'!$1:$1,0)) -> 0.0089035874 | K10: =INDEX('2_land_use'!$1:$343,MATCH($A10,'2_land_use'!$A:$A,0),MATCH(K$1,'2_land_use'!$1:$1,0)) -> 0.0014532264 | L10: =INDEX('7_biomass'!$1:$343,MATCH($A10,'7_biomass'!$A:$A,0),MATCH(L$1,'7_biomass'!$1:$1,0)) -> 0.58857011 | M10: =INDEX('7_biomass'!$1:$343,MATCH($A10,'7_biomass'!$A:$A,0),MATCH(M$1,'7_biomass'!$1:$1,0)) -> 0.61069085 | N10: =INDEX('7_biomass'!$1:$343,MATCH($A10,'7_biomass'!$A:$A,0),MATCH(N$1,'7_biomass'!$1:$1,0)) -> 0.12631474 | O10: =INDEX('4_number_of_transport'!$1:$343,MATCH($A10,'4_number_of_transport'!$A:$A,0),MATCH(O$1,'4_number_of_transport'!$1:$1,0)) -> 258677 | P10: =INDEX('2_land_use'!$1:$343,MATCH($A10,'2_land_use'!$A:$A,0),MATCH(P$1,'2_land_use'!$1:$1,0)) -> 129.17946 | Q10: =INDEX('2_land_use'!$1:$343,MATCH($A10,'2_land_use'!$A:$A,0),MATCH(Q$1,'2_land_use'!$1:$1,0)) -> 0 | R10: =INDEX('6_roof_surface'!$1:$343,MATCH($A10,'6_roof_surface'!$A:$A,0),MATCH(R$1,'6_roof_surface'!$1:$1,0)) -> 5.056762 | S10: =INDEX('6_roof_surface'!$1:$343,MATCH($A10,'6_roof_surface'!$A:$A,0),MATCH(S$1,'6_roof_surface'!$1:$1,0)) -> 4.066546
A11: GM0484 | B11: =INDEX(CBS_gemeenten_alfabetisch_2023!$B:$B,MATCH($A11,CBS_gemeenten_alfabetisch_2023!$A:$A,0)) -> Alphen aan den Rijn | C11: =INDEX('5_train_share_nl'!$1:$343,MATCH($A11,'5_train_share_nl'!$A:$A,0),MATCH(C$1,'5_train_share_nl'!$1:$1,0)) -> 0.0049307333 | D11: =INDEX('3_has_tram_metro'!$1:$343,MATCH($A11,'3_has_tram_metro'!$A:$A,0),MATCH(D$1,'3_has_tram_metro'!$1:$1,0)) -> 0 | E11: =INDEX('1_buildings_total'!$1:$343,MATCH($A11,'1_buildings_total'!$A:$A,0),MATCH(E$1,'1_buildings_total'!$1:$1,0)) -> 6147.3082 | F11: =INDEX('2_land_use'!$1:$343,MATCH($A11,'2_land_use'!$A:$A,0),MATCH(F$1,'2_land_use'!$1:$1,0)) -> 93.385315 | G11: =INDEX('4_number_of_transport'!$1:$343,MATCH($A11,'4_number_of_transport'!$A:$A,0),MATCH(G$1,'4_number_of_transport'!$1:$1,0)) -> 6214 | H11: =INDEX('4_number_of_transport'!$1:$343,MATCH($A11,'4_number_of_transport'!$A:$A,0),MATCH(H$1,'4_number_of_transport'!$1:$1,0)) -> 557 | I11: =INDEX('4_number_of_transport'!$1:$343,MATCH($A11,'4_number_of_transport'!$A:$A,0),MATCH(I$1,'4_number_of_transport'!$1:$1,0)) -> 33 | J11: =INDEX('2_land_use'!$1:$343,MATCH($A11,'2_land_use'!$A:$A,0),MATCH(J$1,'2_land_use'!$1:$1,0)) -> 0.0047111813 | K11: =INDEX('2_land_use'!$1:$343,MATCH($A11,'2_land_use'!$A:$A,0),MATCH(K$1,'2_land_use'!$1:$1,0)) -> 0.0041868435 | L11: =INDEX('7_biomass'!$1:$343,MATCH($A11,'7_biomass'!$A:$A,0),MATCH(L$1,'7_biomass'!$1:$1,0)) -> 0.40604847 | M11: =INDEX('7_biomass'!$1:$343,MATCH($A11,'7_biomass'!$A:$A,0),MATCH(M$1,'7_biomass'!$1:$1,0)) -> 0.31828344 | N11: =INDEX('7_biomass'!$1:$343,MATCH($A11,'7_biomass'!$A:$A,0),MATCH(N$1,'7_biomass'!$1:$1,0)) -> 0.067430969 | O11: =INDEX('4_number_of_transport'!$1:$343,MATCH($A11,'4_number_of_transport'!$A:$A,0),MATCH(O$1,'4_number_of_transport'!$1:$1,0)) -> 55413 | P11: =INDEX('2_land_use'!$1:$343,MATCH($A11,'2_land_use'!$A:$A,0),MATCH(P$1,'2_land_use'!$1:$1,0)) -> 125.92552 | Q11: =INDEX('2_land_use'!$1:$343,MATCH($A11,'2_land_use'!$A:$A,0),MATCH(Q$1,'2_land_use'!$1:$1,0)) -> 0 | R11: =INDEX('6_roof_surface'!$1:$343,MATCH($A11,'6_roof_surface'!$A:$A,0),MATCH(R$1,'6_roof_surface'!$1:$1,0)) -> 2.945701 | S11: =INDEX('6_roof_surface'!$1:$343,MATCH($A11,'6_roof_surface'!$A:$A,0),MATCH(S$1,'6_roof_surface'!$1:$1,0)) -> 4.13769
A12: GM1723 | B12: =INDEX(CBS_gemeenten_alfabetisch_2023!$B:$B,MATCH($A12,CBS_gemeenten_alfabetisch_2023!$A:$A,0)) -> Alphen-Chaam | C12: =INDEX('5_train_share_nl'!$1:$343,MATCH($A12,'5_train_share_nl'!$A:$A,0),MATCH(C$1,'5_train_share_nl'!$1:$1,0)) -> 0 | D12: =INDEX('3_has_tram_metro'!$1:$343,MATCH($A12,'3_has_tram_metro'!$A:$A,0),MATCH(D$1,'3_has_tram_metro'!$1:$1,0)) -> 0 | E12: =INDEX('1_buildings_total'!$1:$343,MATCH($A12,'1_buildings_total'!$A:$A,0),MATCH(E$1,'1_buildings_total'!$1:$1,0)) -> 1764.123 | F12: =INDEX('2_land_use'!$1:$343,MATCH($A12,'2_land_use'!$A:$A,0),MATCH(F$1,'2_land_use'!$1:$1,0)) -> 65.50847 | G12: =INDEX('4_number_of_transport'!$1:$343,MATCH($A12,'4_number_of_transport'!$A:$A,0),MATCH(G$1,'4_number_of_transport'!$1:$1,0)) -> 966 | H12: =INDEX('4_number_of_transport'!$1:$343,MATCH($A12,'4_number_of_transport'!$A:$A,0),MATCH(H$1,'4_number_of_transport'!$1:$1,0)) -> 56 | I12: =INDEX('4_number_of_transport'!$1:$343,MATCH($A12,'4_number_of_transport'!$A:$A,0),MATCH(I$1,'4_number_of_transport'!$1:$1,0)) -> 0 | J12: =INDEX('2_land_use'!$1:$343,MATCH($A12,'2_land_use'!$A:$A,0),MATCH(J$1,'2_land_use'!$1:$1,0)) -> 0.001165676 | K12: =INDEX('2_land_use'!$1:$343,MATCH($A12,'2_land_use'!$A:$A,0),MATCH(K$1,'2_land_use'!$1:$1,0)) -> 0.0029370112 | L12: =INDEX('7_biomass'!$1:$343,MATCH($A12,'7_biomass'!$A:$A,0),MATCH(L$1,'7_biomass'!$1:$1,0)) -> 0.20447047 | M12: =INDEX('7_biomass'!$1:$343,MATCH($A12,'7_biomass'!$A:$A,0),MATCH(M$1,'7_biomass'!$1:$1,0)) -> 0.10702505 | N12: =INDEX('7_biomass'!$1:$343,MATCH($A12,'7_biomass'!$A:$A,0),MATCH(N$1,'7_biomass'!$1:$1,0)) -> 0.0061661552 | O12: =INDEX('4_number_of_transport'!$1:$343,MATCH($A12,'4_number_of_transport'!$A:$A,0),MATCH(O$1,'4_number_of_transport'!$1:$1,0)) -> 6532 | P12: =INDEX('2_land_use'!$1:$343,MATCH($A12,'2_land_use'!$A:$A,0),MATCH(P$1,'2_land_use'!$1:$1,0)) -> 92.98024 | Q12: =INDEX('2_land_use'!$1:$343,MATCH($A12,'2_land_use'!$A:$A,0),MATCH(Q$1,'2_land_use'!$1:$1,0)) -> 0 | R12: =INDEX('6_roof_surface'!$1:$343,MATCH($A12,'6_roof_surface'!$A:$A,0),MATCH(R$1,'6_roof_surface'!$1:$1,0)) -> 0.58342 | S12: =INDEX('6_roof_surface'!$1:$343,MATCH($A12,'6_roof_surface'!$A:$A,0),MATCH(S$1,'6_roof_surface'!$1:$1,0)) -> 1.24945
A13: GM1959 | B13: =INDEX(CBS_gemeenten_alfabetisch_2023!$B:$B,MATCH($A13,CBS_gemeenten_alfabetisch_2023!$A:$A,0)) -> Altena | C13: =INDEX('5_train_share_nl'!$1:$343,MATCH($A13,'5_train_share_nl'!$A:$A,0),MATCH(C$1,'5_train_share_nl'!$1:$1,0)) -> 0 | D13: =INDEX('3_has_tram_metro'!$1:$343,MATCH($A13,'3_has_tram_metro'!$A:$A,0),MATCH(D$1,'3_has_tram_metro'!$1:$1,0)) -> 0 | E13: =INDEX('1_buildings_total'!$1:$343,MATCH($A13,'1_buildings_total'!$A:$A,0),MATCH(E$1,'1_buildings_total'!$1:$1,0)) -> 4052.5457 | F13: =INDEX('2_land_use'!$1:$343,MATCH($A13,'2_land_use'!$A:$A,0),MATCH(F$1,'2_land_use'!$1:$1,0)) -> 154.74114 | G13: =INDEX('4_number_of_transport'!$1:$343,MATCH($A13,'4_number_of_transport'!$A:$A,0),MATCH(G$1,'4_number_of_transport'!$1:$1,0)) -> 4893 | H13: =INDEX('4_number_of_transport'!$1:$343,MATCH($A13,'4_number_of_transport'!$A:$A,0),MATCH(H$1,'4_number_of_transport'!$1:$1,0)) -> 424 | I13: =INDEX('4_number_of_transport'!$1:$343,MATCH($A13,'4_number_of_transport'!$A:$A,0),MATCH(I$1,'4_number_of_transport'!$1:$1,0)) -> 19 | J13: =INDEX('2_land_use'!$1:$343,MATCH($A13,'2_land_use'!$A:$A,0),MATCH(J$1,'2_land_use'!$1:$1,0)) -> 0.0023249889 | K13: =INDEX('2_land_use'!$1:$343,MATCH($A13,'2_land_use'!$A:$A,0),MATCH(K$1,'2_land_use'!$1:$1,0)) -> 0.0069376748 | L13: =INDEX('7_biomass'!$1:$343,MATCH($A13,'7_biomass'!$A:$A,0),MATCH(L$1,'7_biomass'!$1:$1,0)) -> 0.6432952 | M13: =INDEX('7_biomass'!$1:$343,MATCH($A13,'7_biomass'!$A:$A,0),MATCH(M$1,'7_biomass'!$1:$1,0)) -> 0.23217257 | N13: =INDEX('7_biomass'!$1:$343,MATCH($A13,'7_biomass'!$A:$A,0),MATCH(N$1,'7_biomass'!$1:$1,0)) -> 0.033650475 | O13: =INDEX('4_number_of_transport'!$1:$343,MATCH($A13,'4_number_of_transport'!$A:$A,0),MATCH(O$1,'4_number_of_transport'!$1:$1,0)) -> 31112 | P13: =INDEX('2_land_use'!$1:$343,MATCH($A13,'2_land_use'!$A:$A,0),MATCH(P$1,'2_land_use'!$1:$1,0)) -> 199.73981 | Q13: =INDEX('2_land_use'!$1:$343,MATCH($A13,'2_land_use'!$A:$A,0),MATCH(Q$1,'2_land_use'!$1:$1,0)) -> 0 | R13: =INDEX('6_roof_surface'!$1:$343,MATCH($A13,'6_roof_surface'!$A:$A,0),MATCH(R$1,'6_roof_surface'!$1:$1,0)) -> 2.105131 | S13: =INDEX('6_roof_surface'!$1:$343,MATCH($A13,'6_roof_surface'!$A:$A,0),MATCH(S$1,'6_roof_surface'!$1:$1,0)) -> 2.755114
... A343: GM0193 | B343: =INDEX(CBS_gemeenten_alfabetisch_2023!$B:$B,MATCH($A343,CBS_gemeenten_alfabetisch_2023!$A:$A,0)) -> Zwolle | C343: =INDEX('5_train_share_nl'!$1:$343,MATCH($A343,'5_train_share_nl'!$A:$A,0),MATCH(C$1,'5_train_share_nl'!$1:$1,0)) -> 0.017017603 | D343: =INDEX('3_has_tram_metro'!$1:$343,MATCH($A343,'3_has_tram_metro'!$A:$A,0),MATCH(D$1,'3_has_tram_metro'!$1:$1,0)) -> 0 | E343: =INDEX('1_buildings_total'!$1:$343,MATCH($A343,'1_buildings_total'!$A:$A,0),MATCH(E$1,'1_buildings_total'!$1:$1,0)) -> 7842.489 | F343: =INDEX('2_land_use'!$1:$343,MATCH($A343,'2_land_use'!$A:$A,0),MATCH(F$1,'2_land_use'!$1:$1,0)) -> 66.072162 | G343: =INDEX('4_number_of_transport'!$1:$343,MATCH($A343,'4_number_of_transport'!$A:$A,0),MATCH(G$1,'4_number_of_transport'!$1:$1,0)) -> 5862 | H343: =INDEX('4_number_of_transport'!$1:$343,MATCH($A343,'4_number_of_transport'!$A:$A,0),MATCH(H$1,'4_number_of_transport'!$1:$1,0)) -> 211 | I343: =INDEX('4_number_of_transport'!$1:$343,MATCH($A343,'4_number_of_transport'!$A:$A,0),MATCH(I$1,'4_number_of_transport'!$1:$1,0)) -> 14 | J343: =INDEX('2_land_use'!$1:$343,MATCH($A343,'2_land_use'!$A:$A,0),MATCH(J$1,'2_land_use'!$1:$1,0)) -> 9.3655252e-05 | K343: =INDEX('2_land_use'!$1:$343,MATCH($A343,'2_land_use'!$A:$A,0),MATCH(K$1,'2_land_use'!$1:$1,0)) -> 0.0029622838 | L343: =INDEX('7_biomass'!$1:$343,MATCH($A343,'7_biomass'!$A:$A,0),MATCH(L$1,'7_biomass'!$1:$1,0)) -> 0.38396941 | M343: =INDEX('7_biomass'!$1:$343,MATCH($A343,'7_biomass'!$A:$A,0),MATCH(M$1,'7_biomass'!$1:$1,0)) -> 0.35732033 | N343: =INDEX('7_biomass'!$1:$343,MATCH($A343,'7_biomass'!$A:$A,0),MATCH(N$1,'7_biomass'!$1:$1,0)) -> 0.077462439 | O343: =INDEX('4_number_of_transport'!$1:$343,MATCH($A343,'4_number_of_transport'!$A:$A,0),MATCH(O$1,'4_number_of_transport'!$1:$1,0)) -> 58042 | P343: =INDEX('2_land_use'!$1:$343,MATCH($A343,'2_land_use'!$A:$A,0),MATCH(P$1,'2_land_use'!$1:$1,0)) -> 110.67247 | Q343: =INDEX('2_land_use'!$1:$343,MATCH($A343,'2_land_use'!$A:$A,0),MATCH(Q$1,'2_land_use'!$1:$1,0)) -> 0 | R343: =INDEX('6_roof_surface'!$1:$343,MATCH($A343,'6_roof_surface'!$A:$A,0),MATCH(R$1,'6_roof_surface'!$1:$1,0)) -> 3.407882 | S343: =INDEX('6_roof_surface'!$1:$343,MATCH($A343,'6_roof_surface'!$A:$A,0),MATCH(S$1,'6_roof_surface'!$1:$1,0)) -> 3.473898

Sheet 1_buildings_total
A1: GM_code | B1: buildings_total
A2: GM1680 | B2: 3169.4924
A3: GM0358 | B3: 3228.8457
A4: GM0197 | B4: 2507.5489
A5: GM0059 | B5: 2582.5209
A6: GM0482 | B6: 721.36554
A7: GM0613 | B7: 1756.4006
A8: GM0361 | B8: 7617.2775
A9: GM0141 | B9: 6098.7484
A10: GM0034 | B10: 7798.1336
A11: GM0484 | B11: 6147.3082
A12: GM1723 | B12: 1764.123
A13: GM1959 | B13: 4052.5457
... A343: GM0193 | B343: 7842.489

Sheet 2_land_use
A1: GM_code | B1: arable_land_km2 | C1: arable_land_scaled | D1: greenhouse_scaled | E1: total_land_area_km2 | F1: coast_line_km
A2: GM1680 | B2: 187.48843 | C2: 0.0084058687 | D2: 0 | E2: 276.06032 | F2: 0
A3: GM0358 | B3: 7.6329903 | C3: 0.000342218 | D3: 0.011068605 | E3: 20.098982 | F3: 0
A4: GM0197 | B4: 80.464678 | C4: 0.0036075588 | D4: 0 | E4: 96.530352 | F4: 0
A5: GM0059 | B5: 85.163223 | C5: 0.0038182137 | D5: 8.091987e-05 | E5: 102.20596 | F5: 0
A6: GM0482 | B6: 2.9173258 | C6: 0.00013079558 | D6: 0 | E6: 8.7726386 | F6: 0
A7: GM0613 | B7: 10.912899 | C7: 0.00048926963 | D7: 0.00030093901 | E7: 21.665086 | F7: 0
A8: GM0361 | B8: 77.929016 | C8: 0.0034938747 | D8: 0.00033622707 | E8: 110.31265 | F8: 0
A9: GM0141 | B9: 35.396501 | C9: 0.0015869691 | D9: 0 | E9: 67.180699 | F9: 0
A10: GM0034 | B10: 32.41344 | C10: 0.0014532264 | D10: 0.0089035874 | E10: 129.17946 | F10: 0
A11: GM0484 | B11: 93.385315 | C11: 0.0041868435 | D11: 0.0047111813 | E11: 125.92552 | F11: 0
A12: GM1723 | B12: 65.50847 | C12: 0.0029370112 | D12: 0.001165676 | E12: 92.98024 | F12: 0
A13: GM1959 | B13: 154.74114 | C13: 0.0069376748 | D13: 0.0023249889 | E13: 199.73981 | F13: 0
... A343: GM0193 | B343: 66.072162 | C343: 0.0029622838 | D343: 9.3655252e-05 | E343: 110.67247 | F343: 0

Sheet 3_has_tram_metro
A1: GM_code | B1: has_tram_metro
A2: GM1680 | B2: 0
A3: GM0358 | B3: 0
A4: GM0197 | B4: 0
A5: GM0059 | B5: 0
A6: GM0482 | B6: 0
A7: GM0613 | B7: 0
A8: GM0361 | B8: 0
A9: GM0141 | B9: 0
A10: GM0034 | B10: 0
A11: GM0484 | B11: 0
A12: GM1723 | B12: 0
A13: GM1959 | B13: 0
... A343: GM0193 | B343: 0

Sheet 4_number_of_transport
A1: GM_code | B1: number_of_cars_data | C1: number_of_vans_data | D1: number_of_trucks_data | E1: number_of_busses_data
A2: GM1680 | B2: 15568 | C2: 1826 | D2: 101 | E2: 3
A3: GM0358 | B3: 17396 | C3: 1963 | D3: 181 | E3: 17
A4: GM0197 | B4: 14912 | C4: 1763 | D4: 91 | E4: 2
A5: GM0059 | B5: 15604 | C5: 2554 | D5: 152 | E5: 40
A6: GM0482 | B6: 9531 | C6: 1210 | D6: 83 | E6: 28
A7: GM0613 | B7: 12936 | C7: 908 | D7: 49 | E7: 4
A8: GM0361 | B8: 58882 | C8: 6290 | D8: 479 | E8: 20
A9: GM0141 | B9: 36279 | C9: 3787 | D9: 201 | E9: 5
A10: GM0034 | B10: 258677 | C10: 31940 | D10: 658 | E10: 21
A11: GM0484 | B11: 55413 | C11: 6214 | D11: 557 | E11: 33
A12: GM1723 | B12: 6532 | C12: 966 | D12: 56 | E12: 0
A13: GM1959 | B13: 31112 | C13: 4893 | D13: 424 | E13: 19
... A343: GM0193 | B343: 58042 | C343: 5862 | D343: 211 | E343: 14

Sheet 5_train_share_nl
A1: GM_code | B1: train_share_in_nl
A2: GM1680 | B2: 0
A3: GM0358 | B3: 0
A4: GM0197 | B4: 0.0006062442
A5: GM0059 | B5: 0
A6: GM0482 | B6: 0
A7: GM0613 | B7: 0
A8: GM0361 | B8: 0.0074436175
A9: GM0141 | B9: 0.0026633563
A10: GM0034 | B10: 0.019053728
A11: GM0484 | B11: 0.0049307333
A12: GM1723 | B12: 0
A13: GM1959 | B13: 0
... A343: GM0193 | B343: 0.017017603

Sheet 6_roof_surface
A1: GM_code | B1: households_roof_pv_potential | C1: buildings_roof_pv_potential
A2: GM1680 | B2: 1.62186 | C2: 1.151709
A3: GM0358 | B3: 1.678781 | C3: 2.585545
A4: GM0197 | B4: 1.14036 | C4: 1.670153
A5: GM0059 | B5: 1.289278 | C5: 1.40414
A6: GM0482 | B6: 0.455858 | C6: 0.633341
A7: GM0613 | B7: 0.726905 | C7: 0.631015
A8: GM0361 | B8: 2.968289 | C8: 2.729409
A9: GM0141 | B9: 2.415293 | C9: 3.387203
A10: GM0034 | B10: 5.056762 | C10: 4.066546
A11: GM0484 | B11: 2.945701 | C11: 4.13769
A12: GM1723 | B12: 0.58342 | C12: 1.24945
A13: GM1959 | B13: 2.105131 | C13: 2.755114
... A343: GM0193 | B343: 3.407882 | C343: 3.473898

Sheet 7_biomass
A1: GM_code | B1: wet_biomass_potential | C1: dry_biomass_potential | D1: oily_biomass_potential
A2: GM1680 | B2: 0.39537229 | C2: 0.20660893 | D2: 0.01542359
A3: GM0358 | B3: 0.19287007 | C3: 0.083722821 | D3: 0.019276754
A4: GM0197 | B4: 0.24652073 | C4: 0.11779276 | D4: 0.01641088
A5: GM0059 | B5: 0.20659389 | C5: 0.15053426 | D5: 0.01692184
A6: GM0482 | B6: 0.041201929 | C6: 0.051742699 | D6: 0.012193179
A7: GM0613 | B7: 0.068674876 | C7: 0.074128048 | D7: 0.01535372
A8: GM0361 | B8: 0.40545866 | C8: 0.31704221 | D8: 0.065955807
A9: GM0141 | B9: 0.21859215 | C9: 0.22426839 | D9: 0.044260345
A10: GM0034 | B10: 0.58857011 | C10: 0.61069085 | D10: 0.12631474
A11: GM0484 | B11: 0.40604847 | C11: 0.31828344 | D11: 0.067430969
A12: GM1723 | B12: 0.20447047 | C12: 0.10702505 | D12: 0.0061661552
A13: GM1959 | B13: 0.6432952 | C13: 0.23217257 | D13: 0.033650475
... A343: GM0193 | B343: 0.38396941 | C343: 0.35732033 | D343: 0.077462439

Sheet CBS_gemeenten_alfabetisch_2023
A1: GemeentecodeGM | B1: Gemeentenaam
A2: GM1680 | B2: Aa en Hunze
A3: GM0358 | B3: Aalsmeer
A4: GM0197 | B4: Aalten
A5: GM0059 | B5: Achtkarspelen
A6: GM0482 | B6: Alblasserdam
A7: GM0613 | B7: Albrandswaard
A8: GM0361 | B8: Alkmaar
A9: GM0141 | B9: Almelo
A10: GM0034 | B10: Almere
A11: GM0484 | B11: Alphen aan den Rijn
A12: GM1723 | B12: Alphen-Chaam
... A343: GM0193 | B343: Zwolle
