Workbook

Sheet solar thermal 2023
A1: =comparison!C2 -> 0
A2: =comparison!C3 -> 0
A3: =comparison!C4 -> 0
A4: =comparison!C5 -> 0
A5: =comparison!C6 -> 0
A6: =comparison!C7 -> 0
A7: =comparison!C8 -> 0
A8: =comparison!C9 -> 0
A9: =comparison!C10 -> 0
A10: =comparison!C11 -> 0
A11: =comparison!C12 -> 0
A12: =comparison!C13 -> 0
... A8760: =comparison!C8761 -> 0

Sheet comparison
A1: datetime | B1: nl2023 Tdiff=48 | C1: nl2023 Tdiff=56 | D1: nl2019
A2: 44927 | B2: =dump_nl2023_tdiff_48!A1 -> 0 | C2: =dump_nl2023_tdiff_56!A1 -> 0 | D2: =dump_nl2019!A1 -> 0 | F2: curves for nl2023 are generated with solar_thermal_production_curve_generator.py
A3: 44927.042 | B3: =dump_nl2023_tdiff_48!A2 -> 0 | C3: =dump_nl2023_tdiff_56!A2 -> 0 | D3: =dump_nl2019!A2 -> 0 | F3: https://github.com/quintel/etdataset/blob/master/curves/supply/solar_thermal/script/solar_thermal_production_curve_generator.py
A4: 44927.083 | B4: =dump_nl2023_tdiff_48!A3 -> 0 | C4: =dump_nl2023_tdiff_56!A3 -> 0 | D4: =dump_nl2019!A3 -> 0
A5: 44927.125 | B5: =dump_nl2023_tdiff_48!A4 -> 0 | C5: =dump_nl2023_tdiff_56!A4 -> 0 | D5: =dump_nl2019!A4 -> 0 | F5: Tdiff is set to 56 to match flh of 600 of solar thermal in nl2023
A6: 44927.167 | B6: =dump_nl2023_tdiff_48!A5 -> 0 | C6: =dump_nl2023_tdiff_56!A5 -> 0 | D6: =dump_nl2019!A5 -> 0 | F6: For comparison purposes, results of Tdiff = 48 (settings for nl2015) are also shown
A7: 44927.208 | B7: =dump_nl2023_tdiff_48!A6 -> 0 | C7: =dump_nl2023_tdiff_56!A6 -> 0 | D7: =dump_nl2019!A6 -> 0 | F7: Tdiff is for 684 flh,
A8: 44927.25 | B8: =dump_nl2023_tdiff_48!A7 -> 0 | C8: =dump_nl2023_tdiff_56!A7 -> 0 | D8: =dump_nl2019!A7 -> 0
A9: 44927.292 | B9: =dump_nl2023_tdiff_48!A8 -> 0 | C9: =dump_nl2023_tdiff_56!A8 -> 0 | D9: =dump_nl2019!A8 -> 0
A10: 44927.333 | B10: =dump_nl2023_tdiff_48!A9 -> 0 | C10: =dump_nl2023_tdiff_56!A9 -> 0 | D10: =dump_nl2019!A9 -> 0 | G10: nl2023 Tdiff=48 | H10: nl2023 Tdiff=56
A11: 44927.375 | B11: =dump_nl2023_tdiff_48!A10 -> 0 | C11: =dump_nl2023_tdiff_56!A10 -> 0 | D11: =dump_nl2019!A10 -> 0 | F11: max | G11: =MAX(C:C) -> 4.449107e-07 | H11: =MAX(B:B) -> 3.9792169e-07
A12: 44927.417 | B12: =dump_nl2023_tdiff_48!A11 -> 0 | C12: =dump_nl2023_tdiff_56!A11 -> 0 | D12: =dump_nl2019!A11 -> 0
A13: 44927.458 | B13: =dump_nl2023_tdiff_48!A12 -> 0 | C13: =dump_nl2023_tdiff_56!A12 -> 0 | D13: =dump_nl2019!A12 -> 0
A14: 44927.5 | B14: =dump_nl2023_tdiff_48!A13 -> 0 | C14: =dump_nl2023_tdiff_56!A13 -> 0 | D14: =dump_nl2019!A13 -> 0
A15: 44927.542 | B15: =dump_nl2023_tdiff_48!A14 -> 0 | C15: =dump_nl2023_tdiff_56!A14 -> 0 | D15: =dump_nl2019!A14 -> 0
A16: 44927.583 | B16: =dump_nl2023_tdiff_48!A15 -> 0 | C16: =dump_nl2023_tdiff_56!A15 -> 0 | D16: =dump_nl2019!A15 -> 0
A17: 44927.625 | B17: =dump_nl2023_tdiff_48!A16 -> 0 | C17: =dump_nl2023_tdiff_56!A16 -> 0 | D17: =dump_nl2019!A16 -> 0
A18: 44927.667 | B18: =dump_nl2023_tdiff_48!A17 -> 0 | C18: =dump_nl2023_tdiff_56!A17 -> 0 | D18: =dump_nl2019!A17 -> 0
A19: 44927.708 | B19: =dump_nl2023_tdiff_48!A18 -> 0 | C19: =dump_nl2023_tdiff_56!A18 -> 0 | D19: =dump_nl2019!A18 -> 0
A20: 44927.75 | B20: =dump_nl2023_tdiff_48!A19 -> 0 | C20: =dump_nl2023_tdiff_56!A19 -> 0 | D20: =dump_nl2019!A19 -> 0
A21: 44927.792 | B21: =dump_nl2023_tdiff_48!A20 -> 0 | C21: =dump_nl2023_tdiff_56!A20 -> 0 | D21: =dump_nl2019!A20 -> 0
A22: 44927.833 | B22: =dump_nl2023_tdiff_48!A21 -> 0 | C22: =dump_nl2023_tdiff_56!A21 -> 0 | D22: =dump_nl2019!A21 -> 0
A23: 44927.875 | B23: =dump_nl2023_tdiff_48!A22 -> 0 | C23: =dump_nl2023_tdiff_56!A22 -> 0 | D23: =dump_nl2019!A22 -> 0
... A8761: 45291.958 | B8761: =dump_nl2023_tdiff_48!A8760 -> 0 | C8761: =dump_nl2023_tdiff_56!A8760 -> 0 | D8761: =dump_nl2019!A8760 -> 0

Sheet dump_nl2023_tdiff_48
A1: 0
A2: 0
A3: 0
A4: 0
A5: 0
A6: 0
A7: 0
A8: 0
A9: 0
A10: 0
A11: 0
A12: 0
... A8760: 0

Sheet dump_nl2023_tdiff_56
A1: 0
A2: 0
A3: 0
A4: 0
A5: 0
A6: 0
A7: 0
A8: 0
A9: 0
A10: 0
A11: 0
A12: 0
... A8760: 0

Sheet dump_nl2019
A1: 0
A2: 0
A3: 0
A4: 0
A5: 0
A6: 0
A7: 0
A8: 0
A9: 0
A10: 0
A11: 0
A12: 0
... A8760: 0
