Workbook
Name dollar_data: #REF!
Name dollar_per_euro: #REF!
Name exchange_rate_2011_2010: #REF!
Name Final_demand_residences: '[1]Fuel aggregation'!$L$11
Name hours_a_year: #REF!
Name km2_to_m2: #REF!
Name kW_to_MW: #REF!
Name kW_to_W: #REF!
Name kWp_to_MWp: #REF!
Name litres_per_barrel: Notes!$G$151
Name m2_to_km2: #REF!
Name STC: #REF!
Name STC_insolation: #REF!
Name W_to_MW: #REF!
Name Wp_to_kWp: #REF!
Name WP_to_MWp: #REF!

Sheet Cover sheet
B2: Cover Sheet
B4: Document | C4: bionaphtha
B5: Author | C5: Kyra de Haan
B6: Organization | C6: Quintel Intelligence
B9: Legend
B11: Cells | C11: Intermediate (calculation)
C12: Result
C13: Manual input
C14: Reference to manual input or data input
B16: Tabs | C16: Introductory
C17: Dashboard
C18: Research data
C19: Sources
C20: Results
C21: Main calculations
C22: Additional calculations
C23: Output to csv

Sheet Dashboard
B2: This sheet summarizes all carrier attributes formatted in the way they are used by the Energy Transition Model. This sheet contains only pure carrier values. For some countries and carriers Fuel Chain Emissions are defined (only for NL); if so these FCE are documented in a separate sheet (e.g. nl_fce). Use the Excel formulas to find the original data and sources for these numbers. - The carrier analysis can be imported on ETSource by running the following rake task: rake import:carrier CARRIER="carrier name" (eg rake import:carrier CARRIER=crude_oil) - The fce analysis can be imported on ETSource by running the following rake task: rake import:fce DATASET="dataset" CARRIER="carrier name" (eg rake import:fce DATASET=nl CARRIER=bio_ethanol)
C7: Attribute | D7: Unit | E7: Value | G7: Definition | I7: Source
C9: Carrier (global properties)
C10: sustainable | D10: - | E10: ='Research data'!G6 -> 1 | G10: Whether or not this carrier is renewable | I10: Quintel assumption
C11: cost_per_mj | D11: EUR/MJ | E11: ='Research data'!G7 -> 0.0768 | I11: Argus, Inkwood
C12: mj_per_kg | D12: MJ/kg | E12: ='Research data'!G8 -> 45 | I12: TNO
C13: kg_per_liter | D13: kg/L | E13: ='Research data'!G9 -> 0.667 | I13: TNO
C14: potential_co2_conversion_per_mj | D14: kg/MJ | E14: ='Research data'!G10 -> 0.0686 | I14: TNO

Sheet Research data
C3: Parameter | F3: Unit | G3: Results | I3: TNO | K3: Argus/Inkwood | M3: Comments
C5: Carrier (gobal properties)
C6: sustainable | D6: sustainable | E6: sustainable | F6: - | G6: 1 | M6: Quintel assumption
C7: cost_per_mj | D7: cost_per_mj | E7: cost_per_mj | F7: EUR/MJ | G7: =ROUND(K7,5) -> 0.0768 | K7: =Notes!D9 -> 0.0768
C8: mj_per_kg | D8: energy content | E8: energy content | F8: MJ/kg | G8: =ROUND(I8,2) -> 45 | I8: =Notes!D6 -> 45
C9: kg_per_liter | F9: kg/L | G9: =I9 -> 0.667 | I9: =Notes!D7 -> 0.667
C10: potential_co2_conversion_per_mj | D10: co2_conversion_per_mj | E10: co2_conversion_per_mj | F10: kg/MJ | G10: =ROUND(I10,5) -> 0.0686 | I10: =Notes!D8 -> 0.0686

Sheet Sources
C3: Definition on the sources
C5: Attribute | E5: Source | G5: Date published | H5: Subject year | I5: Date retrieved | J5: URL
C7: mj_per_kg | E7: TNO | G7: 2021 | I7: 19-8-2025 | J7: https://publications.tno.nl/publication/34640052/i6oSyA/TNO-2021-R11314.pdf
C8: kg_per_liter
C9: potential_co2_conversion_per_mj
C11: cost_per_mj | E11: Argus | G11: 2023 | I11: 19-8-2025 | J11: https://view.argusmedia.com/rs/584-BUW-606/images/BIO-FAQ-Bionaphtha-prices-SGContact.pdf
E12: Inkwood research | I12: 19-8-2025 | J12: https://www.inkwoodresearch.com/reports/bio-based-naphtha-market/

Sheet Notes
C2: Sources | D2: Page | F2: Notes
C5: Overview
C6: mj_per_kg | D6: =D34 -> 45
C7: kg_per_liter | D7: =D35 -> 0.667
C8: potential_co2_conversion_per_mj | D8: =D36 -> 0.0686
C9: cost_per_mj | D9: =D19 -> 0.0768
J11: from Argus: | Q11: Inkwood research:
C12: Costs
C13: based on source Argus, the price in 2023 fluctuated between 3300 and 3600 $/tonne
C14: based on Inkwood research market forecast, the price will ranges from 2200 to 3200 per tonne
C16: bionaphtha price | D16: 3200 | E16: $/tonne
C17: Euro to dollar conversion (2023) | D17: 1.08 | E17: € / $ | F17: https://www.exchangerates.org.uk/EUR-USD-spot-exchange-rates-history-2023.html#:~:text=Best%20exchange%20rate%3A%201.1244%20USD,USD%20on%2003%20Oct%202023.
C18: bionaphtha price | D18: =D16*D17 -> 3456 | E18: €/tonne
C19: bionaphtha price | D19: =D18*10^-3/D34 -> 0.0768 | E19: €/MJ
C33: Carrier characteristics | J33: from TNO:
C34: mj_per_kg | D34: 45 | E34: MJ/kg
C35: density | D35: =667*10^-3 -> 0.667 | E35: kg/l
C36: co2_conversion_per_mj | D36: =68.6*10^-3 -> 0.0686 | E36: kg CO2/MJ
