Workbook
Name exchange_rate_2011_2010: #REF!
Name Final_demand_residences: '[1]Fuel aggregation'!$L$11
Name hours_a_year: #REF!
Name km2_to_m2: #REF!
Name kW_to_MW: #REF!
Name kW_to_W: #REF!
Name kWp_to_MWp: #REF!
Name m2_to_km2: #REF!
Name STC: #REF!
Name STC_insolation: #REF!
Name W_to_MW: #REF!
Name Wp_to_kWp: #REF!
Name WP_to_MWp: #REF!

Sheet Dashboard
B2: Node | C2: households_water_heater_heatpump_air_water_electricity.ad | E2: Description | F2: This sheet summarizes all node attributes formatted in the way they are used by the Energy Transition Model. Use the Excel formulas to find the original data and sources for these numbers. You can also use this document to update the attribute value. Once you have finished updating, save this document and run rake import:node NODE="nodename" to update the node attributes on ETSource. Note: in the final dashboard values, use ROUND to avoid long floats.
B3: Author | C3: Jort Wolda
B4: Organisation | C4: Quintel
C7: Attribute | D7: Unit | E7: Value | G7: Definition | I7: Source
C9: Technical
C10: input.ambient_heat | D10: - | E10: =ROUND(Analysis!$D$4,6) -> 0.565217 | I10: Installatiemonitor 3.0
C11: input.electricity | D11: - | E11: =ROUND(Analysis!$D$5,6) -> 0.434783 | I11: Installatiemonitor 3.0
C12: output.useable_heat | D12: - | E12: 1 | I12: Quintel assumptions
C13: fever.base_cop | D13: - | E13: =ROUND(Analysis!$D$16,6) -> 2.1044 | I13: Bogdanov et al. (2024)
C14: fever.capacity.electricity | D14: MW | E14: =ROUND(Analysis!D32,6) -> 0.002889 | I14: Installatiemonitor 3.0 (identical to space_heater_heatpump)
C15: fever.cop_per_degree | D15: - | E15: =ROUND(Analysis!$D$17,6) -> 0.04074 | I15: Bogdanov et al. (2024)
C16: storage.volume | D16: MWh | E16: =ROUND(Analysis!D64,6) -> 0.008723 | I16: Quintel assumptions
C17: storage.cost_per_mwh | D17: euro/MWh | E17: 0 | I17: Quintel assumptions
C18: availability | D18: - | E18: 0 | I18: Quintel assumptions
C19: full_load_hours | D19: - | E19: 0 | I19: Quintel assumptions
C20: households_supplied_per_unit | D20: - | E20: 1 | I20: Quintel assumptions
C21: heat_output_capacity | D21: MW | E21: =ROUND(Analysis!D31,6) -> 0.0078 | G21: Heat output capacity | I21: Installatiemonitor 3.0 (identical to space_heater_heatpump)
C23: Cost
C24: initial_investment | D24: euro | E24: 0 | G24: Initial investment costs | I24: Quintel assumptions: costs are covered in space_heater_heatpump
C25: ccs_investment | D25: euro | E25: 0 | G25: Investment cost with ccs | I25: Quintel assumptions: costs are covered in space_heater_heatpump
C26: cost_of_installing | D26: euro | E26: 0 | G26: Installation cost | I26: Quintel assumptions: costs are covered in space_heater_heatpump
C27: decommissioning_costs | D27: euro | E27: 0 | G27: Decommissioning cost | I27: Quintel assumptions: costs are covered in space_heater_heatpump
C28: fixed_operation_and_maintenance_costs_per_year | D28: euro/year | E28: 0 | G28: Fixed operational and maintenance costs per year | I28: Quintel assumptions: costs are covered in space_heater_heatpump
C29: variable_operation_and_maintenance_costs_per_full_load_hour | D29: euro/FLH | E29: 0 | G29: Variable operational and maintenance costs | I29: Quintel assumptions: costs are covered in space_heater_heatpump
C30: variable_operation_and_maintenance_costs_for_ccs_per_full_load_hour | D30: euro/FLH | E30: 0 | G30: Variable operational and maintenance costs for ccs | I30: Quintel assumptions: costs are covered in space_heater_heatpump
C31: wacc | D31: % | E31: 0.02 | G31: Weighted average cost of capita | I31: Quintel assumptions: costs are covered in space_heater_heatpump
C32: takes_part_in_ets | D32: yes=1, no=0 | E32: 0 | I32: Quintel assumptions: costs are covered in space_heater_heatpump
C33: storage.cost_per_mwh | D33: eur0/MWh | E33: 0 | I33: Quintel assumptions: costs are covered in space_heater_heatpump
C35: Other
C36: construction_time | D36: years | E36: 0 | G36: Construction time of the plant | I36: Quintel assumption
C37: technical_lifetime | D37: years | E37: 15 | G37: Technical lifetime of the plant | I37: Factsheet luchtwarmtepomp
C38: free_co2_factor | D38: - | E38: 0 | I38: Quintel assumption

Sheet Sources
C3: Variables | D3: Title | E3: Author / organisation | F3: Subject country | G3: Published year | H3: Subject year | I3: Retreived year | J3: Link
C4: input.ambient_heat, input.electricity, heat_output_capacity, fever.capacity.electricity | D4: Installatiemonitor 3.0 - De warmtepomp in de gebouwde omgeving | E4: BDH | F4: NL | G4: 2026 | I4: 2026 | J4: https://kennisdelen.rvo.nl/file/download/a29e1ec4-ad00-4a5b-ba62-287ca7602ddf/Installatiemonitor_3_eindrapportage_v1.02.pdf
C5: fever.base_cop, fever.cop_per_degree, heat_output_capacity, fever.capacity.electricity | D5: Impact of temperature dependent coefficient of performance of heat pumps on heating systems in national and regional energy systems modelling | E5: Bogdanov, Stymov, Breyer (LUT University) | F5: - | G5: 2024 | I5: 2026 | J5: https://pdf.sciencedirectassets.com/271429/1-s2.0-S0306261924X00148/1-s2.0-S0306261924010304/main.pdf?X-Amz-Security-Token=IQoJb3JpZ2luX2VjEDcaCXVzLWVhc3QtMSJHMEUCIDayx60tWfHNKXVVv8qS6t7aPyy1YM%2BiBAF7FCuifT67AiEAuYqhuC5gy%2FAawde7fGCHiyLrCKGdXwEYRSiojbmpQdMqvAUI%2F%2F%2F%2F%2F%2F%2F%2F%2F%2F%2F%2FARAFGgwwNTkwMDM1NDY4NjUiDOxvvumY1HhRiHczdCqQBRl5ICXGeg74c%2B%2BGt6IdqbTCtLh0Cu69IR5DEAACTsA%2FYwbWrgDr%2BzXwqBDPa6GZ8rgoLiR9YP9HwXG8g%2FsR0yi1Kld1R%2B%2FWY4sYSSMxxVoJmr9SAtWFnzKuv3LwQ0U2Adpceq1YsXSRwmaVFGy7fk389lcW%2Fx0PaB8USbARFUz8p03pCT3wcy8uXWXyCUsRNl6eN2pTmmamMv3RKEWuw3extsuoc3KfxXjb1TvnEDTIgZx1P8BYBcpoGfOuxdPLkVGa8bhbYyZ3HVNKrf7pzMaq17fTLj4PtFdLFyyhuxiXNV3Vv%2BnsdmEbZhPvp99m3lYJsMRX7bHAtXdbw661dYT3M%2BPCe%2B2kJQwMikZxWfs%2FihlZaEbdIlQpMbfX7xST6xM%2BeeEEIvV%2ByABbJ5kxzBBjHzbJtSk%2FN4YhVLoyXDdq1LEenN5CVcFf0YztFQk8SMQoMi%2BAhVpoSV3LUK5DFisHXeXWMHsc3QUDM9XFp26Y1GovhZJ%2FijGUhgTn%2FTC00qogUqGKkhG8ws4pnu94DzqgWxmVjyWX%2FqX30i6fDPpUxSHKujCyTj8siOS1lTNWWz3UoZDFmz3frOI2ztMm%2FVfWe5OVeVblN87IRAYyyxJ5uKCv5C66BGzW4YUiIVBSFkFdv872uvoP5J61SJVs9v20T6SbGfxJM5LLK4KqvQHWYs4YCMzA%2BVEwwXF4hhZ8CVD4PK9cTnxzsdFLLFOkBdrcoYL4uEIaufqbnZthK%2FbpUrMgMYWi2jgW8wG4s9ipCWTg6R5bvu2Ds6Q3UmUo7CglQ%2FJD5ASTEHmqR%2BCGYqUNRAeH4YlHSwliIoR6X77fyWpfWOBygE8rtJa%2FtVr82LfTpIljxYkK79XYmiKV0ls9MPfA%2FNMGOrEBYjfBchqkKUY1si0EA8Zq2hP92hHujyBIqLntJvfEzpLLYb0g37kv5ohpd%2F6qPuxSJ3%2BhVhPJfzDptMtbBx3zUZ4IhdZMgyeZOemV8w1F17hV0fBa03MzuejvBr2JtTLZICTYLwr%2BH0yS3XH9QU13P7vE%2BPpZc5gSh9J9CBi%2FtIddCYJZ1A8g073sJV7VbQyodWrsmfyWIvppurgch2bZZGxtV3uCtxOjTIPHblTrWVX7&X-Amz-Algorithm=AWS4-HMAC-SHA256&X-Amz-Date=20260814T142629Z&X-Amz-SignedHeaders=host&X-Amz-Expires=300&X-Amz-Credential=ASIAQ3PHCVTYQ7GBCDX4%2F20260814%2Fus-east-1%2Fs3%2Faws4_request&X-Amz-Signature=f5505e1ab0c3d216f958b3dd2da6d768b974147a086a958ae13c8ff067f3f793&hash=700ab74877321dbaa56e45a1d6afdbe3b6e32748e211e8ec3c9cab8c75cadcf4&host=68042c943591013ac2b2430a89b270f6af2c76d8dfd086a07176afe7c76c2c61&pii=S0306261924010304&tid=spdf-df67c04d-858b-4d71-8345-3792de26f625&sid=71107c3f109b914cd36b34220ded9018ec04gxrqb&type=client&tsoh=d3d3LnNjaWVuY2VkaXJlY3QuY29t&rh=d3d3LnNjaWVuY2VkaXJlY3QuY29t&ua=140a0653005505515b5757&rr=a2b0a2864a59feb4&cc=nl
C6: fever.base_cop, fever.cop_per_degree | D6: Time series of heat demand and heat pump efficiency for energy system modeling (When2Heat) | E6: Ruhnau, O., Hirth, L. & Praktiknjo, A. | F6: - | G6: 2019 | H6: 2016 | I6: 2026 | J6: https://www.nature.com/articles/s41597-019-0199-y
C7: fever.capacity.electricity | D7: Sinclair SHP-140ICA + SHP-140ECA product fiche | E7: Sinclair | F7: - | G7: - | H7: - | I7: - | J7: https://www.sinclair-solutions.com/files/product-fiche/sinclair-prfi-shp-140ica-shp-140eca2.pdf
C8: initial_investment, fixed_operation_and_maintenance_costs_per_year | D8: Update kentallen installaties Vesta MAIS | E8: CE Delft | F8: NL | G8: 2023 | I8: 2026 | J8: https://ce.nl/wp-content/uploads/2023/03/CE_Delft_210348_Update_kentallen_installaties_Vesta_MAIS_Def.pdf
C9: technical_lifetime | D9: Factsheet Luchtwarmtepomp | E9: CE Delft | F9: NL | G9: 2021 | I9: 2026 | J9: https://ce.nl/wp-content/uploads/2021/04/04_Factsheet-Luchtwarmtepomp_DEF.pdf
C10: fever.base_cop, fever.cop_per_degree | D10: WARM TAPWATERINSTALLATIES Leidingontwerp, wachttijden, toestellen en temperatuurregeling | E10: Samenwerkende Drinkwaterbedrijven | F10: NL | G10: 2023 | H10: - | I10: 2026 | J10: https://www.infodwi.nl/media/50phiyot/concept-waterwerkblad-4-4a-december-2023_1.pdf
C11: fever.base_cop, fever.cop_per_degree | D11: Klimaatdashboard | E11: KNMI | F11: - | G11: - | H11: - | I11: 2026 | J11: https://www.knmi.nl/klimaat#klimaatdashboard
C12: storage.volume | D12: Addendum ISSO-publicatie 98, Bijlage A "Boilerberekening", Tabel A.1 | E12: ISSO | F12: NL | G12: 2022 | I12: 2026 | J12: https://documenten.isso.nl/s/vZjyBQVS20iaUaEAiV1XTK08Z7hsdsnV/addendum_ISSO-Publicatie98.pdf
C30: Note: "published year" might deviate from "subject year". For example, a study can be published in 2024 about costs parameters in 2020.

Sheet Analysis
C3: variable | D3: value | E3: unit | F3: comment | G3: source | M3: Screenshots
C4: input.ambient_heat | D4: =1-D5 -> 0.56521739 | F4: The Installatiemonitor tracks smart meter data from households with heat pumps, collected between 01-2023 and 01-2026, and therefore reflects real-world performance. The sample covers 200–250 all-electric and 1,955 hybrid heat pumps with a complete dataset. The average SCOP for tap water is 2.3 | G4: Main source: | H4: Installatiemonitor 3.0
C5: input.electricity | D5: =1/2.3 -> 0.43478261
C16: fever.base_cop | D16: =AL28 -> 2.1044 | F16: Bogdanov et al. (2024) give COP formulas as a function of delta T for air, ground and water source heat pumps. The formulas originate from Ruhnau et al. (2019), which used 2016 manufacturer data, but Bogdanov et al. updated the coefficients. The changes are small but the fact they're refised in 2024 improves credibility. While the formula has a quadratic term, the curve is nearly linear in the relevant range (see chart). These attributes should reproduce a SCOP broadly in line with the static value under typical conditions. Tap water installations have to heat up to at least 55 °C at the tap, which means the temperature at the tank must be slightly higher, at least. So, we'll use an estimated average of 60 °C. Combined with average outside temperature of ~10 °C a COP of 2.5 is found using the formula. Close to installatiemonitor values. The COP per degree is derived from the average step between −10 and 15 °C outside temperature. | G16: Main source: | H16: Bogdanov et al. (2024) | AH16: Test formule (ASHP)
C17: fever.cop_per_degree | D17: =AK45 -> 0.04074 | G17: Supporting source: | H17: Ruhnau et al. (2019) | AH17: Outside temp | AI17: Sink temp | AJ17: delta T | AK17: COP | AL17: COP (lineair aproximation)
G18: Supporting source: | H18: Samenwerkende Drinkwaterbedrijven | AH18: -10 | AI18: 60 | AJ18: =AI18-AH18 -> 70 | AK18: =6.08 - 0.0941 * AJ18 + 0.000464 * AJ18^2 -> 1.7666 | AL18: =AL19-$AK$45 -> 1.697
G19: Supporting source: | H19: KNMI klimaatdashboard | AH19: =AH18+1 -> -9 | AI19: 60 | AJ19: =AI19-AH19 -> 69 | AK19: =6.08 - 0.0941 * AJ19 + 0.000464 * AJ19^2 -> 1.796204 | AL19: =AL20-$AK$45 -> 1.73774
AH20: =AH19+1 -> -8 | AI20: 60 | AJ20: =AI20-AH20 -> 68 | AK20: =6.08 - 0.0941 * AJ20 + 0.000464 * AJ20^2 -> 1.826736 | AL20: =AL21-$AK$45 -> 1.77848
AH21: =AH20+1 -> -7 | AI21: 60 | AJ21: =AI21-AH21 -> 67 | AK21: =6.08 - 0.0941 * AJ21 + 0.000464 * AJ21^2 -> 1.858196 | AL21: =AL22-$AK$45 -> 1.81922
AH22: =AH21+1 -> -6 | AI22: 60 | AJ22: =AI22-AH22 -> 66 | AK22: =6.08 - 0.0941 * AJ22 + 0.000464 * AJ22^2 -> 1.890584 | AL22: =AL23-$AK$45 -> 1.85996
AH23: =AH22+1 -> -5 | AI23: 60 | AJ23: =AI23-AH23 -> 65 | AK23: =6.08 - 0.0941 * AJ23 + 0.000464 * AJ23^2 -> 1.9239 | AL23: =AL24-$AK$45 -> 1.9007
AH24: =AH23+1 -> -4 | AI24: 60 | AJ24: =AI24-AH24 -> 64 | AK24: =6.08 - 0.0941 * AJ24 + 0.000464 * AJ24^2 -> 1.958144 | AL24: =AL25-$AK$45 -> 1.94144
AH25: =AH24+1 -> -3 | AI25: 60 | AJ25: =AI25-AH25 -> 63 | AK25: =6.08 - 0.0941 * AJ25 + 0.000464 * AJ25^2 -> 1.993316 | AL25: =AL26-$AK$45 -> 1.98218
AH26: =AH25+1 -> -2 | AI26: 60 | AJ26: =AI26-AH26 -> 62 | AK26: =6.08 - 0.0941 * AJ26 + 0.000464 * AJ26^2 -> 2.029416 | AL26: =AL27-$AK$45 -> 2.02292
AH27: =AH26+1 -> -1 | AI27: 60 | AJ27: =AI27-AH27 -> 61 | AK27: =6.08 - 0.0941 * AJ27 + 0.000464 * AJ27^2 -> 2.066444 | AL27: =AL28-$AK$45 -> 2.06366
AG28: Base COP | AH28: =AH27+1 -> 0 | AI28: 60 | AJ28: =AI28-AH28 -> 60 | AK28: =6.08 - 0.0941 * AJ28 + 0.000464 * AJ28^2 -> 2.1044 | AL28: =AK28 -> 2.1044
AH29: =AH28+1 -> 1 | AI29: 60 | AJ29: =AI29-AH29 -> 59 | AK29: =6.08 - 0.0941 * AJ29 + 0.000464 * AJ29^2 -> 2.143284 | AL29: =AL28+$AK$45 -> 2.14514
AH30: =AH29+1 -> 2 | AI30: 60 | AJ30: =AI30-AH30 -> 58 | AK30: =6.08 - 0.0941 * AJ30 + 0.000464 * AJ30^2 -> 2.183096 | AL30: =AL29+$AK$45 -> 2.18588
C31: heat_output_capacity | D31: =7.8/10^3 -> 0.0078 | E31: MW | F31: The average bivalence capacity* of all-electric heat pumps in the Installatiemonitor research was 7.8 kW. The COP at bivalence capacity according to Bogdanov et al. (2024) is 2.7. Which is used to find the electrical capacity. *The capacity of the heat pump at the lowest outdoor temperature point at which the heat pump is declared to have a capacity able to meet 100 % of the heating load without supplementary heater This temperature is often around -7 °C as for the Sinclair SHP-140ICA + SHP-140ECA | G31: Main source: | H31: Installatiemonitor 3.0 | AH31: =AH30+1 -> 3 | AI31: 60 | AJ31: =AI31-AH31 -> 57 | AK31: =6.08 - 0.0941 * AJ31 + 0.000464 * AJ31^2 -> 2.223836 | AL31: =AL30+$AK$45 -> 2.22662
C32: fever.capacity.electricity | D32: =D31/2.7 -> 0.0028888889 | E32: MW | G32: Supporting source: | H32: Bogdanov et al. (2024) | AH32: =AH31+1 -> 4 | AI32: 60 | AJ32: =AI32-AH32 -> 56 | AK32: =6.08 - 0.0941 * AJ32 + 0.000464 * AJ32^2 -> 2.265504 | AL32: =AL31+$AK$45 -> 2.26736
G33: Supporting source: | H33: Sinclair | AH33: =AH32+1 -> 5 | AI33: 60 | AJ33: =AI33-AH33 -> 55 | AK33: =6.08 - 0.0941 * AJ33 + 0.000464 * AJ33^2 -> 2.3081 | AL33: =AL32+$AK$45 -> 2.3081
AH34: =AH33+1 -> 6 | AI34: 60 | AJ34: =AI34-AH34 -> 54 | AK34: =6.08 - 0.0941 * AJ34 + 0.000464 * AJ34^2 -> 2.351624 | AL34: =AL33+$AK$45 -> 2.34884
AH35: =AH34+1 -> 7 | AI35: 60 | AJ35: =AI35-AH35 -> 53 | AK35: =6.08 - 0.0941 * AJ35 + 0.000464 * AJ35^2 -> 2.396076 | AL35: =AL34+$AK$45 -> 2.38958
AH36: =AH35+1 -> 8 | AI36: 60 | AJ36: =AI36-AH36 -> 52 | AK36: =6.08 - 0.0941 * AJ36 + 0.000464 * AJ36^2 -> 2.441456 | AL36: =AL35+$AK$45 -> 2.43032
AH37: =AH36+1 -> 9 | AI37: 60 | AJ37: =AI37-AH37 -> 51 | AK37: =6.08 - 0.0941 * AJ37 + 0.000464 * AJ37^2 -> 2.487764 | AL37: =AL36+$AK$45 -> 2.47106
AH38: =AH37+1 -> 10 | AI38: 60 | AJ38: =AI38-AH38 -> 50 | AK38: =6.08 - 0.0941 * AJ38 + 0.000464 * AJ38^2 -> 2.535 | AL38: =AL37+$AK$45 -> 2.5118
AH39: =AH38+1 -> 11 | AI39: 60 | AJ39: =AI39-AH39 -> 49 | AK39: =6.08 - 0.0941 * AJ39 + 0.000464 * AJ39^2 -> 2.583164 | AL39: =AL38+$AK$45 -> 2.55254
AH40: =AH39+1 -> 12 | AI40: 60 | AJ40: =AI40-AH40 -> 48 | AK40: =6.08 - 0.0941 * AJ40 + 0.000464 * AJ40^2 -> 2.632256 | AL40: =AL39+$AK$45 -> 2.59328
AH41: =AH40+1 -> 13 | AI41: 60 | AJ41: =AI41-AH41 -> 47 | AK41: =6.08 - 0.0941 * AJ41 + 0.000464 * AJ41^2 -> 2.682276 | AL41: =AL40+$AK$45 -> 2.63402
AH42: =AH41+1 -> 14 | AI42: 60 | AJ42: =AI42-AH42 -> 46 | AK42: =6.08 - 0.0941 * AJ42 + 0.000464 * AJ42^2 -> 2.733224 | AL42: =AL41+$AK$45 -> 2.67476
AH43: =AH42+1 -> 15 | AI43: 60 | AJ43: =AI43-AH43 -> 45 | AK43: =6.08 - 0.0941 * AJ43 + 0.000464 * AJ43^2 -> 2.7851 | AL43: =AL42+$AK$45 -> 2.7155
AH45: Average COP per degree | AK45: =(AK43-AK18)/(AH43-AH18) -> 0.04074
C46: initial_investment | D46: =AVERAGE(8619, 12561) -> 10590 | E46: € / # | F46: Average between min and max | G46: Main source: | H46: Update kengetallen Vesta Mais
C47: fixed_operation_and_maintenance_costs_per_year | D47: 50 | E47: € / year | F47: Directly from source
C48: storage.cost_per_mwh | D48: 0 | E48: € | F48: Storage costs are assumed to be included in the average investment costs per household in Vesta Mais. The only costs they give are 'costs per house' and storage costs are never specified individually.
C58: technical_lifetime | D58: 15 | E58: years | G58: Main source: | H58: Factsheet warmtepompen
C64: storage.volume | D64: =F67 -> 0.0087225 | E64: MWh | F64: Specific heat water: 1.163 Wh/L/K | G64: Source volume tank: | H64: ISSO
F65: Delta T: 60 °C - 10 °C = 50 °C = 50 K (temperatures also used in F16)
F66: Volume storage tank is situation dependent but at least 107L for a household without heat recovery system for the shower. More people, or a bath increase the tank size, heat recovery systems reduce the minimum tank size. As an estimated average we use 150 L.
F67: =1.163*150*50/10^6 -> 0.0087225
