Workbook
Name exchange_rate_2011_2010: #REF!
Name Final_demand_residences: '[1]Fuel aggregation'!$L$11
Name hours_a_year: #REF!
Name km2_to_m2: #REF!
Name kW_to_MW: #REF!
Name kW_to_W: #REF!
Name kWp_to_MWp: #REF!
Name m2_to_km2: #REF!
Name STC: #REF!
Name STC_insolation: #REF!
Name W_to_MW: #REF!
Name Wp_to_kWp: #REF!
Name WP_to_MWp: #REF!

Sheet Dashboard
B2: Node | C2: households_space_heater_heatpump_air_water_electricity.ad | E2: Description | F2: This sheet summarizes all node attributes formatted in the way they are used by the Energy Transition Model. Use the Excel formulas to find the original data and sources for these numbers. You can also use this document to update the attribute value. Once you have finished updating, save this document and run rake import:node NODE="nodename" to update the node attributes on ETSource. Note: in the final dashboard values, use ROUND to avoid long floats.
B3: Author | C3: Jort Wolda
B4: Organisation | C4: Quintel
C7: Attribute | D7: Unit | E7: Value | G7: Definition | I7: Source
C9: Technical
C10: input.ambient_heat | D10: - | E10: =ROUND(Analysis!$D$4,6) -> 0.714286 | I10: Installatiemonitor 3.0
C11: input.electricity | D11: - | E11: =ROUND(Analysis!$D$5,6) -> 0.285714 | I11: Installatiemonitor 3.0
C12: output.useable_heat | D12: - | E12: 1 | I12: Quintel assumption
C13: fever.base_cop | D13: - | E13: =ROUND(Analysis!$D$16,6) -> 3.0584 | I13: Bogdanov et al. (2024)
C14: fever.capacity.electricity | D14: MW | E14: =ROUND(Analysis!D32,6) -> 0.002889 | I14: Installatiemonitor 3.0 & Bofdanov et al. (2024)
C15: fever.cop_per_degree | D15: - | E15: =ROUND(Analysis!$D$17,6) -> 0.0593 | I15: Bogdanov et al. (2024)
C16: storage.volume | D16: MWh | E16: 0 | I16: Quintel assumption
C17: availability | D17: - | E17: 0 | I17: Quintel assumption
C18: full_load_hours | D18: - | E18: 0 | I18: Quintel assumption
C19: households_supplied_per_unit | D19: - | E19: 1 | I19: Quintel assumption
C20: heat_output_capacity | D20: MW | E20: =ROUND(Analysis!D31,6) -> 0.0078 | G20: Heat output capacity | I20: Installatiemonitor 3.0
C22: Cost
C23: initial_investment | D23: euro | E23: =Analysis!D46 -> 10590 | G23: Initial investment costs | I23: Update kentallen installaties Vesta MAIS
C24: ccs_investment | D24: euro | E24: 0 | G24: Investment cost with ccs | I24: Quintel assumption
C25: cost_of_installing | D25: euro | E25: 0 | G25: Installation cost | I25: Quintel assumption
C26: decommissioning_costs | D26: euro | E26: 0 | G26: Decommissioning cost | I26: Quintel assumption
C27: fixed_operation_and_maintenance_costs_per_year | D27: euro/year | E27: =Analysis!D47 -> 50 | G27: Fixed operational and maintenance costs per year | I27: Update kentallen installaties Vesta MAIS
C28: variable_operation_and_maintenance_costs_per_full_load_hour | D28: euro/FLH | E28: 0 | G28: Variable operational and maintenance costs | I28: Quintel assumption
C29: variable_operation_and_maintenance_costs_for_ccs_per_full_load_hour | D29: euro/FLH | E29: 0 | G29: Variable operational and maintenance costs for ccs | I29: Quintel assumption
C30: wacc | D30: % | E30: 0.02 | G30: Weighted average cost of capita | I30: Quintel assumption, see https://docs.energytransitionmodel.com/main/cost-wacc/
C31: takes_part_in_ets | D31: yes=1, no=0 | E31: 0 | I31: Quintel assumption
C32: storage.cost_per_mwh | D32: eur0/MWh | E32: =Analysis!D48 -> 0 | I32: Quintel assumption
C34: Other
C35: construction_time | D35: years | E35: 0 | G35: Construction time of the plant | I35: Quintel assumption
C36: technical_lifetime | D36: years | E36: 15 | G36: Technical lifetime of the plant | I36: Factsheet luchtwarmtepomp
C37: free_co2_factor | D37: - | E37: 0 | I37: Quintel assumption

Sheet Sources
C3: Variables | D3: Title | E3: Author / organisation | F3: Subject country | G3: Published year | H3: Subject year | I3: Retreived year | J3: Link
C4: input.ambient_heat, input.electricity, heat_output_capacity, fever.capacity.electricity | D4: Installatiemonitor 3.0 - De warmtepomp in de gebouwde omgeving | E4: BDH | F4: NL | G4: 2026 | I4: 2026 | J4: https://kennisdelen.rvo.nl/file/download/a29e1ec4-ad00-4a5b-ba62-287ca7602ddf/Installatiemonitor_3_eindrapportage_v1.02.pdf
C5: input.ambient_heat, input.electricity | D5: 20 jahre wärmepumpen-monitoring am Fraunhofer ISE | E5: Franhofer ISE | F5: DE | G5: 2025 | H5: 2023 - 2024 | I5: 2026 | J5: https://www.ise.fraunhofer.de/en/research-projects/wp-qs-im-bestand.html
C6: fever.base_cop, fever.cop_per_degree, heat_output_capacity, fever.capacity.electricity | D6: Impact of temperature dependent coefficient of performance of heat pumps on heating systems in national and regional energy systems modelling | E6: Bogdanov, Stymov, Breyer (LUT University) | F6: - | G6: 2024 | I6: 2026 | J6: https://pdf.sciencedirectassets.com/271429/1-s2.0-S0306261924X00148/1-s2.0-S0306261924010304/main.pdf?X-Amz-Security-Token=IQoJb3JpZ2luX2VjEDcaCXVzLWVhc3QtMSJHMEUCIDayx60tWfHNKXVVv8qS6t7aPyy1YM%2BiBAF7FCuifT67AiEAuYqhuC5gy%2FAawde7fGCHiyLrCKGdXwEYRSiojbmpQdMqvAUI%2F%2F%2F%2F%2F%2F%2F%2F%2F%2F%2F%2FARAFGgwwNTkwMDM1NDY4NjUiDOxvvumY1HhRiHczdCqQBRl5ICXGeg74c%2B%2BGt6IdqbTCtLh0Cu69IR5DEAACTsA%2FYwbWrgDr%2BzXwqBDPa6GZ8rgoLiR9YP9HwXG8g%2FsR0yi1Kld1R%2B%2FWY4sYSSMxxVoJmr9SAtWFnzKuv3LwQ0U2Adpceq1YsXSRwmaVFGy7fk389lcW%2Fx0PaB8USbARFUz8p03pCT3wcy8uXWXyCUsRNl6eN2pTmmamMv3RKEWuw3extsuoc3KfxXjb1TvnEDTIgZx1P8BYBcpoGfOuxdPLkVGa8bhbYyZ3HVNKrf7pzMaq17fTLj4PtFdLFyyhuxiXNV3Vv%2BnsdmEbZhPvp99m3lYJsMRX7bHAtXdbw661dYT3M%2BPCe%2B2kJQwMikZxWfs%2FihlZaEbdIlQpMbfX7xST6xM%2BeeEEIvV%2ByABbJ5kxzBBjHzbJtSk%2FN4YhVLoyXDdq1LEenN5CVcFf0YztFQk8SMQoMi%2BAhVpoSV3LUK5DFisHXeXWMHsc3QUDM9XFp26Y1GovhZJ%2FijGUhgTn%2FTC00qogUqGKkhG8ws4pnu94DzqgWxmVjyWX%2FqX30i6fDPpUxSHKujCyTj8siOS1lTNWWz3UoZDFmz3frOI2ztMm%2FVfWe5OVeVblN87IRAYyyxJ5uKCv5C66BGzW4YUiIVBSFkFdv872uvoP5J61SJVs9v20T6SbGfxJM5LLK4KqvQHWYs4YCMzA%2BVEwwXF4hhZ8CVD4PK9cTnxzsdFLLFOkBdrcoYL4uEIaufqbnZthK%2FbpUrMgMYWi2jgW8wG4s9ipCWTg6R5bvu2Ds6Q3UmUo7CglQ%2FJD5ASTEHmqR%2BCGYqUNRAeH4YlHSwliIoR6X77fyWpfWOBygE8rtJa%2FtVr82LfTpIljxYkK79XYmiKV0ls9MPfA%2FNMGOrEBYjfBchqkKUY1si0EA8Zq2hP92hHujyBIqLntJvfEzpLLYb0g37kv5ohpd%2F6qPuxSJ3%2BhVhPJfzDptMtbBx3zUZ4IhdZMgyeZOemV8w1F17hV0fBa03MzuejvBr2JtTLZICTYLwr%2BH0yS3XH9QU13P7vE%2BPpZc5gSh9J9CBi%2FtIddCYJZ1A8g073sJV7VbQyodWrsmfyWIvppurgch2bZZGxtV3uCtxOjTIPHblTrWVX7&X-Amz-Algorithm=AWS4-HMAC-SHA256&X-Amz-Date=20260814T142629Z&X-Amz-SignedHeaders=host&X-Amz-Expires=300&X-Amz-Credential=ASIAQ3PHCVTYQ7GBCDX4%2F20260814%2Fus-east-1%2Fs3%2Faws4_request&X-Amz-Signature=f5505e1ab0c3d216f958b3dd2da6d768b974147a086a958ae13c8ff067f3f793&hash=700ab74877321dbaa56e45a1d6afdbe3b6e32748e211e8ec3c9cab8c75cadcf4&host=68042c943591013ac2b2430a89b270f6af2c76d8dfd086a07176afe7c76c2c61&pii=S0306261924010304&tid=spdf-df67c04d-858b-4d71-8345-3792de26f625&sid=71107c3f109b914cd36b34220ded9018ec04gxrqb&type=client&tsoh=d3d3LnNjaWVuY2VkaXJlY3QuY29t&rh=d3d3LnNjaWVuY2VkaXJlY3QuY29t&ua=140a0653005505515b5757&rr=a2b0a2864a59feb4&cc=nl
C7: fever.base_cop, fever.cop_per_degree | D7: Time series of heat demand and heat pump efficiency for energy system modeling (When2Heat) | E7: Ruhnau, O., Hirth, L. & Praktiknjo, A. | F7: - | G7: 2019 | H7: 2016 | I7: 2026 | J7: https://www.nature.com/articles/s41597-019-0199-y
C8: fever.capacity.electricity | D8: Sinclair SHP-140ICA + SHP-140ECA product fiche | E8: Sinclair | F8: - | G8: - | H8: - | I8: - | J8: https://www.sinclair-solutions.com/files/product-fiche/sinclair-prfi-shp-140ica-shp-140eca2.pdf
C9: initial_investment, fixed_operation_and_maintenance_costs_per_year | D9: Update kentallen installaties Vesta MAIS | E9: CE Delft | F9: NL | G9: 2023 | I9: 2026 | J9: https://ce.nl/wp-content/uploads/2023/03/CE_Delft_210348_Update_kentallen_installaties_Vesta_MAIS_Def.pdf
C10: technical_lifetime | D10: Factsheet Luchtwarmtepomp | E10: CE Delft | F10: NL | G10: 2021 | I10: 2026 | J10: https://ce.nl/wp-content/uploads/2021/04/04_Factsheet-Luchtwarmtepomp_DEF.pdf
C31: Note: "published year" might deviate from "subject year". For example, a study can be published in 2024 about costs parameters in 2020.

Sheet Analysis
C3: variable | D3: value | E3: unit | F3: comment | G3: source | M3: Screenshots
C4: input.ambient_heat | D4: =1-D5 -> 0.71428571 | F4: The Installatiemonitor tracks smart meter data from households with heat pumps, collected between 01-2023 and 01-2026, and therefore reflects real-world performance. The sample covers 200–250 all-electric and 1,955 hybrid heat pumps with a complete dataset. The average SCOP for space heating with all-electric heat pumps is 3.5, with a wide spread (1 to 6.6). No distinction is made between air, water and ground source, but in the Netherlands most all-electric units are air source. The heat delivery system matters: radiators yield 3.2, floor heating 3.8. A comparable Fraunhofer ISE study in Germany found similar values. As a generic average, 3.5 is adequate. | G4: Main source: | H4: Installatiemonitor 3.0
C5: input.electricity | D5: =1/3.5 -> 0.28571429 | G5: Supporting source: | H5: 20 jahre wärmepumpen-monitoring am Fraunhofer ISE
C16: fever.base_cop | D16: =AQ28 -> 3.0584 | F16: Bogdanov et al. (2024) give COP formulas as a function of delta T for air, ground and water source heat pumps. The formulas originate from Ruhnau et al. (2019), which used 2016 manufacturer data, but Bogdanov et al. updated the coefficients. The changes are small but the fact they're refised in 2024 improves credibility. While the formula has a quadratic term, the curve is nearly linear in the relevant range (see chart). These attributes should reproduce a SCOP broadly in line with the static value under typical conditions. At the Dutch heat-demand-weighted average outside temperature of ~7 °C, sink temperatures of 35, 40 and 45 °C give a SCOP of 3.8, 3.5 and 3.2 respectively, matching the Installatiemonitor values for floor heating, average, and radiators. We therefore use a sink temperature of 40 °C and derive the COP per degree from the average step between −10 and 15 °C outside temperature. | G16: Main source: | H16: Bogdanov et al. (2024) | AH16: Test formule (ASHP) | AN16: Test formule (ASHP) | AT16: Test formule (ASHP)
C17: fever.cop_per_degree | D17: =AQ45 -> 0.0593 | G17: Supporting source: | H17: Ruhnau et al. (2019) | AH17: Outside temp | AI17: Sink temp | AJ17: delta T | AK17: COP | AL17: COP (lineair aproximation) | AN17: Outside temp | AO17: Sink temp | AP17: delta T | AQ17: COP | AR17: COP (lineair aproximation) | AT17: Outside temp | AU17: Sink temp | AV17: delta T | AW17: COP | AX17: COP (lineair aproximation)
AH18: -10 | AI18: 35 | AJ18: =AI18-AH18 -> 45 | AK18: =6.08 - 0.0941 * AJ18 + 0.000464 * AJ18^2 -> 2.7851 | AL18: =AL19-$AK$45 -> 2.7155 | AN18: -10 | AO18: 40 | AP18: =AO18-AN18 -> 50 | AQ18: =6.08 - 0.0941 * AP18 + 0.000464 * AP18^2 -> 2.535 | AR18: =AR19-$AQ$45 -> 2.4654 | AT18: -10 | AU18: 45 | AV18: =AU18-AT18 -> 55 | AW18: =6.08 - 0.0941 * AV18 + 0.000464 * AV18^2 -> 2.3081 | AX18: =AX19-$AW$45 -> 2.2385
AH19: =AH18+1 -> -9 | AI19: 35 | AJ19: =AI19-AH19 -> 44 | AK19: =6.08 - 0.0941 * AJ19 + 0.000464 * AJ19^2 -> 2.837904 | AL19: =AL20-$AK$45 -> 2.77944 | AN19: =AN18+1 -> -9 | AO19: 40 | AP19: =AO19-AN19 -> 49 | AQ19: =6.08 - 0.0941 * AP19 + 0.000464 * AP19^2 -> 2.583164 | AR19: =AR20-$AQ$45 -> 2.5247 | AT19: =AT18+1 -> -9 | AU19: 45 | AV19: =AU19-AT19 -> 54 | AW19: =6.08 - 0.0941 * AV19 + 0.000464 * AV19^2 -> 2.351624 | AX19: =AX20-$AW$45 -> 2.29316
AH20: =AH19+1 -> -8 | AI20: 35 | AJ20: =AI20-AH20 -> 43 | AK20: =6.08 - 0.0941 * AJ20 + 0.000464 * AJ20^2 -> 2.891636 | AL20: =AL21-$AK$45 -> 2.84338 | AN20: =AN19+1 -> -8 | AO20: 40 | AP20: =AO20-AN20 -> 48 | AQ20: =6.08 - 0.0941 * AP20 + 0.000464 * AP20^2 -> 2.632256 | AR20: =AR21-$AQ$45 -> 2.584 | AT20: =AT19+1 -> -8 | AU20: 45 | AV20: =AU20-AT20 -> 53 | AW20: =6.08 - 0.0941 * AV20 + 0.000464 * AV20^2 -> 2.396076 | AX20: =AX21-$AW$45 -> 2.34782
AH21: =AH20+1 -> -7 | AI21: 35 | AJ21: =AI21-AH21 -> 42 | AK21: =6.08 - 0.0941 * AJ21 + 0.000464 * AJ21^2 -> 2.946296 | AL21: =AL22-$AK$45 -> 2.90732 | AN21: =AN20+1 -> -7 | AO21: 40 | AP21: =AO21-AN21 -> 47 | AQ21: =6.08 - 0.0941 * AP21 + 0.000464 * AP21^2 -> 2.682276 | AR21: =AR22-$AQ$45 -> 2.6433 | AT21: =AT20+1 -> -7 | AU21: 45 | AV21: =AU21-AT21 -> 52 | AW21: =6.08 - 0.0941 * AV21 + 0.000464 * AV21^2 -> 2.441456 | AX21: =AX22-$AW$45 -> 2.40248
AH22: =AH21+1 -> -6 | AI22: 35 | AJ22: =AI22-AH22 -> 41 | AK22: =6.08 - 0.0941 * AJ22 + 0.000464 * AJ22^2 -> 3.001884 | AL22: =AL23-$AK$45 -> 2.97126 | AN22: =AN21+1 -> -6 | AO22: 40 | AP22: =AO22-AN22 -> 46 | AQ22: =6.08 - 0.0941 * AP22 + 0.000464 * AP22^2 -> 2.733224 | AR22: =AR23-$AQ$45 -> 2.7026 | AT22: =AT21+1 -> -6 | AU22: 45 | AV22: =AU22-AT22 -> 51 | AW22: =6.08 - 0.0941 * AV22 + 0.000464 * AV22^2 -> 2.487764 | AX22: =AX23-$AW$45 -> 2.45714
AH23: =AH22+1 -> -5 | AI23: 35 | AJ23: =AI23-AH23 -> 40 | AK23: =6.08 - 0.0941 * AJ23 + 0.000464 * AJ23^2 -> 3.0584 | AL23: =AL24-$AK$45 -> 3.0352 | AN23: =AN22+1 -> -5 | AO23: 40 | AP23: =AO23-AN23 -> 45 | AQ23: =6.08 - 0.0941 * AP23 + 0.000464 * AP23^2 -> 2.7851 | AR23: =AR24-$AQ$45 -> 2.7619 | AT23: =AT22+1 -> -5 | AU23: 45 | AV23: =AU23-AT23 -> 50 | AW23: =6.08 - 0.0941 * AV23 + 0.000464 * AV23^2 -> 2.535 | AX23: =AX24-$AW$45 -> 2.5118
AH24: =AH23+1 -> -4 | AI24: 35 | AJ24: =AI24-AH24 -> 39 | AK24: =6.08 - 0.0941 * AJ24 + 0.000464 * AJ24^2 -> 3.115844 | AL24: =AL25-$AK$45 -> 3.09914 | AN24: =AN23+1 -> -4 | AO24: 40 | AP24: =AO24-AN24 -> 44 | AQ24: =6.08 - 0.0941 * AP24 + 0.000464 * AP24^2 -> 2.837904 | AR24: =AR25-$AQ$45 -> 2.8212 | AT24: =AT23+1 -> -4 | AU24: 45 | AV24: =AU24-AT24 -> 49 | AW24: =6.08 - 0.0941 * AV24 + 0.000464 * AV24^2 -> 2.583164 | AX24: =AX25-$AW$45 -> 2.56646
AH25: =AH24+1 -> -3 | AI25: 35 | AJ25: =AI25-AH25 -> 38 | AK25: =6.08 - 0.0941 * AJ25 + 0.000464 * AJ25^2 -> 3.174216 | AL25: =AL26-$AK$45 -> 3.16308 | AN25: =AN24+1 -> -3 | AO25: 40 | AP25: =AO25-AN25 -> 43 | AQ25: =6.08 - 0.0941 * AP25 + 0.000464 * AP25^2 -> 2.891636 | AR25: =AR26-$AQ$45 -> 2.8805 | AT25: =AT24+1 -> -3 | AU25: 45 | AV25: =AU25-AT25 -> 48 | AW25: =6.08 - 0.0941 * AV25 + 0.000464 * AV25^2 -> 2.632256 | AX25: =AX26-$AW$45 -> 2.62112
AH26: =AH25+1 -> -2 | AI26: 35 | AJ26: =AI26-AH26 -> 37 | AK26: =6.08 - 0.0941 * AJ26 + 0.000464 * AJ26^2 -> 3.233516 | AL26: =AL27-$AK$45 -> 3.22702 | AN26: =AN25+1 -> -2 | AO26: 40 | AP26: =AO26-AN26 -> 42 | AQ26: =6.08 - 0.0941 * AP26 + 0.000464 * AP26^2 -> 2.946296 | AR26: =AR27-$AQ$45 -> 2.9398 | AT26: =AT25+1 -> -2 | AU26: 45 | AV26: =AU26-AT26 -> 47 | AW26: =6.08 - 0.0941 * AV26 + 0.000464 * AV26^2 -> 2.682276 | AX26: =AX27-$AW$45 -> 2.67578
AH27: =AH26+1 -> -1 | AI27: 35 | AJ27: =AI27-AH27 -> 36 | AK27: =6.08 - 0.0941 * AJ27 + 0.000464 * AJ27^2 -> 3.293744 | AL27: =AL28-$AK$45 -> 3.29096 | AN27: =AN26+1 -> -1 | AO27: 40 | AP27: =AO27-AN27 -> 41 | AQ27: =6.08 - 0.0941 * AP27 + 0.000464 * AP27^2 -> 3.001884 | AR27: =AR28-$AQ$45 -> 2.9991 | AT27: =AT26+1 -> -1 | AU27: 45 | AV27: =AU27-AT27 -> 46 | AW27: =6.08 - 0.0941 * AV27 + 0.000464 * AV27^2 -> 2.733224 | AX27: =AX28-$AW$45 -> 2.73044
AG28: Base COP | AH28: =AH27+1 -> 0 | AI28: 35 | AJ28: =AI28-AH28 -> 35 | AK28: =6.08 - 0.0941 * AJ28 + 0.000464 * AJ28^2 -> 3.3549 | AL28: =AK28 -> 3.3549 | AN28: =AN27+1 -> 0 | AO28: 40 | AP28: =AO28-AN28 -> 40 | AQ28: =6.08 - 0.0941 * AP28 + 0.000464 * AP28^2 -> 3.0584 | AR28: =AQ28 -> 3.0584 | AT28: =AT27+1 -> 0 | AU28: 45 | AV28: =AU28-AT28 -> 45 | AW28: =6.08 - 0.0941 * AV28 + 0.000464 * AV28^2 -> 2.7851 | AX28: =AW28 -> 2.7851
AH29: =AH28+1 -> 1 | AI29: 35 | AJ29: =AI29-AH29 -> 34 | AK29: =6.08 - 0.0941 * AJ29 + 0.000464 * AJ29^2 -> 3.416984 | AL29: =AL28+$AK$45 -> 3.41884 | AN29: =AN28+1 -> 1 | AO29: 40 | AP29: =AO29-AN29 -> 39 | AQ29: =6.08 - 0.0941 * AP29 + 0.000464 * AP29^2 -> 3.115844 | AR29: =AR28+$AQ$45 -> 3.1177 | AT29: =AT28+1 -> 1 | AU29: 45 | AV29: =AU29-AT29 -> 44 | AW29: =6.08 - 0.0941 * AV29 + 0.000464 * AV29^2 -> 2.837904 | AX29: =AX28+$AW$45 -> 2.83976
AH30: =AH29+1 -> 2 | AI30: 35 | AJ30: =AI30-AH30 -> 33 | AK30: =6.08 - 0.0941 * AJ30 + 0.000464 * AJ30^2 -> 3.479996 | AL30: =AL29+$AK$45 -> 3.48278 | AN30: =AN29+1 -> 2 | AO30: 40 | AP30: =AO30-AN30 -> 38 | AQ30: =6.08 - 0.0941 * AP30 + 0.000464 * AP30^2 -> 3.174216 | AR30: =AR29+$AQ$45 -> 3.177 | AT30: =AT29+1 -> 2 | AU30: 45 | AV30: =AU30-AT30 -> 43 | AW30: =6.08 - 0.0941 * AV30 + 0.000464 * AV30^2 -> 2.891636 | AX30: =AX29+$AW$45 -> 2.89442
C31: heat_output_capacity | D31: =7.8/10^3 -> 0.0078 | E31: MW | F31: The average bivalence capacity* of all-electric heat pumps in the Installatiemonitor research was 7.8 kW. The COP at bivalence capacity according to Bogdanov et al. (2024) is 2.7. Which is used to find the electrical capacity. *The capacity of the heat pump at the lowest outdoor temperature point at which the heat pump is declared to have a capacity able to meet 100 % of the heating load without supplementary heater This temperature is often around -7 °C as for the Sinclair SHP-140ICA + SHP-140ECA | G31: Main source: | H31: Installatiemonitor 3.0 | AH31: =AH30+1 -> 3 | AI31: 35 | AJ31: =AI31-AH31 -> 32 | AK31: =6.08 - 0.0941 * AJ31 + 0.000464 * AJ31^2 -> 3.543936 | AL31: =AL30+$AK$45 -> 3.54672 | AN31: =AN30+1 -> 3 | AO31: 40 | AP31: =AO31-AN31 -> 37 | AQ31: =6.08 - 0.0941 * AP31 + 0.000464 * AP31^2 -> 3.233516 | AR31: =AR30+$AQ$45 -> 3.2363 | AT31: =AT30+1 -> 3 | AU31: 45 | AV31: =AU31-AT31 -> 42 | AW31: =6.08 - 0.0941 * AV31 + 0.000464 * AV31^2 -> 2.946296 | AX31: =AX30+$AW$45 -> 2.94908
C32: fever.capacity.electricity | D32: =D31/2.7 -> 0.0028888889 | E32: MW | G32: Supporting source: | H32: Bogdanov et al. (2024) | AH32: =AH31+1 -> 4 | AI32: 35 | AJ32: =AI32-AH32 -> 31 | AK32: =6.08 - 0.0941 * AJ32 + 0.000464 * AJ32^2 -> 3.608804 | AL32: =AL31+$AK$45 -> 3.61066 | AN32: =AN31+1 -> 4 | AO32: 40 | AP32: =AO32-AN32 -> 36 | AQ32: =6.08 - 0.0941 * AP32 + 0.000464 * AP32^2 -> 3.293744 | AR32: =AR31+$AQ$45 -> 3.2956 | AT32: =AT31+1 -> 4 | AU32: 45 | AV32: =AU32-AT32 -> 41 | AW32: =6.08 - 0.0941 * AV32 + 0.000464 * AV32^2 -> 3.001884 | AX32: =AX31+$AW$45 -> 3.00374
G33: Supporting source: | H33: Sinclair | AH33: =AH32+1 -> 5 | AI33: 35 | AJ33: =AI33-AH33 -> 30 | AK33: =6.08 - 0.0941 * AJ33 + 0.000464 * AJ33^2 -> 3.6746 | AL33: =AL32+$AK$45 -> 3.6746 | AN33: =AN32+1 -> 5 | AO33: 40 | AP33: =AO33-AN33 -> 35 | AQ33: =6.08 - 0.0941 * AP33 + 0.000464 * AP33^2 -> 3.3549 | AR33: =AR32+$AQ$45 -> 3.3549 | AT33: =AT32+1 -> 5 | AU33: 45 | AV33: =AU33-AT33 -> 40 | AW33: =6.08 - 0.0941 * AV33 + 0.000464 * AV33^2 -> 3.0584 | AX33: =AX32+$AW$45 -> 3.0584
AH34: =AH33+1 -> 6 | AI34: 35 | AJ34: =AI34-AH34 -> 29 | AK34: =6.08 - 0.0941 * AJ34 + 0.000464 * AJ34^2 -> 3.741324 | AL34: =AL33+$AK$45 -> 3.73854 | AN34: =AN33+1 -> 6 | AO34: 40 | AP34: =AO34-AN34 -> 34 | AQ34: =6.08 - 0.0941 * AP34 + 0.000464 * AP34^2 -> 3.416984 | AR34: =AR33+$AQ$45 -> 3.4142 | AT34: =AT33+1 -> 6 | AU34: 45 | AV34: =AU34-AT34 -> 39 | AW34: =6.08 - 0.0941 * AV34 + 0.000464 * AV34^2 -> 3.115844 | AX34: =AX33+$AW$45 -> 3.11306
AH35: =AH34+1 -> 7 | AI35: 35 | AJ35: =AI35-AH35 -> 28 | AK35: =6.08 - 0.0941 * AJ35 + 0.000464 * AJ35^2 -> 3.808976 | AL35: =AL34+$AK$45 -> 3.80248 | AN35: =AN34+1 -> 7 | AO35: 40 | AP35: =AO35-AN35 -> 33 | AQ35: =6.08 - 0.0941 * AP35 + 0.000464 * AP35^2 -> 3.479996 | AR35: =AR34+$AQ$45 -> 3.4735 | AT35: =AT34+1 -> 7 | AU35: 45 | AV35: =AU35-AT35 -> 38 | AW35: =6.08 - 0.0941 * AV35 + 0.000464 * AV35^2 -> 3.174216 | AX35: =AX34+$AW$45 -> 3.16772
AH36: =AH35+1 -> 8 | AI36: 35 | AJ36: =AI36-AH36 -> 27 | AK36: =6.08 - 0.0941 * AJ36 + 0.000464 * AJ36^2 -> 3.877556 | AL36: =AL35+$AK$45 -> 3.86642 | AN36: =AN35+1 -> 8 | AO36: 40 | AP36: =AO36-AN36 -> 32 | AQ36: =6.08 - 0.0941 * AP36 + 0.000464 * AP36^2 -> 3.543936 | AR36: =AR35+$AQ$45 -> 3.5328 | AT36: =AT35+1 -> 8 | AU36: 45 | AV36: =AU36-AT36 -> 37 | AW36: =6.08 - 0.0941 * AV36 + 0.000464 * AV36^2 -> 3.233516 | AX36: =AX35+$AW$45 -> 3.22238
AH37: =AH36+1 -> 9 | AI37: 35 | AJ37: =AI37-AH37 -> 26 | AK37: =6.08 - 0.0941 * AJ37 + 0.000464 * AJ37^2 -> 3.947064 | AL37: =AL36+$AK$45 -> 3.93036 | AN37: =AN36+1 -> 9 | AO37: 40 | AP37: =AO37-AN37 -> 31 | AQ37: =6.08 - 0.0941 * AP37 + 0.000464 * AP37^2 -> 3.608804 | AR37: =AR36+$AQ$45 -> 3.5921 | AT37: =AT36+1 -> 9 | AU37: 45 | AV37: =AU37-AT37 -> 36 | AW37: =6.08 - 0.0941 * AV37 + 0.000464 * AV37^2 -> 3.293744 | AX37: =AX36+$AW$45 -> 3.27704
AH38: =AH37+1 -> 10 | AI38: 35 | AJ38: =AI38-AH38 -> 25 | AK38: =6.08 - 0.0941 * AJ38 + 0.000464 * AJ38^2 -> 4.0175 | AL38: =AL37+$AK$45 -> 3.9943 | AN38: =AN37+1 -> 10 | AO38: 40 | AP38: =AO38-AN38 -> 30 | AQ38: =6.08 - 0.0941 * AP38 + 0.000464 * AP38^2 -> 3.6746 | AR38: =AR37+$AQ$45 -> 3.6514 | AT38: =AT37+1 -> 10 | AU38: 45 | AV38: =AU38-AT38 -> 35 | AW38: =6.08 - 0.0941 * AV38 + 0.000464 * AV38^2 -> 3.3549 | AX38: =AX37+$AW$45 -> 3.3317
AH39: =AH38+1 -> 11 | AI39: 35 | AJ39: =AI39-AH39 -> 24 | AK39: =6.08 - 0.0941 * AJ39 + 0.000464 * AJ39^2 -> 4.088864 | AL39: =AL38+$AK$45 -> 4.05824 | AN39: =AN38+1 -> 11 | AO39: 40 | AP39: =AO39-AN39 -> 29 | AQ39: =6.08 - 0.0941 * AP39 + 0.000464 * AP39^2 -> 3.741324 | AR39: =AR38+$AQ$45 -> 3.7107 | AT39: =AT38+1 -> 11 | AU39: 45 | AV39: =AU39-AT39 -> 34 | AW39: =6.08 - 0.0941 * AV39 + 0.000464 * AV39^2 -> 3.416984 | AX39: =AX38+$AW$45 -> 3.38636
AH40: =AH39+1 -> 12 | AI40: 35 | AJ40: =AI40-AH40 -> 23 | AK40: =6.08 - 0.0941 * AJ40 + 0.000464 * AJ40^2 -> 4.161156 | AL40: =AL39+$AK$45 -> 4.12218 | AN40: =AN39+1 -> 12 | AO40: 40 | AP40: =AO40-AN40 -> 28 | AQ40: =6.08 - 0.0941 * AP40 + 0.000464 * AP40^2 -> 3.808976 | AR40: =AR39+$AQ$45 -> 3.77 | AT40: =AT39+1 -> 12 | AU40: 45 | AV40: =AU40-AT40 -> 33 | AW40: =6.08 - 0.0941 * AV40 + 0.000464 * AV40^2 -> 3.479996 | AX40: =AX39+$AW$45 -> 3.44102
AH41: =AH40+1 -> 13 | AI41: 35 | AJ41: =AI41-AH41 -> 22 | AK41: =6.08 - 0.0941 * AJ41 + 0.000464 * AJ41^2 -> 4.234376 | AL41: =AL40+$AK$45 -> 4.18612 | AN41: =AN40+1 -> 13 | AO41: 40 | AP41: =AO41-AN41 -> 27 | AQ41: =6.08 - 0.0941 * AP41 + 0.000464 * AP41^2 -> 3.877556 | AR41: =AR40+$AQ$45 -> 3.8293 | AT41: =AT40+1 -> 13 | AU41: 45 | AV41: =AU41-AT41 -> 32 | AW41: =6.08 - 0.0941 * AV41 + 0.000464 * AV41^2 -> 3.543936 | AX41: =AX40+$AW$45 -> 3.49568
AH42: =AH41+1 -> 14 | AI42: 35 | AJ42: =AI42-AH42 -> 21 | AK42: =6.08 - 0.0941 * AJ42 + 0.000464 * AJ42^2 -> 4.308524 | AL42: =AL41+$AK$45 -> 4.25006 | AN42: =AN41+1 -> 14 | AO42: 40 | AP42: =AO42-AN42 -> 26 | AQ42: =6.08 - 0.0941 * AP42 + 0.000464 * AP42^2 -> 3.947064 | AR42: =AR41+$AQ$45 -> 3.8886 | AT42: =AT41+1 -> 14 | AU42: 45 | AV42: =AU42-AT42 -> 31 | AW42: =6.08 - 0.0941 * AV42 + 0.000464 * AV42^2 -> 3.608804 | AX42: =AX41+$AW$45 -> 3.55034
AH43: =AH42+1 -> 15 | AI43: 35 | AJ43: =AI43-AH43 -> 20 | AK43: =6.08 - 0.0941 * AJ43 + 0.000464 * AJ43^2 -> 4.3836 | AL43: =AL42+$AK$45 -> 4.314 | AN43: =AN42+1 -> 15 | AO43: 40 | AP43: =AO43-AN43 -> 25 | AQ43: =6.08 - 0.0941 * AP43 + 0.000464 * AP43^2 -> 4.0175 | AR43: =AR42+$AQ$45 -> 3.9479 | AT43: =AT42+1 -> 15 | AU43: 45 | AV43: =AU43-AT43 -> 30 | AW43: =6.08 - 0.0941 * AV43 + 0.000464 * AV43^2 -> 3.6746 | AX43: =AX42+$AW$45 -> 3.605
AH45: Average COP per degree | AK45: =(AK43-AK18)/(AH43-AH18) -> 0.06394 | AN45: Average COP per degree | AQ45: =(AQ43-AQ18)/(AN43-AN18) -> 0.0593 | AT45: Average COP per degree | AW45: =(AW43-AW18)/(AT43-AT18) -> 0.05466
C46: initial_investment | D46: =AVERAGE(8619, 12561) -> 10590 | E46: € / # | F46: Average between min and max | G46: Main source: | H46: Update kengetallen Vesta Mais
C47: fixed_operation_and_maintenance_costs_per_year | D47: 50 | E47: € / year | F47: Directly from source
C48: storage.cost_per_mwh | D48: 0 | E48: € | F48: Storage costs are assumed to be included in the average investment costs per household in Vesta Mais. The only costs they give are 'costs per house' and storage costs are never specified individually.
C58: technical_lifetime | D58: 15 | E58: years | G58: Main source: | H58: Factsheet warmtepompen
