Workbook

Sheet cover sheet
B2: The K&O profile DATACENTER from Liander is used for industry_ict
B3: Source | C3: https://www.liander.nl/over-ons/open-data#verbruiksprofielen-gv-elektriciteit

Sheet industry_ict
A1: =validation!C2 -> 3.0636303e-08
A2: =validation!C3 -> 2.9767504e-08
A3: =validation!C4 -> 3.0309509e-08
A4: =validation!C5 -> 3.0270124e-08
A5: =validation!C6 -> 3.0137494e-08
A6: =validation!C7 -> 3.0401823e-08
A7: =validation!C8 -> 3.0856575e-08
A8: =validation!C9 -> 3.0940371e-08
A9: =validation!C10 -> 3.093744e-08
A10: =validation!C11 -> 3.0739927e-08
A11: =validation!C12 -> 3.0563719e-08
A12: =validation!C13 -> 3.097467e-08
... A8760: =validation!C8761 -> 2.9785243e-08

Sheet validation
A1: date_time | B1: value | C1: normalised
A2: 44927 | B2: 0.81503215 | C2: =B2/SUM($B$2:$B$8761)*(1/3600) -> 3.0636303e-08
A3: 44927.042 | B3: 0.79191909 | C3: =B3/SUM($B$2:$B$8761)*(1/3600) -> 2.9767504e-08
A4: 44927.083 | B4: 0.80633831 | C4: =B4/SUM($B$2:$B$8761)*(1/3600) -> 3.0309509e-08
A5: 44927.125 | B5: 0.80529052 | C5: =B5/SUM($B$2:$B$8761)*(1/3600) -> 3.0270124e-08
A6: 44927.167 | B6: 0.80176211 | C6: =B6/SUM($B$2:$B$8761)*(1/3600) -> 3.0137494e-08
A7: 44927.208 | B7: 0.80879417 | C7: =B7/SUM($B$2:$B$8761)*(1/3600) -> 3.0401823e-08
A8: 44927.25 | B8: 0.82089218 | C8: =B8/SUM($B$2:$B$8761)*(1/3600) -> 3.0856575e-08
A9: 44927.292 | B9: 0.82312142 | C9: =B9/SUM($B$2:$B$8761)*(1/3600) -> 3.0940371e-08
A10: 44927.333 | B10: 0.82304346 | C10: =B10/SUM($B$2:$B$8761)*(1/3600) -> 3.093744e-08
A11: 44927.375 | B11: 0.81778891 | C11: =B11/SUM($B$2:$B$8761)*(1/3600) -> 3.0739927e-08
A12: 44927.417 | B12: 0.81310118 | C12: =B12/SUM($B$2:$B$8761)*(1/3600) -> 3.0563719e-08
A13: 44927.458 | B13: 0.8240339 | C13: =B13/SUM($B$2:$B$8761)*(1/3600) -> 3.097467e-08
... A8761: 45291.958 | B8761: 0.79239102 | C8761: =B8761/SUM($B$2:$B$8761)*(1/3600) -> 2.9785243e-08

Sheet dump KO DATACENTER
A1: DATUM_TIJDSTIP | B1: WAARDE
A2: 44927 | B2: 0.82389037 | E2: Data resampled to hourly values with python script
A3: 44927.01 | B3: 0.8076912
A4: 44927.021 | B4: 0.80758208
A5: 44927.031 | B5: 0.82096497
A6: 44927.042 | B6: 0.7791224
A7: 44927.052 | B7: 0.79233893
A8: 44927.062 | B8: 0.79181905
A9: 44927.073 | B9: 0.80439599
A10: 44927.083 | B10: 0.80806968
A11: 44927.094 | B11: 0.7920584
A12: 44927.104 | B12: 0.80604556
A13: 44927.115 | B13: 0.81917961
A14: 44927.125 | B14: 0.8071206
... A35041: 45291.99 | B35041: 0.79682654
