Workbook
Name base_year: [1]Dashboard!$E$14
Name base_year: [2]Dashboard!$E$13
Name BKB_plants: '[2]CEB allocation factors step 1'!$D$55
Name BKB_plants_carriers: '[2]CEB allocation factors step 1'!$F$17:$AT$17
Name blast_furnaces: '[2]CEB allocation factors step 1'!$D$50
Name blast_furnaces_carriers: '[2]CEB allocation factors step 1'!$F$12:$AT$12
Name charcoal_production_plants: '[2]CEB allocation factors step 1'!$D$63
Name charcoal_production_plants_carriers: '[2]CEB allocation factors step 1'!$F$25:$AT$25
Name chemical_and_petrochemical: '[2]CEB allocation factors step 1'!$D$69
Name chemical_and_petrochemical_carriers: '[2]CEB allocation factors step 1'!$F$31:$BC$31
Name coal_liquefaction_plants: '[2]CEB allocation factors step 1'!$D$57
Name coal_liquefaction_plants_carriers: '[2]CEB allocation factors step 1'!$F$19:$AT$19
Name coal_mines: '[2]CEB allocation factors step 1'!$D$48
Name coal_mines_carriers: '[2]CEB allocation factors step 1'!$F$10:$AT$10
Name coke_ovens: '[2]CEB allocation factors step 1'!$D$53
Name coke_ovens_carriers: '[2]CEB allocation factors step 1'!$F$15:$AT$15
Name construction: '[2]CEB allocation factors step 1'!$D$78
Name construction_carriers: '[2]CEB allocation factors step 1'!$F$40:$BC$40
Name country: [1]Dashboard!$E$13
Name country: [2]Dashboard!$E$12
Name ei_subsector_allo: '[2]CEB allocation factors step 2'!#REF!
Name food: '[2]CEB allocation factors step 1'!$D$75
Name food_carriers: '[2]CEB allocation factors step 1'!$F$37:$BC$37
Name gas_to_liquids_plants: '[2]CEB allocation factors step 1'!$D$59
Name gas_to_liquids_plants_carriers: '[2]CEB allocation factors step 1'!$F$21:$AT$21
Name gas_works: '[2]CEB allocation factors step 1'!$D$51
Name gas_works_carriers: '[2]CEB allocation factors step 1'!$F$13:$AT$13
Name gasification_plants: '[2]CEB allocation factors step 1'!$D$52
Name gasification_plants_carriers: '[2]CEB allocation factors step 1'!$F$14:$AT$14
Name i_subsector_allo: '[2]CEB allocation factors step 2'!#REF!
Name iron_and_steel: '[2]CEB allocation factors step 1'!$D$68
Name iron_and_steel_carriers: '[2]CEB allocation factors step 1'!$F$30:$BC$30
Name kWh_MJ_conversion: [2]Assumptions!$C$173
Name LangChoice: '[3]Main Menu'!$L$3
Name Liquefaction_regasification_plants: '[2]CEB allocation factors step 1'!$D$58
Name Liquefaction_regasification_plants_carriers: '[2]CEB allocation factors step 1'!$F$20:$AT$20
Name machinery: '[2]CEB allocation factors step 1'!$D$73
Name machinery_carriers: '[2]CEB allocation factors step 1'!$F$35:$BC$35
Name mining: '[2]CEB allocation factors step 1'!$D$74
Name mining_carriers: '[2]CEB allocation factors step 1'!$F$36:$BC$36
Name net_gross_conv: '[2]AP net-gross conversion'!$D$12
Name non_ferrous_metals: '[2]CEB allocation factors step 1'!$D$70
Name non_ferrous_metals_carriers: '[2]CEB allocation factors step 1'!$F$32:$BC$32
Name non_metallic_minerals: '[2]CEB allocation factors step 1'!$D$71
Name non_metallic_minerals_carriers: '[2]CEB allocation factors step 1'!$F$33:$BC$33
Name non_specified: '[2]CEB allocation factors step 1'!$D$64
Name non_specified_energy_carriers: '[2]CEB allocation factors step 1'!$F$26:$AT$26
Name non_specified_industry: '[2]CEB allocation factors step 1'!$D$80
Name non_specified_industry_carriers: '[2]CEB allocation factors step 1'!$F$42:$BC$42
Name oil_and_gas_extraction: '[2]CEB allocation factors step 1'!$D$49
Name oil_and_gas_extraction_carriers: '[2]CEB allocation factors step 1'!$F$11:$AT$11
Name oil_refineries: '[2]CEB allocation factors step 1'!$D$56
Name oil_refineries_carriers: '[2]CEB allocation factors step 1'!$F$18:$AT$18
Name paper: '[2]CEB allocation factors step 1'!$D$76
Name paper_carriers: '[2]CEB allocation factors step 1'!$F$38:$BC$38
Name patent_fuel_plants: '[2]CEB allocation factors step 1'!$D$54
Name patent_fuel_plants_carriers: '[2]CEB allocation factors step 1'!$F$16:$AT$16
Name switch_decc: '[2]Fuel allocation'!$C$130
Name switch_iea: '[2]Fuel allocation'!$C$89
Name switch_protermo: '[2]Fuel allocation'!$C$48

Sheet Cover Sheet
B2: Cover Sheet
B4: Document | C4: AP Eurostat to IEA format mapping
B5: Version # | C5: 2
B6: Country | C6: nl
B7: Year data | C7: 2023
B8: Date | C8: May 21, 2025
B9: Author | C9: Mathijs Bijkerk
B10: Organization | C10: Quintel
B12: Legend
B14: Cells | C14: Intermediate (calculation)
C15: Result
C16: Manual input
C17: Reference to manual input or data input
B19: Sheets | C19: Introductory
C20: Dashboard
C21: Research data
C22: Results
C23: Main calculations
C24: Additional calculations
C25: Output to csv
B28: Comments
B29: This file converts the autoproducer table from Eurostat to the IEA autoproducer table format, which can then be imported to use for the ETM country dataset analyses.

Sheet Contents
B3: Unit conversion | C3: Value
B4: GJ per toe | C4: =41.868 -> 41.868
B5: TJ per ktoe | C5: =C4 -> 41.868
B6: TJ per GWh | C6: 3.6
B8: Energy balance sheets | C8: Explanation
B9: EUROSTAT AP Electricity GWh | C9: The autoproducers table for electricity in GWh is loaded directly from Eurostat
B10: EUROSTAT AP Heat TJ | C10: The autoproducers table for heat in TJ is loaded directly from Eurostat
B11: EUROSTAT AP plants and products | C11: The EUROSTAT AP Electricity GWh and EUROSTAT AP Heat TJ are combined with and mapped to IEA plant names
B12: EUROSTAT AP flows | C12: The EUROSTAT AP plants and products are mapped to IEA flow names
B13: autoproducer_table | C13: The EUROSTAT AP format IEA is ready as input for the analyses in the analysis manager

Sheet EUROSTAT AP Electricity GWh
A1: Data extracted on 20/05/2025 17:24:17 from [ESTAT]
A2: Dataset: | B2: Production of electricity and heat by autoproducers, by type of plant [nrg_ind_pehap__custom_16789878]
A3: Last updated: | B3: 24/04/2025 23:00
A5: Time frequency | C5: Annual
A6: Operator/Trader | C6: Autoproducers
A7: Standard international energy product classification (SIEC) | C7: Electricity
A8: Unit of measure | C8: Gigawatt-hour
A9: Geopolitical entity (reporting) | C9: Netherlands
A10: Time | C10: 2023
A12: PLANTS (Labels) | B12: Total | D12: Electricity | F12: Combined heat and power (CHP) | H12: Heat
A13: NRG_BAL (Labels)
A14: Production | B14: 38870.871 | D14: 18341.166 | F14: 20529.705 | H14: :
A15: Energy sector - energy use | B15: 1772.859 | D15: 106.121 | F15: 1666.738 | H15: :
A16: Energy sector - coal mines - energy use | B16: 0 | D16: 0 | F16: 0 | H16: :
A17: Energy sector - oil and natural gas extraction plants - energy use | B17: 0 | D17: 0 | F17: 0 | H17: :
A18: Energy sector - patent fuel plants - energy use | B18: 0 | D18: 0 | F18: 0 | H18: :
A19: Energy sector - coke ovens - energy use | B19: 0 | D19: 0 | F19: 0 | H19: :
A20: Energy sector - brown coal briquettes and peat briquettes plants - energy use | B20: 0 | D20: 0 | F20: 0 | H20: :
A21: Energy sector - gas works - energy use | B21: 0 | D21: 0 | F21: 0 | H21: :
A22: Energy sector - blast furnaces - energy use | B22: 106.109 | D22: 106.109 | F22: 0 | H22: :
A23: Energy sector - petroleum refineries (oil refineries) - energy use | B23: 1666.75 | D23: 0.012 | F23: 1666.738 | H23: :
A24: Energy sector - coal liquefaction plants - energy use | B24: 0 | D24: 0 | F24: 0 | H24: :
A25: Energy sector - liquefaction and regasification plants (LNG) - energy use | B25: 0 | D25: 0 | F25: 0 | H25: :
... A55: Final consumption - other sectors - not elsewhere specified - energy use | B55: 0.136 | D55: 0 | F55: 0.136 | H55: :
A57: Special value
A58: : | B58: not available

Sheet EUROSTAT AP Heat TJ
A1: Data extracted on 20/05/2025 17:24:57 from [ESTAT]
A2: Dataset: | B2: Production of electricity and heat by autoproducers, by type of plant [nrg_ind_pehap__custom_16789878]
A3: Last updated: | B3: 24/04/2025 23:00
A5: Time frequency | C5: Annual
A6: Operator/Trader | C6: Autoproducers
A7: Standard international energy product classification (SIEC) | C7: Heat
A8: Unit of measure | C8: Terajoule
A9: Geopolitical entity (reporting) | C9: Netherlands
A10: Time | C10: 2023
A12: PLANTS (Labels) | B12: Total | D12: Electricity | F12: Combined heat and power (CHP) | H12: Heat
A13: NRG_BAL (Labels)
A14: Production | B14: 44296.632 | D14: : | F14: 33365.03 | H14: 10931.602
A15: Energy sector - energy use | B15: 6575.324 | D15: : | F15: 6575.324 | H15: 0
A16: Energy sector - coal mines - energy use | B16: 0 | D16: : | F16: 0 | H16: 0
A17: Energy sector - oil and natural gas extraction plants - energy use | B17: 0 | D17: : | F17: 0 | H17: 0
A18: Energy sector - patent fuel plants - energy use | B18: 0 | D18: : | F18: 0 | H18: 0
A19: Energy sector - coke ovens - energy use | B19: 0 | D19: : | F19: 0 | H19: 0
A20: Energy sector - brown coal briquettes and peat briquettes plants - energy use | B20: 0 | D20: : | F20: 0 | H20: 0
A21: Energy sector - gas works - energy use | B21: 0 | D21: : | F21: 0 | H21: 0
A22: Energy sector - blast furnaces - energy use | B22: 0 | D22: : | F22: 0 | H22: 0
A23: Energy sector - petroleum refineries (oil refineries) - energy use | B23: 6575.324 | D23: : | F23: 6575.324 | H23: 0
A24: Energy sector - coal liquefaction plants - energy use | B24: 0 | D24: : | F24: 0 | H24: 0
A25: Energy sector - liquefaction and regasification plants (LNG) - energy use | B25: 0 | D25: : | F25: 0 | H25: 0
... A55: Final consumption - other sectors - not elsewhere specified - energy use | B55: 0 | D55: : | F55: 0 | H55: 0
A57: Special value
A58: : | B58: not available

Sheet EUROSTAT AP plants and products
C1: NRG_BAL (Labels) | D1: Production | E1: Energy sector - energy use | F1: Energy sector - coal mines - energy use | G1: Energy sector - oil and natural gas extraction plants - energy use | H1: Energy sector - patent fuel plants - energy use | I1: Energy sector - coke ovens - energy use | J1: Energy sector - brown coal briquettes and peat briquettes plants - energy use | K1: Energy sector - gas works - energy use | L1: Energy sector - blast furnaces - energy use | M1: Energy sector - petroleum refineries (oil refineries) - energy use | N1: Energy sector - coal liquefaction plants - energy use | O1: Energy sector - liquefaction and regasification plants (LNG) - energy use | P1: Energy sector - gasification plants for biogas - energy use | Q1: Energy sector - gas-to-liquids plants - energy use | R1: Energy sector - charcoal production plants - energy use | S1: Energy sector - not elsewhere specified - energy use | T1: Final consumption - industry sector - energy use | U1: Final consumption - industry sector - iron and steel - energy use | V1: Final consumption - industry sector - chemical and petrochemical - energy use | W1: Final consumption - industry sector - non-ferrous metals - energy use | X1: Final consumption - industry sector - non-metallic minerals - energy use | Y1: Final consumption - industry sector - transport equipment - energy use | Z1: Final consumption - industry sector - machinery - energy use | AA1: Final consumption - industry sector - mining and quarrying - energy use | AB1: Final consumption - industry sector - food, beverages and tobacco - energy use | AC1: Final consumption - industry sector - paper, pulp and printing - energy use | AD1: Final consumption - industry sector - wood and wood products - energy use | AE1: Final consumption - industry sector - construction - energy use | AF1: Final consumption - industry sector - textile and leather - energy use | AG1: Final consumption - industry sector - not elsewhere specified - energy use | AH1: Final consumption - transport sector - energy use | AI1: Final consumption - transport sector - rail - energy use | AJ1: Final consumption - transport sector - pipeline transport - energy use | AK1: Final consumption - transport sector - not elsewhere specified - energy use | AL1: Final consumption - other sectors - energy use | AM1: Final consumption - other sectors - commercial and public services - energy use | AN1: Final consumption - other sectors - households - energy use | AO1: Final consumption - other sectors - agriculture and forestry - energy use | AP1: Final consumption - other sectors - agriculture - energy use | AQ1: Final consumption - other sectors - forestry - energy use | AR1: Final consumption - other sectors - fishing - energy use | AS1: Final consumption - other sectors - not elsewhere specified - energy use
A2: PRODUCT | B2: PLANT | C2: PLANTS (Labels)
A3: Electricity (GWh) | B3: Autoproducer electricity plants | C3: Electricity | D3: =INDEX('EUROSTAT AP Electricity GWh'!$A$12:$I$55,MATCH(D$1,'EUROSTAT AP Electricity GWh'!$A$12:$A$55,0),MATCH($C3,'EUROSTAT AP Electricity GWh'!$A$12:$I$12,0)) -> 18341.166 | E3: =INDEX('EUROSTAT AP Electricity GWh'!$A$12:$I$55,MATCH(E$1,'EUROSTAT AP Electricity GWh'!$A$12:$A$55,0),MATCH($C3,'EUROSTAT AP Electricity GWh'!$A$12:$I$12,0)) -> 106.121 | F3: =INDEX('EUROSTAT AP Electricity GWh'!$A$12:$I$55,MATCH(F$1,'EUROSTAT AP Electricity GWh'!$A$12:$A$55,0),MATCH($C3,'EUROSTAT AP Electricity GWh'!$A$12:$I$12,0)) -> 0 | G3: =INDEX('EUROSTAT AP Electricity GWh'!$A$12:$I$55,MATCH(G$1,'EUROSTAT AP Electricity GWh'!$A$12:$A$55,0),MATCH($C3,'EUROSTAT AP Electricity GWh'!$A$12:$I$12,0)) -> 0 | H3: =INDEX('EUROSTAT AP Electricity GWh'!$A$12:$I$55,MATCH(H$1,'EUROSTAT AP Electricity GWh'!$A$12:$A$55,0),MATCH($C3,'EUROSTAT AP Electricity GWh'!$A$12:$I$12,0)) -> 0 | I3: =INDEX('EUROSTAT AP Electricity GWh'!$A$12:$I$55,MATCH(I$1,'EUROSTAT AP Electricity GWh'!$A$12:$A$55,0),MATCH($C3,'EUROSTAT AP Electricity GWh'!$A$12:$I$12,0)) -> 0 | J3: =INDEX('EUROSTAT AP Electricity GWh'!$A$12:$I$55,MATCH(J$1,'EUROSTAT AP Electricity GWh'!$A$12:$A$55,0),MATCH($C3,'EUROSTAT AP Electricity GWh'!$A$12:$I$12,0)) -> 0 | K3: =INDEX('EUROSTAT AP Electricity GWh'!$A$12:$I$55,MATCH(K$1,'EUROSTAT AP Electricity GWh'!$A$12:$A$55,0),MATCH($C3,'EUROSTAT AP Electricity GWh'!$A$12:$I$12,0)) -> 0 | ... AS3: =INDEX('EUROSTAT AP Electricity GWh'!$A$12:$I$55,MATCH(AS$1,'EUROSTAT AP Electricity GWh'!$A$12:$A$55,0),MATCH($C3,'EUROSTAT AP Electricity GWh'!$A$12:$I$12,0)) -> 0
B4: Autoproducer CHP plants | C4: Combined heat and power (CHP) | D4: =INDEX('EUROSTAT AP Electricity GWh'!$A$12:$I$55,MATCH(D$1,'EUROSTAT AP Electricity GWh'!$A$12:$A$55,0),MATCH($C4,'EUROSTAT AP Electricity GWh'!$A$12:$I$12,0)) -> 20529.705 | E4: =INDEX('EUROSTAT AP Electricity GWh'!$A$12:$I$55,MATCH(E$1,'EUROSTAT AP Electricity GWh'!$A$12:$A$55,0),MATCH($C4,'EUROSTAT AP Electricity GWh'!$A$12:$I$12,0)) -> 1666.738 | F4: =INDEX('EUROSTAT AP Electricity GWh'!$A$12:$I$55,MATCH(F$1,'EUROSTAT AP Electricity GWh'!$A$12:$A$55,0),MATCH($C4,'EUROSTAT AP Electricity GWh'!$A$12:$I$12,0)) -> 0 | G4: =INDEX('EUROSTAT AP Electricity GWh'!$A$12:$I$55,MATCH(G$1,'EUROSTAT AP Electricity GWh'!$A$12:$A$55,0),MATCH($C4,'EUROSTAT AP Electricity GWh'!$A$12:$I$12,0)) -> 0 | H4: =INDEX('EUROSTAT AP Electricity GWh'!$A$12:$I$55,MATCH(H$1,'EUROSTAT AP Electricity GWh'!$A$12:$A$55,0),MATCH($C4,'EUROSTAT AP Electricity GWh'!$A$12:$I$12,0)) -> 0 | I4: =INDEX('EUROSTAT AP Electricity GWh'!$A$12:$I$55,MATCH(I$1,'EUROSTAT AP Electricity GWh'!$A$12:$A$55,0),MATCH($C4,'EUROSTAT AP Electricity GWh'!$A$12:$I$12,0)) -> 0 | J4: =INDEX('EUROSTAT AP Electricity GWh'!$A$12:$I$55,MATCH(J$1,'EUROSTAT AP Electricity GWh'!$A$12:$A$55,0),MATCH($C4,'EUROSTAT AP Electricity GWh'!$A$12:$I$12,0)) -> 0 | K4: =INDEX('EUROSTAT AP Electricity GWh'!$A$12:$I$55,MATCH(K$1,'EUROSTAT AP Electricity GWh'!$A$12:$A$55,0),MATCH($C4,'EUROSTAT AP Electricity GWh'!$A$12:$I$12,0)) -> 0 | ... AS4: =INDEX('EUROSTAT AP Electricity GWh'!$A$12:$I$55,MATCH(AS$1,'EUROSTAT AP Electricity GWh'!$A$12:$A$55,0),MATCH($C4,'EUROSTAT AP Electricity GWh'!$A$12:$I$12,0)) -> 0.136
B5: Autoproducer heat plants | C5: Heat | D5: =INDEX('EUROSTAT AP Electricity GWh'!$A$12:$I$55,MATCH(D$1,'EUROSTAT AP Electricity GWh'!$A$12:$A$55,0),MATCH($C5,'EUROSTAT AP Electricity GWh'!$A$12:$I$12,0)) -> : | E5: =INDEX('EUROSTAT AP Electricity GWh'!$A$12:$I$55,MATCH(E$1,'EUROSTAT AP Electricity GWh'!$A$12:$A$55,0),MATCH($C5,'EUROSTAT AP Electricity GWh'!$A$12:$I$12,0)) -> : | F5: =INDEX('EUROSTAT AP Electricity GWh'!$A$12:$I$55,MATCH(F$1,'EUROSTAT AP Electricity GWh'!$A$12:$A$55,0),MATCH($C5,'EUROSTAT AP Electricity GWh'!$A$12:$I$12,0)) -> : | G5: =INDEX('EUROSTAT AP Electricity GWh'!$A$12:$I$55,MATCH(G$1,'EUROSTAT AP Electricity GWh'!$A$12:$A$55,0),MATCH($C5,'EUROSTAT AP Electricity GWh'!$A$12:$I$12,0)) -> : | H5: =INDEX('EUROSTAT AP Electricity GWh'!$A$12:$I$55,MATCH(H$1,'EUROSTAT AP Electricity GWh'!$A$12:$A$55,0),MATCH($C5,'EUROSTAT AP Electricity GWh'!$A$12:$I$12,0)) -> : | I5: =INDEX('EUROSTAT AP Electricity GWh'!$A$12:$I$55,MATCH(I$1,'EUROSTAT AP Electricity GWh'!$A$12:$A$55,0),MATCH($C5,'EUROSTAT AP Electricity GWh'!$A$12:$I$12,0)) -> : | J5: =INDEX('EUROSTAT AP Electricity GWh'!$A$12:$I$55,MATCH(J$1,'EUROSTAT AP Electricity GWh'!$A$12:$A$55,0),MATCH($C5,'EUROSTAT AP Electricity GWh'!$A$12:$I$12,0)) -> : | K5: =INDEX('EUROSTAT AP Electricity GWh'!$A$12:$I$55,MATCH(K$1,'EUROSTAT AP Electricity GWh'!$A$12:$A$55,0),MATCH($C5,'EUROSTAT AP Electricity GWh'!$A$12:$I$12,0)) -> : | ... AS5: =INDEX('EUROSTAT AP Electricity GWh'!$A$12:$I$55,MATCH(AS$1,'EUROSTAT AP Electricity GWh'!$A$12:$A$55,0),MATCH($C5,'EUROSTAT AP Electricity GWh'!$A$12:$I$12,0)) -> :
B6: Total autoproducer plants | C6: Total | D6: =INDEX('EUROSTAT AP Electricity GWh'!$A$12:$I$55,MATCH(D$1,'EUROSTAT AP Electricity GWh'!$A$12:$A$55,0),MATCH($C6,'EUROSTAT AP Electricity GWh'!$A$12:$I$12,0)) -> 38870.871 | E6: =INDEX('EUROSTAT AP Electricity GWh'!$A$12:$I$55,MATCH(E$1,'EUROSTAT AP Electricity GWh'!$A$12:$A$55,0),MATCH($C6,'EUROSTAT AP Electricity GWh'!$A$12:$I$12,0)) -> 1772.859 | F6: =INDEX('EUROSTAT AP Electricity GWh'!$A$12:$I$55,MATCH(F$1,'EUROSTAT AP Electricity GWh'!$A$12:$A$55,0),MATCH($C6,'EUROSTAT AP Electricity GWh'!$A$12:$I$12,0)) -> 0 | G6: =INDEX('EUROSTAT AP Electricity GWh'!$A$12:$I$55,MATCH(G$1,'EUROSTAT AP Electricity GWh'!$A$12:$A$55,0),MATCH($C6,'EUROSTAT AP Electricity GWh'!$A$12:$I$12,0)) -> 0 | H6: =INDEX('EUROSTAT AP Electricity GWh'!$A$12:$I$55,MATCH(H$1,'EUROSTAT AP Electricity GWh'!$A$12:$A$55,0),MATCH($C6,'EUROSTAT AP Electricity GWh'!$A$12:$I$12,0)) -> 0 | I6: =INDEX('EUROSTAT AP Electricity GWh'!$A$12:$I$55,MATCH(I$1,'EUROSTAT AP Electricity GWh'!$A$12:$A$55,0),MATCH($C6,'EUROSTAT AP Electricity GWh'!$A$12:$I$12,0)) -> 0 | J6: =INDEX('EUROSTAT AP Electricity GWh'!$A$12:$I$55,MATCH(J$1,'EUROSTAT AP Electricity GWh'!$A$12:$A$55,0),MATCH($C6,'EUROSTAT AP Electricity GWh'!$A$12:$I$12,0)) -> 0 | K6: =INDEX('EUROSTAT AP Electricity GWh'!$A$12:$I$55,MATCH(K$1,'EUROSTAT AP Electricity GWh'!$A$12:$A$55,0),MATCH($C6,'EUROSTAT AP Electricity GWh'!$A$12:$I$12,0)) -> 0 | ... AS6: =INDEX('EUROSTAT AP Electricity GWh'!$A$12:$I$55,MATCH(AS$1,'EUROSTAT AP Electricity GWh'!$A$12:$A$55,0),MATCH($C6,'EUROSTAT AP Electricity GWh'!$A$12:$I$12,0)) -> 0.136
A7: Heat (TJ) | B7: Autoproducer electricity plants | C7: Electricity | D7: =INDEX('EUROSTAT AP Heat TJ'!$A$12:$I$55,MATCH(D$1,'EUROSTAT AP Heat TJ'!$A$12:$A$55,0),MATCH($C3,'EUROSTAT AP Heat TJ'!$A$12:$I$12,0)) -> : | E7: =INDEX('EUROSTAT AP Heat TJ'!$A$12:$I$55,MATCH(E$1,'EUROSTAT AP Heat TJ'!$A$12:$A$55,0),MATCH($C3,'EUROSTAT AP Heat TJ'!$A$12:$I$12,0)) -> : | F7: =INDEX('EUROSTAT AP Heat TJ'!$A$12:$I$55,MATCH(F$1,'EUROSTAT AP Heat TJ'!$A$12:$A$55,0),MATCH($C3,'EUROSTAT AP Heat TJ'!$A$12:$I$12,0)) -> : | G7: =INDEX('EUROSTAT AP Heat TJ'!$A$12:$I$55,MATCH(G$1,'EUROSTAT AP Heat TJ'!$A$12:$A$55,0),MATCH($C3,'EUROSTAT AP Heat TJ'!$A$12:$I$12,0)) -> : | H7: =INDEX('EUROSTAT AP Heat TJ'!$A$12:$I$55,MATCH(H$1,'EUROSTAT AP Heat TJ'!$A$12:$A$55,0),MATCH($C3,'EUROSTAT AP Heat TJ'!$A$12:$I$12,0)) -> : | I7: =INDEX('EUROSTAT AP Heat TJ'!$A$12:$I$55,MATCH(I$1,'EUROSTAT AP Heat TJ'!$A$12:$A$55,0),MATCH($C3,'EUROSTAT AP Heat TJ'!$A$12:$I$12,0)) -> : | J7: =INDEX('EUROSTAT AP Heat TJ'!$A$12:$I$55,MATCH(J$1,'EUROSTAT AP Heat TJ'!$A$12:$A$55,0),MATCH($C3,'EUROSTAT AP Heat TJ'!$A$12:$I$12,0)) -> : | K7: =INDEX('EUROSTAT AP Heat TJ'!$A$12:$I$55,MATCH(K$1,'EUROSTAT AP Heat TJ'!$A$12:$A$55,0),MATCH($C3,'EUROSTAT AP Heat TJ'!$A$12:$I$12,0)) -> : | ... AS7: =INDEX('EUROSTAT AP Heat TJ'!$A$12:$I$55,MATCH(AS$1,'EUROSTAT AP Heat TJ'!$A$12:$A$55,0),MATCH($C3,'EUROSTAT AP Heat TJ'!$A$12:$I$12,0)) -> :
B8: Autoproducer CHP plants | C8: Combined heat and power (CHP) | D8: =INDEX('EUROSTAT AP Heat TJ'!$A$12:$I$55,MATCH(D$1,'EUROSTAT AP Heat TJ'!$A$12:$A$55,0),MATCH($C4,'EUROSTAT AP Heat TJ'!$A$12:$I$12,0)) -> 33365.03 | E8: =INDEX('EUROSTAT AP Heat TJ'!$A$12:$I$55,MATCH(E$1,'EUROSTAT AP Heat TJ'!$A$12:$A$55,0),MATCH($C4,'EUROSTAT AP Heat TJ'!$A$12:$I$12,0)) -> 6575.324 | F8: =INDEX('EUROSTAT AP Heat TJ'!$A$12:$I$55,MATCH(F$1,'EUROSTAT AP Heat TJ'!$A$12:$A$55,0),MATCH($C4,'EUROSTAT AP Heat TJ'!$A$12:$I$12,0)) -> 0 | G8: =INDEX('EUROSTAT AP Heat TJ'!$A$12:$I$55,MATCH(G$1,'EUROSTAT AP Heat TJ'!$A$12:$A$55,0),MATCH($C4,'EUROSTAT AP Heat TJ'!$A$12:$I$12,0)) -> 0 | H8: =INDEX('EUROSTAT AP Heat TJ'!$A$12:$I$55,MATCH(H$1,'EUROSTAT AP Heat TJ'!$A$12:$A$55,0),MATCH($C4,'EUROSTAT AP Heat TJ'!$A$12:$I$12,0)) -> 0 | I8: =INDEX('EUROSTAT AP Heat TJ'!$A$12:$I$55,MATCH(I$1,'EUROSTAT AP Heat TJ'!$A$12:$A$55,0),MATCH($C4,'EUROSTAT AP Heat TJ'!$A$12:$I$12,0)) -> 0 | J8: =INDEX('EUROSTAT AP Heat TJ'!$A$12:$I$55,MATCH(J$1,'EUROSTAT AP Heat TJ'!$A$12:$A$55,0),MATCH($C4,'EUROSTAT AP Heat TJ'!$A$12:$I$12,0)) -> 0 | K8: =INDEX('EUROSTAT AP Heat TJ'!$A$12:$I$55,MATCH(K$1,'EUROSTAT AP Heat TJ'!$A$12:$A$55,0),MATCH($C4,'EUROSTAT AP Heat TJ'!$A$12:$I$12,0)) -> 0 | ... AS8: =INDEX('EUROSTAT AP Heat TJ'!$A$12:$I$55,MATCH(AS$1,'EUROSTAT AP Heat TJ'!$A$12:$A$55,0),MATCH($C4,'EUROSTAT AP Heat TJ'!$A$12:$I$12,0)) -> 0
B9: Autoproducer heat plants | C9: Heat | D9: =INDEX('EUROSTAT AP Heat TJ'!$A$12:$I$55,MATCH(D$1,'EUROSTAT AP Heat TJ'!$A$12:$A$55,0),MATCH($C5,'EUROSTAT AP Heat TJ'!$A$12:$I$12,0)) -> 10931.602 | E9: =INDEX('EUROSTAT AP Heat TJ'!$A$12:$I$55,MATCH(E$1,'EUROSTAT AP Heat TJ'!$A$12:$A$55,0),MATCH($C5,'EUROSTAT AP Heat TJ'!$A$12:$I$12,0)) -> 0 | F9: =INDEX('EUROSTAT AP Heat TJ'!$A$12:$I$55,MATCH(F$1,'EUROSTAT AP Heat TJ'!$A$12:$A$55,0),MATCH($C5,'EUROSTAT AP Heat TJ'!$A$12:$I$12,0)) -> 0 | G9: =INDEX('EUROSTAT AP Heat TJ'!$A$12:$I$55,MATCH(G$1,'EUROSTAT AP Heat TJ'!$A$12:$A$55,0),MATCH($C5,'EUROSTAT AP Heat TJ'!$A$12:$I$12,0)) -> 0 | H9: =INDEX('EUROSTAT AP Heat TJ'!$A$12:$I$55,MATCH(H$1,'EUROSTAT AP Heat TJ'!$A$12:$A$55,0),MATCH($C5,'EUROSTAT AP Heat TJ'!$A$12:$I$12,0)) -> 0 | I9: =INDEX('EUROSTAT AP Heat TJ'!$A$12:$I$55,MATCH(I$1,'EUROSTAT AP Heat TJ'!$A$12:$A$55,0),MATCH($C5,'EUROSTAT AP Heat TJ'!$A$12:$I$12,0)) -> 0 | J9: =INDEX('EUROSTAT AP Heat TJ'!$A$12:$I$55,MATCH(J$1,'EUROSTAT AP Heat TJ'!$A$12:$A$55,0),MATCH($C5,'EUROSTAT AP Heat TJ'!$A$12:$I$12,0)) -> 0 | K9: =INDEX('EUROSTAT AP Heat TJ'!$A$12:$I$55,MATCH(K$1,'EUROSTAT AP Heat TJ'!$A$12:$A$55,0),MATCH($C5,'EUROSTAT AP Heat TJ'!$A$12:$I$12,0)) -> 0 | ... AS9: =INDEX('EUROSTAT AP Heat TJ'!$A$12:$I$55,MATCH(AS$1,'EUROSTAT AP Heat TJ'!$A$12:$A$55,0),MATCH($C5,'EUROSTAT AP Heat TJ'!$A$12:$I$12,0)) -> 0
B10: Total autoproducer plants | C10: Total | D10: =INDEX('EUROSTAT AP Heat TJ'!$A$12:$I$55,MATCH(D$1,'EUROSTAT AP Heat TJ'!$A$12:$A$55,0),MATCH($C6,'EUROSTAT AP Heat TJ'!$A$12:$I$12,0)) -> 44296.632 | E10: =INDEX('EUROSTAT AP Heat TJ'!$A$12:$I$55,MATCH(E$1,'EUROSTAT AP Heat TJ'!$A$12:$A$55,0),MATCH($C6,'EUROSTAT AP Heat TJ'!$A$12:$I$12,0)) -> 6575.324 | F10: =INDEX('EUROSTAT AP Heat TJ'!$A$12:$I$55,MATCH(F$1,'EUROSTAT AP Heat TJ'!$A$12:$A$55,0),MATCH($C6,'EUROSTAT AP Heat TJ'!$A$12:$I$12,0)) -> 0 | G10: =INDEX('EUROSTAT AP Heat TJ'!$A$12:$I$55,MATCH(G$1,'EUROSTAT AP Heat TJ'!$A$12:$A$55,0),MATCH($C6,'EUROSTAT AP Heat TJ'!$A$12:$I$12,0)) -> 0 | H10: =INDEX('EUROSTAT AP Heat TJ'!$A$12:$I$55,MATCH(H$1,'EUROSTAT AP Heat TJ'!$A$12:$A$55,0),MATCH($C6,'EUROSTAT AP Heat TJ'!$A$12:$I$12,0)) -> 0 | I10: =INDEX('EUROSTAT AP Heat TJ'!$A$12:$I$55,MATCH(I$1,'EUROSTAT AP Heat TJ'!$A$12:$A$55,0),MATCH($C6,'EUROSTAT AP Heat TJ'!$A$12:$I$12,0)) -> 0 | J10: =INDEX('EUROSTAT AP Heat TJ'!$A$12:$I$55,MATCH(J$1,'EUROSTAT AP Heat TJ'!$A$12:$A$55,0),MATCH($C6,'EUROSTAT AP Heat TJ'!$A$12:$I$12,0)) -> 0 | K10: =INDEX('EUROSTAT AP Heat TJ'!$A$12:$I$55,MATCH(K$1,'EUROSTAT AP Heat TJ'!$A$12:$A$55,0),MATCH($C6,'EUROSTAT AP Heat TJ'!$A$12:$I$12,0)) -> 0 | ... AS10: =INDEX('EUROSTAT AP Heat TJ'!$A$12:$I$55,MATCH(AS$1,'EUROSTAT AP Heat TJ'!$A$12:$A$55,0),MATCH($C6,'EUROSTAT AP Heat TJ'!$A$12:$I$12,0)) -> 0

Sheet EUROSTAT AP flows
C1: Production | D1: Energy sector - energy use | E1: Energy sector - coal mines - energy use | F1: Energy sector - oil and natural gas extraction plants - energy use | G1: Energy sector - patent fuel plants - energy use | H1: Energy sector - coke ovens - energy use | I1: Energy sector - brown coal briquettes and peat briquettes plants - energy use | J1: Energy sector - gas works - energy use | K1: Energy sector - blast furnaces - energy use | L1: Energy sector - petroleum refineries (oil refineries) - energy use | M1: Energy sector - coal liquefaction plants - energy use | N1: Energy sector - liquefaction and regasification plants (LNG) - energy use | O1: Energy sector - gasification plants for biogas - energy use | P1: Energy sector - gas-to-liquids plants - energy use | Q1: Energy sector - charcoal production plants - energy use | R1: Energy sector - not elsewhere specified - energy use | S1: Final consumption - industry sector - energy use | T1: Final consumption - industry sector - iron and steel - energy use | U1: Final consumption - industry sector - chemical and petrochemical - energy use | V1: Final consumption - industry sector - non-ferrous metals - energy use | W1: Final consumption - industry sector - non-metallic minerals - energy use | X1: Final consumption - industry sector - transport equipment - energy use | Y1: Final consumption - industry sector - machinery - energy use | Z1: Final consumption - industry sector - mining and quarrying - energy use | AA1: Final consumption - industry sector - food, beverages and tobacco - energy use | AB1: Final consumption - industry sector - paper, pulp and printing - energy use | AC1: Final consumption - industry sector - wood and wood products - energy use | AD1: Final consumption - industry sector - construction - energy use | AE1: Final consumption - industry sector - textile and leather - energy use | AF1: Final consumption - industry sector - not elsewhere specified - energy use | AG1: Final consumption - transport sector - energy use | AH1: Final consumption - transport sector - rail - energy use | AI1: Final consumption - transport sector - pipeline transport - energy use | AJ1: Final consumption - transport sector - not elsewhere specified - energy use | AK1: Final consumption - other sectors - energy use | AL1: Final consumption - other sectors - commercial and public services - energy use | AM1: Final consumption - other sectors - households - energy use | AN1: Final consumption - other sectors - agriculture and forestry - energy use | AO1: Final consumption - other sectors - fishing - energy use | AP1: Final consumption - other sectors - not elsewhere specified - energy use
C2: Total net production | D2: Total energy industry | E2: Coal mines | F2: Oil and gas extraction | G2: Patent fuel plants | H2: Coke ovens | I2: BKB plants | J2: Gas works | K2: Blast furnaces | L2: Oil refineries | M2: Coal liquefaction plants | N2: Liquefaction (LNG) / regasification plants | O2: Gasification plants for biogases | P2: Gas-to-liquids (GTL) plants | Q2: Charcoal production plants | R2: Not elsewhere specified - energy | S2: Total industry | T2: Iron and steel | U2: Chemical and petrochemical | V2: Non-ferrous metals | W2: Non-metallic minerals | X2: Transport equipment | Y2: Machinery | Z2: Mining and quarrying | AA2: Food and tobacco | AB2: Paper, pulp, and printing | AC2: Wood and wood products | AD2: Construction | AE2: Textile and leather | AF2: Not elsewhere specified - industry | AG2: Total transport | AH2: Rail | AI2: Pipeline transport | AJ2: Not elsewhere specified - transport | AK2: Other | AL2: Commercial and public service | AM2: Residential | AN2: Agriculture | AO2: Fishing | AP2: Not elsewhere specified - other
A3: PRODUCT | B3: PLANT
A4: Electricity (GWh) | B4: Autoproducer electricity plants | C4: {=INDEX('EUROSTAT AP plants and products'!$D3:$AS3,0,MATCH(C$1,'EUROSTAT AP plants and products'!$D$1:$AS$1,0))} -> 18341.166 | D4: {=INDEX('EUROSTAT AP plants and products'!$D3:$AS3,0,MATCH(D$1,'EUROSTAT AP plants and products'!$D$1:$AS$1,0))} -> 106.121 | E4: {=INDEX('EUROSTAT AP plants and products'!$D3:$AS3,0,MATCH(E$1,'EUROSTAT AP plants and products'!$D$1:$AS$1,0))} -> 0 | F4: {=INDEX('EUROSTAT AP plants and products'!$D3:$AS3,0,MATCH(F$1,'EUROSTAT AP plants and products'!$D$1:$AS$1,0))} -> 0 | G4: {=INDEX('EUROSTAT AP plants and products'!$D3:$AS3,0,MATCH(G$1,'EUROSTAT AP plants and products'!$D$1:$AS$1,0))} -> 0 | H4: {=INDEX('EUROSTAT AP plants and products'!$D3:$AS3,0,MATCH(H$1,'EUROSTAT AP plants and products'!$D$1:$AS$1,0))} -> 0 | I4: {=INDEX('EUROSTAT AP plants and products'!$D3:$AS3,0,MATCH(I$1,'EUROSTAT AP plants and products'!$D$1:$AS$1,0))} -> 0 | J4: {=INDEX('EUROSTAT AP plants and products'!$D3:$AS3,0,MATCH(J$1,'EUROSTAT AP plants and products'!$D$1:$AS$1,0))} -> 0 | ... AP4: {=INDEX('EUROSTAT AP plants and products'!$D3:$AS3,0,MATCH(AP$1,'EUROSTAT AP plants and products'!$D$1:$AS$1,0))} -> 0
B5: Autoproducer CHP plants | C5: {=INDEX('EUROSTAT AP plants and products'!$D4:$AS4,0,MATCH(C$1,'EUROSTAT AP plants and products'!$D$1:$AS$1,0))} -> 20529.705 | D5: {=INDEX('EUROSTAT AP plants and products'!$D4:$AS4,0,MATCH(D$1,'EUROSTAT AP plants and products'!$D$1:$AS$1,0))} -> 1666.738 | E5: {=INDEX('EUROSTAT AP plants and products'!$D4:$AS4,0,MATCH(E$1,'EUROSTAT AP plants and products'!$D$1:$AS$1,0))} -> 0 | F5: {=INDEX('EUROSTAT AP plants and products'!$D4:$AS4,0,MATCH(F$1,'EUROSTAT AP plants and products'!$D$1:$AS$1,0))} -> 0 | G5: {=INDEX('EUROSTAT AP plants and products'!$D4:$AS4,0,MATCH(G$1,'EUROSTAT AP plants and products'!$D$1:$AS$1,0))} -> 0 | H5: {=INDEX('EUROSTAT AP plants and products'!$D4:$AS4,0,MATCH(H$1,'EUROSTAT AP plants and products'!$D$1:$AS$1,0))} -> 0 | I5: {=INDEX('EUROSTAT AP plants and products'!$D4:$AS4,0,MATCH(I$1,'EUROSTAT AP plants and products'!$D$1:$AS$1,0))} -> 0 | J5: {=INDEX('EUROSTAT AP plants and products'!$D4:$AS4,0,MATCH(J$1,'EUROSTAT AP plants and products'!$D$1:$AS$1,0))} -> 0 | ... AP5: {=INDEX('EUROSTAT AP plants and products'!$D4:$AS4,0,MATCH(AP$1,'EUROSTAT AP plants and products'!$D$1:$AS$1,0))} -> 0.136
B6: Autoproducer heat plants | C6: {=INDEX('EUROSTAT AP plants and products'!$D5:$AS5,0,MATCH(C$1,'EUROSTAT AP plants and products'!$D$1:$AS$1,0))} -> : | D6: {=INDEX('EUROSTAT AP plants and products'!$D5:$AS5,0,MATCH(D$1,'EUROSTAT AP plants and products'!$D$1:$AS$1,0))} -> : | E6: {=INDEX('EUROSTAT AP plants and products'!$D5:$AS5,0,MATCH(E$1,'EUROSTAT AP plants and products'!$D$1:$AS$1,0))} -> : | F6: {=INDEX('EUROSTAT AP plants and products'!$D5:$AS5,0,MATCH(F$1,'EUROSTAT AP plants and products'!$D$1:$AS$1,0))} -> : | G6: {=INDEX('EUROSTAT AP plants and products'!$D5:$AS5,0,MATCH(G$1,'EUROSTAT AP plants and products'!$D$1:$AS$1,0))} -> : | H6: {=INDEX('EUROSTAT AP plants and products'!$D5:$AS5,0,MATCH(H$1,'EUROSTAT AP plants and products'!$D$1:$AS$1,0))} -> : | I6: {=INDEX('EUROSTAT AP plants and products'!$D5:$AS5,0,MATCH(I$1,'EUROSTAT AP plants and products'!$D$1:$AS$1,0))} -> : | J6: {=INDEX('EUROSTAT AP plants and products'!$D5:$AS5,0,MATCH(J$1,'EUROSTAT AP plants and products'!$D$1:$AS$1,0))} -> : | ... AP6: {=INDEX('EUROSTAT AP plants and products'!$D5:$AS5,0,MATCH(AP$1,'EUROSTAT AP plants and products'!$D$1:$AS$1,0))} -> :
B7: Total autoproducer plants | C7: {=INDEX('EUROSTAT AP plants and products'!$D6:$AS6,0,MATCH(C$1,'EUROSTAT AP plants and products'!$D$1:$AS$1,0))} -> 38870.871 | D7: {=INDEX('EUROSTAT AP plants and products'!$D6:$AS6,0,MATCH(D$1,'EUROSTAT AP plants and products'!$D$1:$AS$1,0))} -> 1772.859 | E7: {=INDEX('EUROSTAT AP plants and products'!$D6:$AS6,0,MATCH(E$1,'EUROSTAT AP plants and products'!$D$1:$AS$1,0))} -> 0 | F7: {=INDEX('EUROSTAT AP plants and products'!$D6:$AS6,0,MATCH(F$1,'EUROSTAT AP plants and products'!$D$1:$AS$1,0))} -> 0 | G7: {=INDEX('EUROSTAT AP plants and products'!$D6:$AS6,0,MATCH(G$1,'EUROSTAT AP plants and products'!$D$1:$AS$1,0))} -> 0 | H7: {=INDEX('EUROSTAT AP plants and products'!$D6:$AS6,0,MATCH(H$1,'EUROSTAT AP plants and products'!$D$1:$AS$1,0))} -> 0 | I7: {=INDEX('EUROSTAT AP plants and products'!$D6:$AS6,0,MATCH(I$1,'EUROSTAT AP plants and products'!$D$1:$AS$1,0))} -> 0 | J7: {=INDEX('EUROSTAT AP plants and products'!$D6:$AS6,0,MATCH(J$1,'EUROSTAT AP plants and products'!$D$1:$AS$1,0))} -> 0 | ... AP7: {=INDEX('EUROSTAT AP plants and products'!$D6:$AS6,0,MATCH(AP$1,'EUROSTAT AP plants and products'!$D$1:$AS$1,0))} -> 0.136
A8: Heat (TJ) | B8: Autoproducer electricity plants | C8: {=INDEX('EUROSTAT AP plants and products'!$D7:$AS7,0,MATCH(C$1,'EUROSTAT AP plants and products'!$D$1:$AS$1,0))} -> : | D8: {=INDEX('EUROSTAT AP plants and products'!$D7:$AS7,0,MATCH(D$1,'EUROSTAT AP plants and products'!$D$1:$AS$1,0))} -> : | E8: {=INDEX('EUROSTAT AP plants and products'!$D7:$AS7,0,MATCH(E$1,'EUROSTAT AP plants and products'!$D$1:$AS$1,0))} -> : | F8: {=INDEX('EUROSTAT AP plants and products'!$D7:$AS7,0,MATCH(F$1,'EUROSTAT AP plants and products'!$D$1:$AS$1,0))} -> : | G8: {=INDEX('EUROSTAT AP plants and products'!$D7:$AS7,0,MATCH(G$1,'EUROSTAT AP plants and products'!$D$1:$AS$1,0))} -> : | H8: {=INDEX('EUROSTAT AP plants and products'!$D7:$AS7,0,MATCH(H$1,'EUROSTAT AP plants and products'!$D$1:$AS$1,0))} -> : | I8: {=INDEX('EUROSTAT AP plants and products'!$D7:$AS7,0,MATCH(I$1,'EUROSTAT AP plants and products'!$D$1:$AS$1,0))} -> : | J8: {=INDEX('EUROSTAT AP plants and products'!$D7:$AS7,0,MATCH(J$1,'EUROSTAT AP plants and products'!$D$1:$AS$1,0))} -> : | ... AP8: {=INDEX('EUROSTAT AP plants and products'!$D7:$AS7,0,MATCH(AP$1,'EUROSTAT AP plants and products'!$D$1:$AS$1,0))} -> :
B9: Autoproducer CHP plants | C9: {=INDEX('EUROSTAT AP plants and products'!$D8:$AS8,0,MATCH(C$1,'EUROSTAT AP plants and products'!$D$1:$AS$1,0))} -> 33365.03 | D9: {=INDEX('EUROSTAT AP plants and products'!$D8:$AS8,0,MATCH(D$1,'EUROSTAT AP plants and products'!$D$1:$AS$1,0))} -> 6575.324 | E9: {=INDEX('EUROSTAT AP plants and products'!$D8:$AS8,0,MATCH(E$1,'EUROSTAT AP plants and products'!$D$1:$AS$1,0))} -> 0 | F9: {=INDEX('EUROSTAT AP plants and products'!$D8:$AS8,0,MATCH(F$1,'EUROSTAT AP plants and products'!$D$1:$AS$1,0))} -> 0 | G9: {=INDEX('EUROSTAT AP plants and products'!$D8:$AS8,0,MATCH(G$1,'EUROSTAT AP plants and products'!$D$1:$AS$1,0))} -> 0 | H9: {=INDEX('EUROSTAT AP plants and products'!$D8:$AS8,0,MATCH(H$1,'EUROSTAT AP plants and products'!$D$1:$AS$1,0))} -> 0 | I9: {=INDEX('EUROSTAT AP plants and products'!$D8:$AS8,0,MATCH(I$1,'EUROSTAT AP plants and products'!$D$1:$AS$1,0))} -> 0 | J9: {=INDEX('EUROSTAT AP plants and products'!$D8:$AS8,0,MATCH(J$1,'EUROSTAT AP plants and products'!$D$1:$AS$1,0))} -> 0 | ... AP9: {=INDEX('EUROSTAT AP plants and products'!$D8:$AS8,0,MATCH(AP$1,'EUROSTAT AP plants and products'!$D$1:$AS$1,0))} -> 0
B10: Autoproducer heat plants | C10: {=INDEX('EUROSTAT AP plants and products'!$D9:$AS9,0,MATCH(C$1,'EUROSTAT AP plants and products'!$D$1:$AS$1,0))} -> 10931.602 | D10: {=INDEX('EUROSTAT AP plants and products'!$D9:$AS9,0,MATCH(D$1,'EUROSTAT AP plants and products'!$D$1:$AS$1,0))} -> 0 | E10: {=INDEX('EUROSTAT AP plants and products'!$D9:$AS9,0,MATCH(E$1,'EUROSTAT AP plants and products'!$D$1:$AS$1,0))} -> 0 | F10: {=INDEX('EUROSTAT AP plants and products'!$D9:$AS9,0,MATCH(F$1,'EUROSTAT AP plants and products'!$D$1:$AS$1,0))} -> 0 | G10: {=INDEX('EUROSTAT AP plants and products'!$D9:$AS9,0,MATCH(G$1,'EUROSTAT AP plants and products'!$D$1:$AS$1,0))} -> 0 | H10: {=INDEX('EUROSTAT AP plants and products'!$D9:$AS9,0,MATCH(H$1,'EUROSTAT AP plants and products'!$D$1:$AS$1,0))} -> 0 | I10: {=INDEX('EUROSTAT AP plants and products'!$D9:$AS9,0,MATCH(I$1,'EUROSTAT AP plants and products'!$D$1:$AS$1,0))} -> 0 | J10: {=INDEX('EUROSTAT AP plants and products'!$D9:$AS9,0,MATCH(J$1,'EUROSTAT AP plants and products'!$D$1:$AS$1,0))} -> 0 | ... AP10: {=INDEX('EUROSTAT AP plants and products'!$D9:$AS9,0,MATCH(AP$1,'EUROSTAT AP plants and products'!$D$1:$AS$1,0))} -> 0
B11: Total autoproducer plants | C11: {=INDEX('EUROSTAT AP plants and products'!$D10:$AS10,0,MATCH(C$1,'EUROSTAT AP plants and products'!$D$1:$AS$1,0))} -> 44296.632 | D11: {=INDEX('EUROSTAT AP plants and products'!$D10:$AS10,0,MATCH(D$1,'EUROSTAT AP plants and products'!$D$1:$AS$1,0))} -> 6575.324 | E11: {=INDEX('EUROSTAT AP plants and products'!$D10:$AS10,0,MATCH(E$1,'EUROSTAT AP plants and products'!$D$1:$AS$1,0))} -> 0 | F11: {=INDEX('EUROSTAT AP plants and products'!$D10:$AS10,0,MATCH(F$1,'EUROSTAT AP plants and products'!$D$1:$AS$1,0))} -> 0 | G11: {=INDEX('EUROSTAT AP plants and products'!$D10:$AS10,0,MATCH(G$1,'EUROSTAT AP plants and products'!$D$1:$AS$1,0))} -> 0 | H11: {=INDEX('EUROSTAT AP plants and products'!$D10:$AS10,0,MATCH(H$1,'EUROSTAT AP plants and products'!$D$1:$AS$1,0))} -> 0 | I11: {=INDEX('EUROSTAT AP plants and products'!$D10:$AS10,0,MATCH(I$1,'EUROSTAT AP plants and products'!$D$1:$AS$1,0))} -> 0 | J11: {=INDEX('EUROSTAT AP plants and products'!$D10:$AS10,0,MATCH(J$1,'EUROSTAT AP plants and products'!$D$1:$AS$1,0))} -> 0 | ... AP11: {=INDEX('EUROSTAT AP plants and products'!$D10:$AS10,0,MATCH(AP$1,'EUROSTAT AP plants and products'!$D$1:$AS$1,0))} -> 0

Sheet autoproducer_table
A1: FLOW | B1: Total net production | C1: Total energy industry | D1: Coal mines | E1: Oil and gas extraction | F1: Patent fuel plants | G1: Coke ovens | H1: BKB plants | I1: Gas works | J1: Blast furnaces | K1: Oil refineries | L1: Coal liquefaction plants | M1: Liquefaction (LNG) / regasification plants | N1: Gasification plants for biogases | O1: Gas-to-liquids (GTL) plants | P1: Charcoal production plants | Q1: Not elsewhere specified - energy | R1: Total industry | S1: Iron and steel | T1: Chemical and petrochemical | U1: Non-ferrous metals | V1: Non-metallic minerals | W1: Transport equipment | X1: Machinery | Y1: Mining and quarrying | Z1: Food and tobacco | AA1: Paper, pulp, and printing | AB1: Wood and wood products | AC1: Construction | AD1: Textile and leather | AE1: Not elsewhere specified - industry | AF1: Total transport | AG1: Rail | AH1: Pipeline transport | AI1: Not elsewhere specified - transport | AJ1: Other | AK1: Commercial and public service | AL1: Residential | AM1: Agriculture | AN1: Fishing | AO1: Not elsewhere specified - other
A2: PLANT
A3: Autoproducer electricity plants | B3: ='EUROSTAT AP flows'!C4 -> 18341.166 | C3: ='EUROSTAT AP flows'!D4 -> 106.121 | D3: ='EUROSTAT AP flows'!E4 -> 0 | E3: ='EUROSTAT AP flows'!F4 -> 0 | F3: ='EUROSTAT AP flows'!G4 -> 0 | G3: ='EUROSTAT AP flows'!H4 -> 0 | H3: ='EUROSTAT AP flows'!I4 -> 0 | I3: ='EUROSTAT AP flows'!J4 -> 0 | ... AO3: ='EUROSTAT AP flows'!AP4 -> 0
A4: Autoproducer CHP plants | B4: ='EUROSTAT AP flows'!C5 -> 20529.705 | C4: ='EUROSTAT AP flows'!D5 -> 1666.738 | D4: ='EUROSTAT AP flows'!E5 -> 0 | E4: ='EUROSTAT AP flows'!F5 -> 0 | F4: ='EUROSTAT AP flows'!G5 -> 0 | G4: ='EUROSTAT AP flows'!H5 -> 0 | H4: ='EUROSTAT AP flows'!I5 -> 0 | I4: ='EUROSTAT AP flows'!J5 -> 0 | ... AO4: ='EUROSTAT AP flows'!AP5 -> 0.136
A5: Autoproducer heat plants | B5: ='EUROSTAT AP flows'!C6 -> : | C5: ='EUROSTAT AP flows'!D6 -> : | D5: ='EUROSTAT AP flows'!E6 -> : | E5: ='EUROSTAT AP flows'!F6 -> : | F5: ='EUROSTAT AP flows'!G6 -> : | G5: ='EUROSTAT AP flows'!H6 -> : | H5: ='EUROSTAT AP flows'!I6 -> : | I5: ='EUROSTAT AP flows'!J6 -> : | ... AO5: ='EUROSTAT AP flows'!AP6 -> :
A6: Total autoproducer plants | B6: ='EUROSTAT AP flows'!C7 -> 38870.871 | C6: ='EUROSTAT AP flows'!D7 -> 1772.859 | D6: ='EUROSTAT AP flows'!E7 -> 0 | E6: ='EUROSTAT AP flows'!F7 -> 0 | F6: ='EUROSTAT AP flows'!G7 -> 0 | G6: ='EUROSTAT AP flows'!H7 -> 0 | H6: ='EUROSTAT AP flows'!I7 -> 0 | I6: ='EUROSTAT AP flows'!J7 -> 0 | ... AO6: ='EUROSTAT AP flows'!AP7 -> 0.136
A7: Autoproducer electricity plants | B7: ='EUROSTAT AP flows'!C8 -> : | C7: ='EUROSTAT AP flows'!D8 -> : | D7: ='EUROSTAT AP flows'!E8 -> : | E7: ='EUROSTAT AP flows'!F8 -> : | F7: ='EUROSTAT AP flows'!G8 -> : | G7: ='EUROSTAT AP flows'!H8 -> : | H7: ='EUROSTAT AP flows'!I8 -> : | I7: ='EUROSTAT AP flows'!J8 -> : | ... AO7: ='EUROSTAT AP flows'!AP8 -> :
A8: Autoproducer CHP plants | B8: ='EUROSTAT AP flows'!C9 -> 33365.03 | C8: ='EUROSTAT AP flows'!D9 -> 6575.324 | D8: ='EUROSTAT AP flows'!E9 -> 0 | E8: ='EUROSTAT AP flows'!F9 -> 0 | F8: ='EUROSTAT AP flows'!G9 -> 0 | G8: ='EUROSTAT AP flows'!H9 -> 0 | H8: ='EUROSTAT AP flows'!I9 -> 0 | I8: ='EUROSTAT AP flows'!J9 -> 0 | ... AO8: ='EUROSTAT AP flows'!AP9 -> 0
A9: Autoproducer heat plants | B9: ='EUROSTAT AP flows'!C10 -> 10931.602 | C9: ='EUROSTAT AP flows'!D10 -> 0 | D9: ='EUROSTAT AP flows'!E10 -> 0 | E9: ='EUROSTAT AP flows'!F10 -> 0 | F9: ='EUROSTAT AP flows'!G10 -> 0 | G9: ='EUROSTAT AP flows'!H10 -> 0 | H9: ='EUROSTAT AP flows'!I10 -> 0 | I9: ='EUROSTAT AP flows'!J10 -> 0 | ... AO9: ='EUROSTAT AP flows'!AP10 -> 0
A10: Total autoproducer plants | B10: ='EUROSTAT AP flows'!C11 -> 44296.632 | C10: ='EUROSTAT AP flows'!D11 -> 6575.324 | D10: ='EUROSTAT AP flows'!E11 -> 0 | E10: ='EUROSTAT AP flows'!F11 -> 0 | F10: ='EUROSTAT AP flows'!G11 -> 0 | G10: ='EUROSTAT AP flows'!H11 -> 0 | H10: ='EUROSTAT AP flows'!I11 -> 0 | I10: ='EUROSTAT AP flows'!J11 -> 0 | ... AO10: ='EUROSTAT AP flows'!AP11 -> 0
