Workbook
Name base_year: [1]Dashboard!$E$14
Name base_year: [2]Dashboard!$E$13
Name BKB_plants: '[2]CEB allocation factors step 1'!$D$55
Name BKB_plants_carriers: '[2]CEB allocation factors step 1'!$F$17:$AT$17
Name blast_furnaces: '[2]CEB allocation factors step 1'!$D$50
Name blast_furnaces_carriers: '[2]CEB allocation factors step 1'!$F$12:$AT$12
Name charcoal_production_plants: '[2]CEB allocation factors step 1'!$D$63
Name charcoal_production_plants_carriers: '[2]CEB allocation factors step 1'!$F$25:$AT$25
Name chemical_and_petrochemical: '[2]CEB allocation factors step 1'!$D$69
Name chemical_and_petrochemical_carriers: '[2]CEB allocation factors step 1'!$F$31:$BC$31
Name coal_liquefaction_plants: '[2]CEB allocation factors step 1'!$D$57
Name coal_liquefaction_plants_carriers: '[2]CEB allocation factors step 1'!$F$19:$AT$19
Name coal_mines: '[2]CEB allocation factors step 1'!$D$48
Name coal_mines_carriers: '[2]CEB allocation factors step 1'!$F$10:$AT$10
Name coke_ovens: '[2]CEB allocation factors step 1'!$D$53
Name coke_ovens_carriers: '[2]CEB allocation factors step 1'!$F$15:$AT$15
Name construction: '[2]CEB allocation factors step 1'!$D$78
Name construction_carriers: '[2]CEB allocation factors step 1'!$F$40:$BC$40
Name country: [1]Dashboard!$E$13
Name country: [2]Dashboard!$E$12
Name ei_subsector_allo: '[2]CEB allocation factors step 2'!#REF!
Name food: '[2]CEB allocation factors step 1'!$D$75
Name food_carriers: '[2]CEB allocation factors step 1'!$F$37:$BC$37
Name gas_to_liquids_plants: '[2]CEB allocation factors step 1'!$D$59
Name gas_to_liquids_plants_carriers: '[2]CEB allocation factors step 1'!$F$21:$AT$21
Name gas_works: '[2]CEB allocation factors step 1'!$D$51
Name gas_works_carriers: '[2]CEB allocation factors step 1'!$F$13:$AT$13
Name gasification_plants: '[2]CEB allocation factors step 1'!$D$52
Name gasification_plants_carriers: '[2]CEB allocation factors step 1'!$F$14:$AT$14
Name i_subsector_allo: '[2]CEB allocation factors step 2'!#REF!
Name iron_and_steel: '[2]CEB allocation factors step 1'!$D$68
Name iron_and_steel_carriers: '[2]CEB allocation factors step 1'!$F$30:$BC$30
Name kWh_MJ_conversion: [2]Assumptions!$C$173
Name LangChoice: '[3]Main Menu'!$L$3
Name Liquefaction_regasification_plants: '[2]CEB allocation factors step 1'!$D$58
Name Liquefaction_regasification_plants_carriers: '[2]CEB allocation factors step 1'!$F$20:$AT$20
Name machinery: '[2]CEB allocation factors step 1'!$D$73
Name machinery_carriers: '[2]CEB allocation factors step 1'!$F$35:$BC$35
Name mining: '[2]CEB allocation factors step 1'!$D$74
Name mining_carriers: '[2]CEB allocation factors step 1'!$F$36:$BC$36
Name net_gross_conv: '[2]AP net-gross conversion'!$D$12
Name non_ferrous_metals: '[2]CEB allocation factors step 1'!$D$70
Name non_ferrous_metals_carriers: '[2]CEB allocation factors step 1'!$F$32:$BC$32
Name non_metallic_minerals: '[2]CEB allocation factors step 1'!$D$71
Name non_metallic_minerals_carriers: '[2]CEB allocation factors step 1'!$F$33:$BC$33
Name non_specified: '[2]CEB allocation factors step 1'!$D$64
Name non_specified_energy_carriers: '[2]CEB allocation factors step 1'!$F$26:$AT$26
Name non_specified_industry: '[2]CEB allocation factors step 1'!$D$80
Name non_specified_industry_carriers: '[2]CEB allocation factors step 1'!$F$42:$BC$42
Name oil_and_gas_extraction: '[2]CEB allocation factors step 1'!$D$49
Name oil_and_gas_extraction_carriers: '[2]CEB allocation factors step 1'!$F$11:$AT$11
Name oil_refineries: '[2]CEB allocation factors step 1'!$D$56
Name oil_refineries_carriers: '[2]CEB allocation factors step 1'!$F$18:$AT$18
Name paper: '[2]CEB allocation factors step 1'!$D$76
Name paper_carriers: '[2]CEB allocation factors step 1'!$F$38:$BC$38
Name patent_fuel_plants: '[2]CEB allocation factors step 1'!$D$54
Name patent_fuel_plants_carriers: '[2]CEB allocation factors step 1'!$F$16:$AT$16
Name switch_decc: '[2]Fuel allocation'!$C$130
Name switch_iea: '[2]Fuel allocation'!$C$89
Name switch_protermo: '[2]Fuel allocation'!$C$48

Sheet Cover Sheet
B2: Cover Sheet
B4: Document | C4: EB Eurostat to IEA format mapping
B5: Version # | C5: 2
B6: Country | C6: nl
B7: Year data | C7: 2023
B8: Date | C8: May 21, 2025
B9: Author | C9: Mathijs Bijkerk
B10: Organization | C10: Quintel
B12: Legend
B14: Cells | C14: Intermediate (calculation)
C15: Result
C16: Manual input
C17: Reference to manual input or data input
B19: Sheets | C19: Introductory
C20: Dashboard
C21: Research data
C22: Results
C23: Main calculations
C24: Additional calculations
C25: Output to csv
B28: Comments
B29: This file converts the energy balance from Eurostat to the IEA energy balance, which can then be imported to use for the ETM country dataset analyses.

Sheet Contents
B3: Unit conversion | C3: Value
B4: GJ per toe | C4: =41.868 -> 41.868
B5: TJ per ktoe | C5: =C4 -> 41.868
B6: TJ per GWh | C6: 3.6
B8: Energy balance sheets | C8: Explanation
B9: EUROSTAT EB TJ | C9: The energy balance loaded directly from Eurostat with values in TJ
B10: EUROSTAT CB GAS | C10: The commodity balance for gas loaded directly from Eurostat with values in TJ
B11: EUROSTAT CB OIL | C11: The commodity balance for oil loaded directly from Eurostat with values in thousand tonnes
B12: EUROSTAT CB summary | C12: The EUROSTAT CB GAS and EUROSTAT CB OIL combined. Missing values are set to 0 and the share of chemical and petrochemical industry in industry total for non-energetic demand is calculated
B13: EUROSTAT EB TJ GWH | C13: The EUROSTAT EB TJ with missing values set to 0, electricity production converted to GWh and non-energetic demand for chemical and petrochemical calculated based on the share calculated in EUROSTAT CB summary
B14: EUROSTAT EB products IEA | C14: The EUROSTAT EB TJ GWH with redundant flows removed and products mapped from Eurostat to IEA format
B15: EUROSTAT EB flows IEA | C15: The EUROSTAT EB products IEA with mapping of Eurostat flows to IEA format
B16: energy_balance | C16: Eurostat energy balance in IEA format that can be used as input for ETM analyses

Sheet Eurostat EB TJ
A1: Data extracted on 20/05/2025 09:24:04 from [ESTAT]
A2: Dataset: | B2: Complete energy balances [nrg_bal_c__custom_15262984]
A3: Last updated: | B3: 45779.958
A5: Time frequency | C5: Annual
A6: Unit of measure | C6: Terajoule
A7: Geopolitical entity (reporting) | C7: Netherlands
A8: Time | C8: 2023
A10: SIEC (Labels) | B10: Total | C10: Solid fossil fuels | D10: Anthracite | E10: Coking coal | F10: Other bituminous coal | G10: Sub-bituminous coal | H10: Lignite | I10: Coke oven coke | J10: Gas coke | K10: Patent fuel | L10: Brown coal briquettes | M10: Coal tar | N10: Manufactured gases | O10: Coke oven gas | P10: Gas works gas | Q10: Blast furnace gas | R10: Other recovered gases | S10: Peat and peat products | T10: Peat | U10: Peat products | V10: Oil shale and oil sands | W10: Natural gas | X10: Oil and petroleum products (excluding biofuel portion) | Y10: Crude oil | Z10: Natural gas liquids | AA10: Refinery feedstocks | AB10: Additives and oxygenates (excluding biofuel portion) | AC10: Other hydrocarbons | AD10: Refinery gas | AE10: Ethane | AF10: Liquefied petroleum gases | AG10: Naphtha | AH10: Aviation gasoline | AI10: Motor gasoline (excluding biofuel portion) | AJ10: Gasoline-type jet fuel | AK10: Kerosene-type jet fuel (excluding biofuel portion) | AL10: Other kerosene | AM10: Gas oil and diesel oil (excluding biofuel portion) | AN10: Fuel oil | AO10: White spirit and special boiling point industrial spirits | AP10: Lubricants | AQ10: Paraffin waxes | AR10: Petroleum coke | AS10: Bitumen | AT10: Other oil products n.e.c. | AU10: Renewables and biofuels | AV10: Hydro | AW10: Geothermal | AX10: Wind | AY10: Solar thermal | AZ10: Solar photovoltaic | BA10: Tide, wave, ocean | BB10: Ambient heat (heat pumps) | BC10: Primary solid biofuels | BD10: Charcoal | BE10: Pure biogasoline | BF10: Blended biogasoline | BG10: Pure biodiesels | BH10: Blended biodiesels | BI10: Pure bio jet kerosene | BJ10: Blended bio jet kerosene | BK10: Other liquid biofuels | BL10: Biogases | BM10: Industrial waste (non-renewable) | BN10: Renewable municipal waste | BO10: Non-renewable municipal waste | BP10: Non-renewable waste | BQ10: Nuclear heat | BR10: Electricity | BS10: Heat | BT10: Bioenergy | BU10: Fossil energy
A11: NRG_BAL (Labels)
A12: Primary production | B12: 867610.75 | C12: 0 | D12: 0 | E12: 0 | F12: 0 | G12: 0 | H12: 0 | I12: : | J12: : | K12: : | L12: : | M12: : | N12: : | O12: : | P12: : | Q12: : | R12: : | S12: 0 | T12: 0 | U12: : | V12: 0 | W12: 354715.59 | X12: 28144.413 | Y12: 13646.322 | Z12: 3753.552 | AA12: : | AB12: 10744.539 | AC12: 0 | AD12: : | AE12: : | AF12: : | AG12: : | AH12: : | AI12: : | AJ12: : | AK12: : | AL12: : | AM12: : | AN12: : | AO12: : | AP12: : | AQ12: : | AR12: : | AS12: : | AT12: : | AU12: 407113.1 | AV12: 249.728 | AW12: 6797.51 | AX12: 106290.29 | AY12: 1176 | AZ12: 70481.477 | BA12: 0 | BB12: 25524.613 | BC12: 65069.523 | BD12: : | BE12: 0 | BF12: : | BG12: 79792.507 | BH12: : | BI12: 0 | BJ12: : | BK12: 529.776 | BL12: 18758.186 | BM12: 1876.845 | BN12: 32443.485 | BO12: 28770.637 | BP12: 30647.482 | BQ12: 38959.053 | BR12: : | BS12: 8031.111 | BT12: 196593.48 | BU12: 413507.49
A13: Recovered and recycled products | B13: 13238.144 | C13: 0 | D13: 0 | E13: 0 | F13: 0 | G13: 0 | H13: 0 | I13: : | J13: : | K13: : | L13: : | M13: : | N13: : | O13: : | P13: : | Q13: : | R13: : | S13: 0 | T13: 0 | U13: : | V13: 0 | W13: : | X13: 13238.144 | Y13: : | Z13: : | AA13: : | AB13: : | AC13: : | AD13: 10953.163 | AE13: 0 | AF13: 0 | AG13: 0 | AH13: 0 | AI13: 0 | AJ13: 0 | AK13: 0 | AL13: 0 | AM13: 0 | AN13: 0 | AO13: 0 | AP13: 0 | AQ13: 0 | AR13: 0 | AS13: 0 | AT13: 2284.98 | AU13: 0 | AV13: : | AW13: : | AX13: : | AY13: : | AZ13: : | BA13: : | BB13: : | BC13: : | BD13: : | BE13: : | BF13: 0 | BG13: : | BH13: 0 | BI13: : | BJ13: 0 | BK13: : | BL13: : | BM13: : | BN13: : | BO13: : | BP13: : | BQ13: : | BR13: : | BS13: : | BT13: 0 | BU13: 13238.144
A14: Imports | B14: 7491212.8 | C14: 175944.88 | D14: 76.707 | E14: 104273.93 | F14: 70267.93 | G14: 0 | H14: 312.82 | I14: 1013.494 | J14: 0 | K14: 0 | L14: 0 | M14: 0 | N14: 0 | O14: 0 | P14: 0 | Q14: 0 | R14: 0 | S14: 0 | T14: 0 | U14: 0 | V14: 0 | W14: 1210080.1 | X14: 5974057.6 | Y14: 2294920 | Z14: 342371.57 | AA14: 0 | AB14: 49566.113 | AC14: 0 | AD14: : | AE14: 0 | AF14: 154555.46 | AG14: 809282.6 | AH14: 15.136 | AI14: 283288.16 | AJ14: 0 | AK14: 116138.49 | AL14: 26215.853 | AM14: 586131.1 | AN14: 987993.86 | AO14: 91210.988 | AP14: 98845.239 | AQ14: 8165.187 | AR14: 71527.952 | AS14: 19370.705 | AT14: 34459.2 | AU14: 56021.827 | AV14: : | AW14: 0 | AX14: : | AY14: 0 | AZ14: : | BA14: : | BB14: : | BC14: 33247.45 | BD14: 270 | BE14: 14512.149 | BF14: 0 | BG14: 0 | BH14: 0 | BI14: 0 | BJ14: 2646.424 | BK14: 0 | BL14: 0 | BM14: 0 | BN14: 5345.804 | BO14: 4740.619 | BP14: 4740.619 | BQ14: : | BR14: 70367.782 | BS14: 0 | BT14: 73101.232 | BU14: 7386950.8
A15: Exports | B15: 5249055.5 | C15: 13808.059 | D15: 0 | E15: 0 | F15: 0 | G15: 0 | H15: 0 | I15: 11551.996 | J15: 0 | K15: 0 | L15: 0 | M15: 2256.064 | N15: 0 | O15: 0 | P15: 0 | Q15: 0 | R15: 0 | S15: 0 | T15: 0 | U15: 0 | V15: 0 | W15: 598477.35 | X15: 4461947.2 | Y15: 788.797 | Z15: 4516.072 | AA15: 0 | AB15: 41038.536 | AC15: 0 | AD15: : | AE15: 0 | AF15: 95006.081 | AG15: 586802.53 | AH15: 2898.34 | AI15: 900051.24 | AJ15: 0 | AK15: 358648.68 | AL15: 36859.535 | AM15: 1113094.8 | AN15: 930513.51 | AO15: 97476.262 | AP15: 116913.85 | AQ15: 8041.743 | AR15: 59454.565 | AS15: 52617.433 | AT15: 57225.262 | AU15: 83245.667 | AV15: : | AW15: 0 | AX15: : | AY15: 0 | AZ15: : | BA15: : | BB15: : | BC15: 14253.745 | BD15: 0 | BE15: 0 | BF15: 3586.545 | BG15: 60817.298 | BH15: 3646.412 | BI15: 0 | BJ15: 0 | BK15: 0 | BL15: 0 | BM15: 0 | BN15: 941.667 | BO15: 835.063 | BP15: 835.063 | BQ15: : | BR15: 90742.1 | BS15: 0 | BT15: 95416.884 | BU15: 5113455.4
A16: Change in stock | B16: 59764.099 | C16: -3771.364 | D16: 0 | E16: -5064.566 | F16: 1532.651 | G16: 0 | H16: 0 | I16: -200.441 | J16: 0 | K16: 0 | L16: 0 | M16: -39.009 | N16: 0 | O16: 0 | P16: 0 | Q16: 0 | R16: 0 | S16: 0 | T16: 0 | U16: 0 | V16: 0 | W16: -28875.693 | X16: 79018.393 | Y16: 41615.452 | Z16: 1898.631 | AA16: 0 | AB16: 5334 | AC16: 0 | AD16: 0 | AE16: 0 | AF16: -726.803 | AG16: 1729.004 | AH16: 117.523 | AI16: 20247.457 | AJ16: 0 | AK16: -6270.947 | AL16: -536.971 | AM16: 10788.423 | AN16: 6224.694 | AO16: -320.472 | AP16: -1860.069 | AQ16: 278.699 | AR16: -3297.862 | AS16: 85.727 | AT16: 3711.908 | AU16: 13392.763 | AV16: : | AW16: : | AX16: : | AY16: : | AZ16: : | BA16: : | BB16: : | BC16: 0 | BD16: 0 | BE16: 222.045 | BF16: 0 | BG16: 13170.717 | BH16: 0 | BI16: 0 | BJ16: 0 | BK16: 0 | BL16: 0 | BM16: 0 | BN16: 0 | BO16: 0 | BP16: 0 | BQ16: : | BR16: : | BS16: : | BT16: 13096.992 | BU16: 46667.107
A17: Gross available energy | B17: 3182770.4 | C17: 158365.46 | D17: 76.707 | E17: 99209.364 | F17: 71800.581 | G17: 0 | H17: 312.82 | I17: -10738.942 | J17: 0 | K17: 0 | L17: 0 | M17: -2295.073 | N17: 0 | O17: 0 | P17: 0 | Q17: 0 | R17: 0 | S17: 0 | T17: 0 | U17: 0 | V17: 0 | W17: 937442.69 | X17: 1632511.3 | Y17: 2349392.9 | Z17: 343507.68 | AA17: 0 | AB17: 24606.116 | AC17: 0 | AD17: 10953.163 | AE17: 0 | AF17: 58822.581 | AG17: 224209.08 | AH17: -2765.681 | AI17: -596515.62 | AJ17: 0 | AK17: -248781.14 | AL17: -11180.653 | AM17: -516175.25 | AN17: 63705.041 | AO17: -6585.746 | AP17: -19928.679 | AQ17: 402.143 | AR17: 8775.525 | AS17: -33161.001 | AT17: -16769.173 | AU17: 393282.02 | AV17: 249.728 | AW17: 6797.51 | AX17: 106290.29 | AY17: 1176 | AZ17: 70481.477 | BA17: 0 | BB17: 25524.613 | BC17: 84063.228 | BD17: 270 | BE17: 14734.195 | BF17: -3586.545 | BG17: 32145.926 | BH17: -3646.412 | BI17: 0 | BJ17: 2646.424 | BK17: 529.776 | BL17: 18758.186 | BM17: 1876.845 | BN17: 36847.622 | BO17: 32676.193 | BP17: 34553.038 | BQ17: 38959.053 | BR17: -20374.319 | BS17: 8031.111 | BT17: 187374.82 | BU17: 2746908.1
A18: International maritime bunkers | B18: 448139.6 | C18: 0 | D18: 0 | E18: 0 | F18: 0 | G18: 0 | H18: 0 | I18: 0 | J18: 0 | K18: 0 | L18: 0 | M18: 0 | N18: 0 | O18: 0 | P18: 0 | Q18: 0 | R18: 0 | S18: 0 | T18: 0 | U18: 0 | V18: 0 | W18: 8644.067 | X18: 425726.08 | Y18: : | Z18: : | AA18: : | AB18: : | AC18: : | AD18: 0 | AE18: 0 | AF18: 0 | AG18: 0 | AH18: 0 | AI18: 0 | AJ18: 0 | AK18: 0 | AL18: 0 | AM18: 63394.95 | AN18: 357586.38 | AO18: 0 | AP18: 4744.75 | AQ18: 0 | AR18: 0 | AS18: 0 | AT18: 0 | AU18: 13769.454 | AV18: : | AW18: : | AX18: : | AY18: : | AZ18: : | BA18: : | BB18: : | BC18: : | BD18: : | BE18: : | BF18: 0 | BG18: : | BH18: 13769.454 | BI18: : | BJ18: 0 | BK18: : | BL18: : | BM18: : | BN18: : | BO18: : | BP18: : | BQ18: : | BR18: : | BS18: : | BT18: 13857.994 | BU18: 434281.6
A19: Gross inland consumption | B19: 2734630.8 | C19: 158365.46 | D19: 76.707 | E19: 99209.364 | F19: 71800.581 | G19: 0 | H19: 312.82 | I19: -10738.942 | J19: 0 | K19: 0 | L19: 0 | M19: -2295.073 | N19: 0 | O19: 0 | P19: 0 | Q19: 0 | R19: 0 | S19: 0 | T19: 0 | U19: 0 | V19: 0 | W19: 928798.63 | X19: 1206785.2 | Y19: 2349392.9 | Z19: 343507.68 | AA19: 0 | AB19: 24606.116 | AC19: 0 | AD19: 10953.163 | AE19: 0 | AF19: 58822.581 | AG19: 224209.08 | AH19: -2765.681 | AI19: -596515.62 | AJ19: 0 | AK19: -248781.14 | AL19: -11180.653 | AM19: -579570.2 | AN19: -293881.33 | AO19: -6585.746 | AP19: -24673.428 | AQ19: 402.143 | AR19: 8775.525 | AS19: -33161.001 | AT19: -16769.173 | AU19: 379512.57 | AV19: 249.728 | AW19: 6797.51 | AX19: 106290.29 | AY19: 1176 | AZ19: 70481.477 | BA19: 0 | BB19: 25524.613 | BC19: 84063.228 | BD19: 270 | BE19: 14734.195 | BF19: -3586.545 | BG19: 32145.926 | BH19: -17415.866 | BI19: 0 | BJ19: 2646.424 | BK19: 529.776 | BL19: 18758.186 | BM19: 1876.845 | BN19: 36847.622 | BO19: 32676.193 | BP19: 34553.038 | BQ19: 38959.053 | BR19: -20374.319 | BS19: 8031.111 | BT19: 173516.82 | BU19: 2312626.5
A20: International aviation | B20: 142333.25 | C20: : | D20: : | E20: : | F20: : | G20: : | H20: : | I20: : | J20: : | K20: : | L20: : | M20: : | N20: : | O20: : | P20: : | Q20: : | R20: : | S20: : | T20: : | U20: : | V20: : | W20: : | X20: 139686.82 | Y20: 0 | Z20: 0 | AA20: : | AB20: : | AC20: : | AD20: 0 | AE20: 0 | AF20: 0 | AG20: 0 | AH20: 0 | AI20: 0 | AJ20: 0 | AK20: 139686.82 | AL20: 0 | AM20: 0 | AN20: 0 | AO20: 0 | AP20: 0 | AQ20: 0 | AR20: 0 | AS20: 0 | AT20: 0 | AU20: 2646.424 | AV20: : | AW20: : | AX20: : | AY20: : | AZ20: : | BA20: : | BB20: : | BC20: : | BD20: : | BE20: : | BF20: 0 | BG20: : | BH20: 0 | BI20: : | BJ20: 2646.424 | BK20: : | BL20: : | BM20: : | BN20: : | BO20: : | BP20: : | BQ20: : | BR20: : | BS20: : | BT20: 2646.424 | BU20: 139686.82
A21: Total energy supply | B21: 2592297.5 | C21: 158365.46 | D21: 76.707 | E21: 99209.364 | F21: 71800.581 | G21: 0 | H21: 312.82 | I21: -10738.942 | J21: 0 | K21: 0 | L21: 0 | M21: -2295.073 | N21: 0 | O21: 0 | P21: 0 | Q21: 0 | R21: 0 | S21: 0 | T21: 0 | U21: 0 | V21: 0 | W21: 928798.63 | X21: 1067098.4 | Y21: 2349392.9 | Z21: 343507.68 | AA21: 0 | AB21: 24606.116 | AC21: 0 | AD21: 10953.163 | AE21: 0 | AF21: 58822.581 | AG21: 224209.08 | AH21: -2765.681 | AI21: -596515.62 | AJ21: 0 | AK21: -388467.96 | AL21: -11180.653 | AM21: -579570.2 | AN21: -293881.33 | AO21: -6585.746 | AP21: -24673.428 | AQ21: 402.143 | AR21: 8775.525 | AS21: -33161.001 | AT21: -16769.173 | AU21: 376866.14 | AV21: 249.728 | AW21: 6797.51 | AX21: 106290.29 | AY21: 1176 | AZ21: 70481.477 | BA21: 0 | BB21: 25524.613 | BC21: 84063.228 | BD21: 270 | BE21: 14734.195 | BF21: -3586.545 | BG21: 32145.926 | BH21: -17415.866 | BI21: 0 | BJ21: 0 | BK21: 529.776 | BL21: 18758.186 | BM21: 1876.845 | BN21: 36847.622 | BO21: 32676.193 | BP21: 34553.038 | BQ21: 38959.053 | BR21: -20374.319 | BS21: 8031.111 | BT21: 170870.4 | BU21: 2172939.7
A22: Gross inland consumption - Energy Efficiency Directive | B22: 2701075.1 | C22: : | D22: : | E22: : | F22: : | G22: : | H22: : | I22: : | J22: : | K22: : | L22: : | M22: : | N22: : | O22: : | P22: : | Q22: : | R22: : | S22: : | T22: : | U22: : | V22: : | W22: : | X22: : | Y22: : | Z22: : | AA22: : | AB22: : | AC22: : | AD22: : | AE22: : | AF22: : | AG22: : | AH22: : | AI22: : | AJ22: : | AK22: : | AL22: : | AM22: : | AN22: : | AO22: : | AP22: : | AQ22: : | AR22: : | AS22: : | AT22: : | AU22: : | AV22: : | AW22: : | AX22: : | AY22: : | AZ22: : | BA22: : | BB22: : | BC22: : | BD22: : | BE22: : | BF22: : | BG22: : | BH22: : | BI22: : | BJ22: : | BK22: : | BL22: : | BM22: : | BN22: : | BO22: : | BP22: : | BQ22: : | BR22: : | BS22: : | BT22: : | BU22: :
A23: Primary energy consumption - Energy Efficiency Directive | B23: 2252963.9 | C23: : | D23: : | E23: : | F23: : | G23: : | H23: : | I23: : | J23: : | K23: : | L23: : | M23: : | N23: : | O23: : | P23: : | Q23: : | R23: : | S23: : | T23: : | U23: : | V23: : | W23: : | X23: : | Y23: : | Z23: : | AA23: : | AB23: : | AC23: : | AD23: : | AE23: : | AF23: : | AG23: : | AH23: : | AI23: : | AJ23: : | AK23: : | AL23: : | AM23: : | AN23: : | AO23: : | AP23: : | AQ23: : | AR23: : | AS23: : | AT23: : | AU23: : | AV23: : | AW23: : | AX23: : | AY23: : | AZ23: : | BA23: : | BB23: : | BC23: : | BD23: : | BE23: : | BF23: : | BG23: : | BH23: : | BI23: : | BJ23: : | BK23: : | BL23: : | BM23: : | BN23: : | BO23: : | BP23: : | BQ23: : | BR23: : | BS23: : | BT23: : | BU23: :
A24: Final energy consumption - Energy Efficiency Directive | B24: 1715629.7 | C24: : | D24: : | E24: : | F24: : | G24: : | H24: : | I24: : | J24: : | K24: : | L24: : | M24: : | N24: : | O24: : | P24: : | Q24: : | R24: : | S24: : | T24: : | U24: : | V24: : | W24: : | X24: : | Y24: : | Z24: : | AA24: : | AB24: : | AC24: : | AD24: : | AE24: : | AF24: : | AG24: : | AH24: : | AI24: : | AJ24: : | AK24: : | AL24: : | AM24: : | AN24: : | AO24: : | AP24: : | AQ24: : | AR24: : | AS24: : | AT24: : | AU24: : | AV24: : | AW24: : | AX24: : | AY24: : | AZ24: : | BA24: : | BB24: : | BC24: : | BD24: : | BE24: : | BF24: : | BG24: : | BH24: : | BI24: : | BJ24: : | BK24: : | BL24: : | BM24: : | BN24: : | BO24: : | BP24: : | BQ24: : | BR24: : | BS24: : | BT24: : | BU24: :
A25: Gross inland consumption (Europe 2020-2030) | B25: : | C25: : | D25: : | E25: : | F25: : | G25: : | H25: : | I25: : | J25: : | K25: : | L25: : | M25: : | N25: : | O25: : | P25: : | Q25: : | R25: : | S25: : | T25: : | U25: : | V25: : | W25: : | X25: : | Y25: : | Z25: : | AA25: : | AB25: : | AC25: : | AD25: : | AE25: : | AF25: : | AG25: : | AH25: : | AI25: : | AJ25: : | AK25: : | AL25: : | AM25: : | AN25: : | AO25: : | AP25: : | AQ25: : | AR25: : | AS25: : | AT25: : | AU25: : | AV25: : | AW25: : | AX25: : | AY25: : | AZ25: : | BA25: : | BB25: : | BC25: : | BD25: : | BE25: : | BF25: : | BG25: : | BH25: : | BI25: : | BJ25: : | BK25: : | BL25: : | BM25: : | BN25: : | BO25: : | BP25: : | BQ25: : | BR25: : | BS25: : | BT25: : | BU25: :
A26: Primary energy consumption (Europe 2020-2030) | B26: : | C26: : | D26: : | E26: : | F26: : | G26: : | H26: : | I26: : | J26: : | K26: : | L26: : | M26: : | N26: : | O26: : | P26: : | Q26: : | R26: : | S26: : | T26: : | U26: : | V26: : | W26: : | X26: : | Y26: : | Z26: : | AA26: : | AB26: : | AC26: : | AD26: : | AE26: : | AF26: : | AG26: : | AH26: : | AI26: : | AJ26: : | AK26: : | AL26: : | AM26: : | AN26: : | AO26: : | AP26: : | AQ26: : | AR26: : | AS26: : | AT26: : | AU26: : | AV26: : | AW26: : | AX26: : | AY26: : | AZ26: : | BA26: : | BB26: : | BC26: : | BD26: : | BE26: : | BF26: : | BG26: : | BH26: : | BI26: : | BJ26: : | BK26: : | BL26: : | BM26: : | BN26: : | BO26: : | BP26: : | BQ26: : | BR26: : | BS26: : | BT26: : | BU26: :
A27: Final energy consumption (Europe 2020-2030) | B27: : | C27: : | D27: : | E27: : | F27: : | G27: : | H27: : | I27: : | J27: : | K27: : | L27: : | M27: : | N27: : | O27: : | P27: : | Q27: : | R27: : | S27: : | T27: : | U27: : | V27: : | W27: : | X27: : | Y27: : | Z27: : | AA27: : | AB27: : | AC27: : | AD27: : | AE27: : | AF27: : | AG27: : | AH27: : | AI27: : | AJ27: : | AK27: : | AL27: : | AM27: : | AN27: : | AO27: : | AP27: : | AQ27: : | AR27: : | AS27: : | AT27: : | AU27: : | AV27: : | AW27: : | AX27: : | AY27: : | AZ27: : | BA27: : | BB27: : | BC27: : | BD27: : | BE27: : | BF27: : | BG27: : | BH27: : | BI27: : | BJ27: : | BK27: : | BL27: : | BM27: : | BN27: : | BO27: : | BP27: : | BQ27: : | BR27: : | BS27: : | BT27: : | BU27: :
A28: Transformation input - energy use | B28: 5235619 | C28: 206016.9 | D28: 0 | E28: 99143.112 | F28: 71329.782 | G28: 0 | H28: 0 | I28: 35544.003 | J28: 0 | K28: 0 | L28: 0 | M28: 0 | N28: 18170.045 | O28: 1428.541 | P28: 0 | Q28: 16741.504 | R28: 0 | S28: 0 | T28: 0 | U28: 0 | V28: 0 | W28: 311308.08 | X28: 4282623.9 | Y28: 2427012.1 | Z28: 423903.74 | AA28: 366286 | AB28: 21733.941 | AC28: 0 | AD28: 114591.71 | AE28: 0 | AF28: 48544.435 | AG28: 582932.38 | AH28: 0.088 | AI28: 234.137 | AJ28: 0 | AK28: 60.075 | AL28: 4483.384 | AM28: 42952.313 | AN28: 136153.09 | AO28: 88997.347 | AP28: 13218.579 | AQ28: 3.416 | AR28: 0 | AS28: 52.207 | AT28: 11464.95 | AU28: 331913.16 | AV28: 249.728 | AW28: 0 | AX28: 106290.29 | AY28: 0 | AZ28: 70481.477 | BA28: 0 | BB28: 0 | BC28: 58457.757 | BD28: 0 | BE28: 14734.195 | BF28: 8.019 | BG28: 32145.926 | BH28: 0 | BI28: 0 | BJ28: 0 | BK28: 0 | BL28: 14208.23 | BM28: 1245.831 | BN28: 35337.54 | BO28: 31337.063 | BP28: 32582.894 | BQ28: 38959.053 | BR28: 362.92 | BS28: 13682.036 | BT28: 161108 | BU28: 4857192
A29: Transformation input - electricity and heat generation - energy use | B29: 780448.82 | C29: 71329.782 | D29: 0 | E29: 0 | F29: 71329.782 | G29: 0 | H29: 0 | I29: 0 | J29: 0 | K29: 0 | L29: 0 | M29: 0 | N29: 18170.045 | O29: 1428.541 | P29: 0 | Q29: 16741.504 | R29: 0 | S29: 0 | T29: 0 | U29: 0 | V29: 0 | W29: 311308.08 | X29: 18747.203 | Y29: 0 | Z29: 0 | AA29: 0 | AB29: 0 | AC29: 0 | AD29: 18291.896 | AE29: 0 | AF29: 0 | AG29: 0 | AH29: 0 | AI29: 0 | AJ29: 0 | AK29: 0 | AL29: 0 | AM29: 356.341 | AN29: 0 | AO29: 0 | AP29: 0 | AQ29: 0 | AR29: 0 | AS29: 0 | AT29: 98.966 | AU29: 275306.8 | AV29: 249.728 | AW29: 0 | AX29: 106290.29 | AY29: 0 | AZ29: 70481.477 | BA29: 0 | BB29: 0 | BC29: 58457.757 | BD29: 0 | BE29: 0 | BF29: 0 | BG29: 0 | BH29: 0 | BI29: 0 | BJ29: 0 | BK29: 0 | BL29: 4490.006 | BM29: 1245.831 | BN29: 35337.54 | BO29: 31337.063 | BP29: 32582.894 | BQ29: 38959.053 | BR29: 362.92 | BS29: 13682.036 | BT29: 104501.63 | BU29: 458628.18
A30: Transformation input - electricity and heat generation - main activity producer electricity only - energy use | B30: 358410.36 | C30: 41287.547 | D30: 0 | E30: 0 | F30: 41287.547 | G30: 0 | H30: 0 | I30: 0 | J30: 0 | K30: 0 | L30: 0 | M30: 0 | N30: 15697.981 | O30: 1331.16 | P30: 0 | Q30: 14366.821 | R30: 0 | S30: 0 | T30: 0 | U30: 0 | V30: 0 | W30: 137861.12 | X30: 98.942 | Y30: 0 | Z30: 0 | AA30: : | AB30: : | AC30: : | AD30: 0 | AE30: 0 | AF30: 0 | AG30: 0 | AH30: 0 | AI30: 0 | AJ30: 0 | AK30: 0 | AL30: 0 | AM30: 0 | AN30: 0 | AO30: 0 | AP30: 0 | AQ30: 0 | AR30: 0 | AS30: 0 | AT30: 98.942 | AU30: 124505.72 | AV30: 249.728 | AW30: 0 | AX30: 97847.003 | AY30: 0 | AZ30: 14464.667 | BA30: 0 | BB30: : | BC30: 11921.506 | BD30: : | BE30: 0 | BF30: 0 | BG30: 0 | BH30: 0 | BI30: 0 | BJ30: 0 | BK30: 0 | BL30: 22.813 | BM30: 0 | BN30: 0 | BO30: 0 | BP30: 0 | BQ30: 38959.053 | BR30: : | BS30: 0 | BT30: 13356.417 | BU30: 193533.49
A31: Transformation input - electricity and heat generation - main activity producer combined heat and power - energy use | B31: 142106.32 | C31: 30042.236 | D31: 0 | E31: 0 | F31: 30042.236 | G31: 0 | H31: 0 | I31: 0 | J31: 0 | K31: 0 | L31: 0 | M31: 0 | N31: 1672.513 | O31: 0.064 | P31: 0 | Q31: 1672.449 | R31: 0 | S31: 0 | T31: 0 | U31: 0 | V31: 0 | W31: 78425.109 | X31: 202.372 | Y31: 0 | Z31: 0 | AA31: : | AB31: : | AC31: : | AD31: 0 | AE31: 0 | AF31: 0 | AG31: 0 | AH31: 0 | AI31: 0 | AJ31: 0 | AK31: 0 | AL31: 0 | AM31: 202.372 | AN31: 0 | AO31: 0 | AP31: 0 | AQ31: 0 | AR31: 0 | AS31: 0 | AT31: 0 | AU31: 31509.637 | AV31: : | AW31: 0 | AX31: : | AY31: 0 | AZ31: : | BA31: : | BB31: : | BC31: 31227.247 | BD31: : | BE31: 0 | BF31: 0 | BG31: 0 | BH31: 0 | BI31: 0 | BJ31: 0 | BK31: 0 | BL31: 282.39 | BM31: 254.448 | BN31: 0 | BO31: 0 | BP31: 254.448 | BQ31: 0 | BR31: : | BS31: 0 | BT31: 32312.938 | BU31: 109793.38
A32: Transformation input - electricity and heat generation - main activity producer heat only - energy use | B32: 18399.78 | C32: 0 | D32: 0 | E32: 0 | F32: 0 | G32: 0 | H32: 0 | I32: 0 | J32: 0 | K32: 0 | L32: 0 | M32: 0 | N32: 0 | O32: 0 | P32: 0 | Q32: 0 | R32: 0 | S32: 0 | T32: 0 | U32: 0 | V32: 0 | W32: 10592.293 | X32: 3652.781 | Y32: 0 | Z32: 0 | AA32: : | AB32: : | AC32: : | AD32: 3652.757 | AE32: 0 | AF32: 0 | AG32: 0 | AH32: 0 | AI32: 0 | AJ32: 0 | AK32: 0 | AL32: 0 | AM32: 0 | AN32: 0 | AO32: 0 | AP32: 0 | AQ32: 0 | AR32: 0 | AS32: 0 | AT32: 0.024 | AU32: 4138.814 | AV32: : | AW32: 0 | AX32: : | AY32: 0 | AZ32: : | BA32: : | BB32: 0 | BC32: 4138.814 | BD32: : | BE32: 0 | BF32: 0 | BG32: 0 | BH32: 0 | BI32: 0 | BJ32: 0 | BK32: 0 | BL32: 0 | BM32: 15.892 | BN32: 0 | BO32: 0 | BP32: 15.892 | BQ32: 0 | BR32: : | BS32: 0 | BT32: 4247.31 | BU32: 14152.47
A33: Transformation input - electricity and heat generation - autoproducer electricity only - energy use | B33: 67696.36 | C33: 0 | D33: 0 | E33: 0 | F33: 0 | G33: 0 | H33: 0 | I33: 0 | J33: 0 | K33: 0 | L33: 0 | M33: 0 | N33: 0 | O33: 0 | P33: 0 | Q33: 0 | R33: 0 | S33: 0 | T33: 0 | U33: 0 | V33: 0 | W33: 2416.801 | X33: 625.532 | Y33: 0 | Z33: 0 | AA33: : | AB33: : | AC33: : | AD33: 621.131 | AE33: 0 | AF33: 0 | AG33: 0 | AH33: 0 | AI33: 0 | AJ33: 0 | AK33: 0 | AL33: 0 | AM33: 4.4 | AN33: 0 | AO33: 0 | AP33: 0 | AQ33: 0 | AR33: 0 | AS33: 0 | AT33: 0 | AU33: 64654.027 | AV33: 0 | AW33: 0 | AX33: 8443.289 | AY33: 0 | AZ33: 56016.81 | BA33: 0 | BB33: : | BC33: 0 | BD33: : | BE33: 0 | BF33: 0 | BG33: 0 | BH33: 0 | BI33: 0 | BJ33: 0 | BK33: 0 | BL33: 193.928 | BM33: 0 | BN33: 0 | BO33: 0 | BP33: 0 | BQ33: 0 | BR33: : | BS33: 0 | BT33: 218.683 | BU33: 3017.578
A34: Transformation input - electricity and heat generation - autoproducer combined heat and power - energy use | B34: 175821.42 | C34: 0 | D34: 0 | E34: 0 | F34: 0 | G34: 0 | H34: 0 | I34: 0 | J34: 0 | K34: 0 | L34: 0 | M34: 0 | N34: 799.551 | O34: 97.317 | P34: 0 | Q34: 702.234 | R34: 0 | S34: 0 | T34: 0 | U34: 0 | V34: 0 | W34: 79593.832 | X34: 13406.879 | Y34: 0 | Z34: 0 | AA34: : | AB34: : | AC34: : | AD34: 13257.311 | AE34: 0 | AF34: 0 | AG34: 0 | AH34: 0 | AI34: 0 | AJ34: 0 | AK34: 0 | AL34: 0 | AM34: 149.568 | AN34: 0 | AO34: 0 | AP34: 0 | AQ34: 0 | AR34: 0 | AS34: 0 | AT34: 0 | AU34: 50493.582 | AV34: : | AW34: 0 | AX34: : | AY34: 0 | AZ34: : | BA34: : | BB34: : | BC34: 11165.546 | BD34: : | BE34: 0 | BF34: 0 | BG34: 0 | BH34: 0 | BI34: 0 | BJ34: 0 | BK34: 0 | BL34: 3990.496 | BM34: 190.515 | BN34: 35337.54 | BO34: 31337.063 | BP34: 31527.578 | BQ34: 0 | BR34: : | BS34: 0 | BT34: 51308.854 | BU34: 124512.57
A35: Transformation input - electricity and heat generation - autoproducer heat only - energy use | B35: 12000.74 | C35: 0 | D35: 0 | E35: 0 | F35: 0 | G35: 0 | H35: 0 | I35: 0 | J35: 0 | K35: 0 | L35: 0 | M35: 0 | N35: 0 | O35: 0 | P35: 0 | Q35: 0 | R35: 0 | S35: 0 | T35: 0 | U35: 0 | V35: 0 | W35: 2418.933 | X35: 760.697 | Y35: 0 | Z35: 0 | AA35: : | AB35: : | AC35: : | AD35: 760.697 | AE35: 0 | AF35: 0 | AG35: 0 | AH35: 0 | AI35: 0 | AJ35: 0 | AK35: 0 | AL35: 0 | AM35: 0 | AN35: 0 | AO35: 0 | AP35: 0 | AQ35: 0 | AR35: 0 | AS35: 0 | AT35: 0 | AU35: 5.023 | AV35: : | AW35: 0 | AX35: : | AY35: 0 | AZ35: : | BA35: : | BB35: 0 | BC35: 4.644 | BD35: : | BE35: 0 | BF35: 0 | BG35: 0 | BH35: 0 | BI35: 0 | BJ35: 0 | BK35: 0 | BL35: 0.379 | BM35: 784.976 | BN35: 0 | BO35: 0 | BP35: 784.976 | BQ35: 0 | BR35: : | BS35: 8031.111 | BT35: 1792.784 | BU35: 9516.645
A36: Transformation input - electricity and heat generation - electrically driven heat pumps | B36: 0 | C36: : | D36: : | E36: : | F36: : | G36: : | H36: : | I36: : | J36: : | K36: : | L36: : | M36: : | N36: : | O36: : | P36: : | Q36: : | R36: : | S36: : | T36: : | U36: : | V36: : | W36: : | X36: : | Y36: : | Z36: : | AA36: : | AB36: : | AC36: : | AD36: : | AE36: : | AF36: : | AG36: : | AH36: : | AI36: : | AJ36: : | AK36: : | AL36: : | AM36: : | AN36: : | AO36: : | AP36: : | AQ36: : | AR36: : | AS36: : | AT36: : | AU36: : | AV36: : | AW36: : | AX36: : | AY36: : | AZ36: : | BA36: : | BB36: : | BC36: : | BD36: : | BE36: : | BF36: : | BG36: : | BH36: : | BI36: : | BJ36: : | BK36: : | BL36: : | BM36: : | BN36: : | BO36: : | BP36: : | BQ36: : | BR36: 0 | BS36: : | BT36: 0 | BU36: 0
A37: Transformation input - electricity and heat generation - electric boilers | B37: 0 | C37: : | D37: : | E37: : | F37: : | G37: : | H37: : | I37: : | J37: : | K37: : | L37: : | M37: : | N37: : | O37: : | P37: : | Q37: : | R37: : | S37: : | T37: : | U37: : | V37: : | W37: : | X37: : | Y37: : | Z37: : | AA37: : | AB37: : | AC37: : | AD37: : | AE37: : | AF37: : | AG37: : | AH37: : | AI37: : | AJ37: : | AK37: : | AL37: : | AM37: : | AN37: : | AO37: : | AP37: : | AQ37: : | AR37: : | AS37: : | AT37: : | AU37: : | AV37: : | AW37: : | AX37: : | AY37: : | AZ37: : | BA37: : | BB37: : | BC37: : | BD37: : | BE37: : | BF37: : | BG37: : | BH37: : | BI37: : | BJ37: : | BK37: : | BL37: : | BM37: : | BN37: : | BO37: : | BP37: : | BQ37: : | BR37: 0 | BS37: : | BT37: 0 | BU37: 0
A38: Transformation input - electricity and heat generation - electricity for pumped storage | B38: 0 | C38: : | D38: : | E38: : | F38: : | G38: : | H38: : | I38: : | J38: : | K38: : | L38: : | M38: : | N38: : | O38: : | P38: : | Q38: : | R38: : | S38: : | T38: : | U38: : | V38: : | W38: : | X38: : | Y38: : | Z38: : | AA38: : | AB38: : | AC38: : | AD38: : | AE38: : | AF38: : | AG38: : | AH38: : | AI38: : | AJ38: : | AK38: : | AL38: : | AM38: : | AN38: : | AO38: : | AP38: : | AQ38: : | AR38: : | AS38: : | AT38: : | AU38: : | AV38: : | AW38: : | AX38: : | AY38: : | AZ38: : | BA38: : | BB38: : | BC38: : | BD38: : | BE38: : | BF38: : | BG38: : | BH38: : | BI38: : | BJ38: : | BK38: : | BL38: : | BM38: : | BN38: : | BO38: : | BP38: : | BQ38: : | BR38: 0 | BS38: : | BT38: 0 | BU38: 0
A39: Transformation input - electricity and heat generation - derived heat for electricity production | B39: 5650.925 | C39: : | D39: : | E39: : | F39: : | G39: : | H39: : | I39: : | J39: : | K39: : | L39: : | M39: : | N39: : | O39: : | P39: : | Q39: : | R39: : | S39: : | T39: : | U39: : | V39: : | W39: : | X39: : | Y39: : | Z39: : | AA39: : | AB39: : | AC39: : | AD39: : | AE39: : | AF39: : | AG39: : | AH39: : | AI39: : | AJ39: : | AK39: : | AL39: : | AM39: : | AN39: : | AO39: : | AP39: : | AQ39: : | AR39: : | AS39: : | AT39: : | AU39: : | AV39: : | AW39: : | AX39: : | AY39: : | AZ39: : | BA39: : | BB39: : | BC39: : | BD39: : | BE39: : | BF39: : | BG39: : | BH39: : | BI39: : | BJ39: : | BK39: : | BL39: : | BM39: : | BN39: : | BO39: : | BP39: : | BQ39: : | BR39: : | BS39: 5650.925 | BT39: 1240.487 | BU39: 3924.011
A40: Transformation input - electricity and heat generation - charging batteries | B40: 362.92 | C40: : | D40: : | E40: : | F40: : | G40: : | H40: : | I40: : | J40: : | K40: : | L40: : | M40: : | N40: : | O40: : | P40: : | Q40: : | R40: : | S40: : | T40: : | U40: : | V40: : | W40: : | X40: : | Y40: : | Z40: : | AA40: : | AB40: : | AC40: : | AD40: : | AE40: : | AF40: : | AG40: : | AH40: : | AI40: : | AJ40: : | AK40: : | AL40: : | AM40: : | AN40: : | AO40: : | AP40: : | AQ40: : | AR40: : | AS40: : | AT40: : | AU40: : | AV40: : | AW40: : | AX40: : | AY40: : | AZ40: : | BA40: : | BB40: : | BC40: : | BD40: : | BE40: : | BF40: : | BG40: : | BH40: : | BI40: : | BJ40: : | BK40: : | BL40: : | BM40: : | BN40: : | BO40: : | BP40: : | BQ40: : | BR40: 362.92 | BS40: : | BT40: 24.161 | BU40: 178.048
A41: Transformation input - coke ovens - energy use | B41: 70878.617 | C41: 70878.617 | D41: 0 | E41: 70878.617 | F41: 0 | G41: 0 | H41: 0 | I41: 0 | J41: 0 | K41: 0 | L41: 0 | M41: 0 | N41: 0 | O41: 0 | P41: 0 | Q41: 0 | R41: 0 | S41: 0 | T41: 0 | U41: 0 | V41: 0 | W41: 0 | X41: 0 | Y41: 0 | Z41: 0 | AA41: : | AB41: : | AC41: : | AD41: 0 | AE41: 0 | AF41: 0 | AG41: 0 | AH41: 0 | AI41: 0 | AJ41: 0 | AK41: 0 | AL41: 0 | AM41: 0 | AN41: 0 | AO41: 0 | AP41: 0 | AQ41: 0 | AR41: 0 | AS41: 0 | AT41: 0 | AU41: 0 | AV41: : | AW41: : | AX41: : | AY41: : | AZ41: : | BA41: : | BB41: : | BC41: : | BD41: : | BE41: : | BF41: 0 | BG41: : | BH41: 0 | BI41: : | BJ41: 0 | BK41: : | BL41: : | BM41: : | BN41: : | BO41: : | BP41: : | BQ41: : | BR41: : | BS41: : | BT41: 0 | BU41: 70878.617
A42: Transformation input - blast furnaces - energy use | B42: 63808.498 | C42: 63808.498 | D42: 0 | E42: 28264.495 | F42: 0 | G42: 0 | H42: 0 | I42: 35544.003 | J42: 0 | K42: 0 | L42: 0 | M42: 0 | N42: 0 | O42: 0 | P42: 0 | Q42: 0 | R42: 0 | S42: 0 | T42: 0 | U42: 0 | V42: 0 | W42: 0 | X42: 0 | Y42: 0 | Z42: 0 | AA42: : | AB42: : | AC42: : | AD42: 0 | AE42: 0 | AF42: 0 | AG42: 0 | AH42: 0 | AI42: 0 | AJ42: 0 | AK42: 0 | AL42: 0 | AM42: 0 | AN42: 0 | AO42: 0 | AP42: 0 | AQ42: 0 | AR42: 0 | AS42: 0 | AT42: 0 | AU42: 0 | AV42: : | AW42: : | AX42: : | AY42: : | AZ42: : | BA42: : | BB42: : | BC42: : | BD42: 0 | BE42: 0 | BF42: 0 | BG42: 0 | BH42: 0 | BI42: 0 | BJ42: 0 | BK42: 0 | BL42: 0 | BM42: : | BN42: : | BO42: : | BP42: : | BQ42: : | BR42: : | BS42: : | BT42: 0 | BU42: 63808.498
A43: Transformation input - gas works - energy use | B43: 0 | C43: 0 | D43: 0 | E43: 0 | F43: 0 | G43: 0 | H43: 0 | I43: 0 | J43: 0 | K43: 0 | L43: 0 | M43: 0 | N43: 0 | O43: 0 | P43: 0 | Q43: 0 | R43: 0 | S43: 0 | T43: 0 | U43: 0 | V43: 0 | W43: 0 | X43: 0 | Y43: 0 | Z43: 0 | AA43: : | AB43: : | AC43: : | AD43: 0 | AE43: 0 | AF43: 0 | AG43: 0 | AH43: 0 | AI43: 0 | AJ43: 0 | AK43: 0 | AL43: 0 | AM43: 0 | AN43: 0 | AO43: 0 | AP43: 0 | AQ43: 0 | AR43: 0 | AS43: 0 | AT43: 0 | AU43: 0 | AV43: : | AW43: : | AX43: : | AY43: : | AZ43: : | BA43: : | BB43: : | BC43: : | BD43: : | BE43: 0 | BF43: 0 | BG43: 0 | BH43: 0 | BI43: 0 | BJ43: 0 | BK43: 0 | BL43: 0 | BM43: : | BN43: : | BO43: : | BP43: : | BQ43: : | BR43: : | BS43: : | BT43: 0 | BU43: 0
A44: Transformation input - refineries and petrochemical industry - energy use | B44: 4262270.5 | C44: : | D44: : | E44: : | F44: : | G44: : | H44: : | I44: : | J44: : | K44: : | L44: : | M44: : | N44: : | O44: : | P44: : | Q44: : | R44: : | S44: : | T44: : | U44: : | V44: : | W44: : | X44: 4262262.5 | Y44: 2427012.1 | Z44: 423903.74 | AA44: 366286 | AB44: 21733.941 | AC44: 0 | AD44: 94685.632 | AE44: 0 | AF44: 48544.435 | AG44: 582932.38 | AH44: 0.088 | AI44: 234.137 | AJ44: 0 | AK44: 60.075 | AL44: 4483.384 | AM44: 42595.971 | AN44: 136153.09 | AO44: 88997.347 | AP44: 13218.579 | AQ44: 3.416 | AR44: 0 | AS44: 52.207 | AT44: 11365.985 | AU44: 8.019 | AV44: : | AW44: : | AX44: : | AY44: : | AZ44: : | BA44: : | BB44: : | BC44: : | BD44: : | BE44: : | BF44: 8.019 | BG44: : | BH44: 0 | BI44: : | BJ44: 0 | BK44: : | BL44: : | BM44: : | BN44: : | BO44: : | BP44: : | BQ44: : | BR44: : | BS44: : | BT44: 8.019 | BU44: 4262262.5
A45: Transformation input - refineries and petrochemical industry - refinery intake - energy use | B45: 2642416.1 | C45: : | D45: : | E45: : | F45: : | G45: : | H45: : | I45: : | J45: : | K45: : | L45: : | M45: : | N45: : | O45: : | P45: : | Q45: : | R45: : | S45: : | T45: : | U45: : | V45: : | W45: : | X45: 2642416.1 | Y45: 2271942.3 | Z45: 149793.53 | AA45: 218821.62 | AB45: 1858.636 | AC45: 0 | AD45: : | AE45: : | AF45: : | AG45: : | AH45: : | AI45: : | AJ45: : | AK45: : | AL45: : | AM45: : | AN45: : | AO45: : | AP45: : | AQ45: : | AR45: : | AS45: : | AT45: : | AU45: : | AV45: : | AW45: : | AX45: : | AY45: : | AZ45: : | BA45: : | BB45: : | BC45: : | BD45: : | BE45: : | BF45: : | BG45: : | BH45: : | BI45: : | BJ45: : | BK45: : | BL45: : | BM45: : | BN45: : | BO45: : | BP45: : | BQ45: : | BR45: : | BS45: : | BT45: 0 | BU45: 2642416.1
A46: Transformation input - refineries and petrochemical industry - backflows from petrochemical industry - energy use | B46: 154261.76 | C46: : | D46: : | E46: : | F46: : | G46: : | H46: : | I46: : | J46: : | K46: : | L46: : | M46: : | N46: : | O46: : | P46: : | Q46: : | R46: : | S46: : | T46: : | U46: : | V46: : | W46: : | X46: 154253.74 | Y46: : | Z46: : | AA46: : | AB46: : | AC46: : | AD46: 94685.632 | AE46: 0 | AF46: 7161.462 | AG46: 19239.823 | AH46: 0 | AI46: -12.863 | AJ46: 0 | AK46: 0 | AL46: 24.098 | AM46: 817.557 | AN46: 0 | AO46: 28222.131 | AP46: 0 | AQ46: 3.416 | AR46: 0 | AS46: 0 | AT46: 4112.488 | AU46: 8.019 | AV46: : | AW46: : | AX46: : | AY46: : | AZ46: : | BA46: : | BB46: : | BC46: : | BD46: : | BE46: : | BF46: 8.019 | BG46: : | BH46: 0 | BI46: : | BJ46: 0 | BK46: : | BL46: : | BM46: : | BN46: : | BO46: : | BP46: : | BQ46: : | BR46: : | BS46: : | BT46: 8.019 | BU46: 154253.74
A47: Transformation input - refineries and petrochemical industry - products transferred - energy use | B47: 213047.02 | C47: : | D47: : | E47: : | F47: : | G47: : | H47: : | I47: : | J47: : | K47: : | L47: : | M47: : | N47: : | O47: : | P47: : | Q47: : | R47: : | S47: : | T47: : | U47: : | V47: : | W47: : | X47: 213047.02 | Y47: : | Z47: : | AA47: : | AB47: : | AC47: : | AD47: 0 | AE47: 0 | AF47: 0 | AG47: 14768.814 | AH47: 0.088 | AI47: 247 | AJ47: 0 | AK47: 60.075 | AL47: 3249.591 | AM47: 41346.706 | AN47: 136153.09 | AO47: 4640.244 | AP47: 5359.915 | AQ47: 0 | AR47: 0 | AS47: 13.911 | AT47: 7207.587 | AU47: 0 | AV47: : | AW47: : | AX47: : | AY47: : | AZ47: : | BA47: : | BB47: : | BC47: : | BD47: : | BE47: : | BF47: 0 | BG47: : | BH47: 0 | BI47: : | BJ47: 0 | BK47: : | BL47: : | BM47: : | BN47: : | BO47: : | BP47: : | BQ47: : | BR47: : | BS47: : | BT47: 0 | BU47: 213047.02
A48: Transformation input - refineries and petrochemical industry - interproduct transfers - energy use | B48: 658013.43 | C48: : | D48: : | E48: : | F48: : | G48: : | H48: : | I48: : | J48: : | K48: : | L48: : | M48: : | N48: : | O48: : | P48: : | Q48: : | R48: : | S48: : | T48: : | U48: : | V48: : | W48: : | X48: 658013.43 | Y48: 77534.907 | Z48: 31624.532 | AA48: : | AB48: : | AC48: : | AD48: 0 | AE48: 0 | AF48: 11285.284 | AG48: 472393.57 | AH48: 0 | AI48: 0 | AJ48: 0 | AK48: 0 | AL48: 761.313 | AM48: 420.966 | AN48: 0 | AO48: 56134.973 | AP48: 7819.582 | AQ48: 0 | AR48: 0 | AS48: 38.297 | AT48: 0 | AU48: 0 | AV48: : | AW48: : | AX48: : | AY48: : | AZ48: : | BA48: : | BB48: : | BC48: : | BD48: : | BE48: : | BF48: 0 | BG48: : | BH48: 0 | BI48: : | BJ48: 0 | BK48: : | BL48: : | BM48: : | BN48: : | BO48: : | BP48: : | BQ48: : | BR48: : | BS48: : | BT48: 0 | BU48: 658013.43
A49: Transformation input - refineries and petrochemical industry - direct use - energy use | B49: 438573.56 | C49: : | D49: : | E49: : | F49: : | G49: : | H49: : | I49: : | J49: : | K49: : | L49: : | M49: : | N49: : | O49: : | P49: : | Q49: : | R49: : | S49: : | T49: : | U49: : | V49: : | W49: : | X49: 438573.56 | Y49: 77534.907 | Z49: 193698.98 | AA49: 147464.38 | AB49: 19875.305 | AC49: 0 | AD49: : | AE49: : | AF49: : | AG49: : | AH49: : | AI49: : | AJ49: : | AK49: : | AL49: : | AM49: : | AN49: : | AO49: : | AP49: : | AQ49: : | AR49: : | AS49: : | AT49: : | AU49: : | AV49: : | AW49: : | AX49: : | AY49: : | AZ49: : | BA49: : | BB49: : | BC49: : | BD49: : | BE49: : | BF49: : | BG49: : | BH49: : | BI49: : | BJ49: : | BK49: : | BL49: : | BM49: : | BN49: : | BO49: : | BP49: : | BQ49: : | BR49: : | BS49: : | BT49: 0 | BU49: 438573.56
A50: Transformation input - refineries and petrochemical industry - petrochemical industry intake - energy use | B50: 155958.68 | C50: : | D50: : | E50: : | F50: : | G50: : | H50: : | I50: : | J50: : | K50: : | L50: : | M50: : | N50: : | O50: : | P50: : | Q50: : | R50: : | S50: : | T50: : | U50: : | V50: : | W50: : | X50: 155958.68 | Y50: 0 | Z50: 48786.699 | AA50: : | AB50: : | AC50: : | AD50: 0 | AE50: 0 | AF50: 30097.69 | AG50: 76530.175 | AH50: 0 | AI50: 0 | AJ50: 0 | AK50: 0 | AL50: 448.381 | AM50: 10.742 | AN50: 0 | AO50: 0 | AP50: 39.082 | AQ50: 0 | AR50: 0 | AS50: 0 | AT50: 45.909 | AU50: 0 | AV50: : | AW50: : | AX50: : | AY50: : | AZ50: : | BA50: : | BB50: : | BC50: : | BD50: : | BE50: : | BF50: 0 | BG50: : | BH50: 0 | BI50: : | BJ50: 0 | BK50: : | BL50: : | BM50: : | BN50: : | BO50: : | BP50: : | BQ50: : | BR50: : | BS50: : | BT50: 0 | BU50: 155958.68
A51: Transformation input - patent fuel plants - energy use | B51: 0 | C51: 0 | D51: 0 | E51: 0 | F51: 0 | G51: 0 | H51: 0 | I51: 0 | J51: 0 | K51: 0 | L51: 0 | M51: 0 | N51: 0 | O51: 0 | P51: 0 | Q51: 0 | R51: 0 | S51: 0 | T51: 0 | U51: 0 | V51: 0 | W51: : | X51: 0 | Y51: 0 | Z51: 0 | AA51: : | AB51: : | AC51: : | AD51: 0 | AE51: 0 | AF51: 0 | AG51: 0 | AH51: 0 | AI51: 0 | AJ51: 0 | AK51: 0 | AL51: 0 | AM51: 0 | AN51: 0 | AO51: 0 | AP51: 0 | AQ51: 0 | AR51: 0 | AS51: 0 | AT51: 0 | AU51: 0 | AV51: : | AW51: : | AX51: : | AY51: : | AZ51: : | BA51: : | BB51: : | BC51: : | BD51: : | BE51: 0 | BF51: 0 | BG51: 0 | BH51: 0 | BI51: 0 | BJ51: 0 | BK51: 0 | BL51: : | BM51: 0 | BN51: : | BO51: : | BP51: 0 | BQ51: : | BR51: : | BS51: : | BT51: 0 | BU51: 0
A52: Transformation input - brown coal briquettes and peat briquettes plants - energy use | B52: 0 | C52: 0 | D52: 0 | E52: 0 | F52: 0 | G52: 0 | H52: 0 | I52: 0 | J52: 0 | K52: 0 | L52: 0 | M52: 0 | N52: 0 | O52: 0 | P52: 0 | Q52: 0 | R52: 0 | S52: 0 | T52: 0 | U52: 0 | V52: 0 | W52: : | X52: : | Y52: : | Z52: : | AA52: : | AB52: : | AC52: : | AD52: : | AE52: : | AF52: : | AG52: : | AH52: : | AI52: : | AJ52: : | AK52: : | AL52: : | AM52: : | AN52: : | AO52: : | AP52: : | AQ52: : | AR52: : | AS52: : | AT52: : | AU52: 0 | AV52: : | AW52: : | AX52: : | AY52: : | AZ52: : | BA52: : | BB52: : | BC52: 0 | BD52: 0 | BE52: 0 | BF52: : | BG52: 0 | BH52: : | BI52: 0 | BJ52: : | BK52: 0 | BL52: : | BM52: 0 | BN52: 0 | BO52: 0 | BP52: 0 | BQ52: : | BR52: : | BS52: : | BT52: 0 | BU52: 0
A53: Transformation input - coal liquefaction plants - energy use | B53: 0 | C53: 0 | D53: 0 | E53: 0 | F53: 0 | G53: 0 | H53: 0 | I53: 0 | J53: 0 | K53: 0 | L53: 0 | M53: 0 | N53: 0 | O53: 0 | P53: 0 | Q53: 0 | R53: 0 | S53: 0 | T53: 0 | U53: 0 | V53: 0 | W53: : | X53: : | Y53: : | Z53: : | AA53: : | AB53: : | AC53: : | AD53: : | AE53: : | AF53: : | AG53: : | AH53: : | AI53: : | AJ53: : | AK53: : | AL53: : | AM53: : | AN53: : | AO53: : | AP53: : | AQ53: : | AR53: : | AS53: : | AT53: : | AU53: : | AV53: : | AW53: : | AX53: : | AY53: : | AZ53: : | BA53: : | BB53: : | BC53: : | BD53: : | BE53: : | BF53: : | BG53: : | BH53: : | BI53: : | BJ53: : | BK53: : | BL53: : | BM53: : | BN53: : | BO53: : | BP53: : | BQ53: : | BR53: : | BS53: : | BT53: 0 | BU53: 0
A54: Transformation input - for blending with natural gas - energy use | B54: 11332.406 | C54: : | D54: : | E54: : | F54: : | G54: : | H54: : | I54: : | J54: : | K54: : | L54: : | M54: : | N54: 0 | O54: 0 | P54: 0 | Q54: 0 | R54: 0 | S54: : | T54: : | U54: : | V54: : | W54: : | X54: 1614.182 | Y54: 0 | Z54: 0 | AA54: : | AB54: : | AC54: : | AD54: 1614.182 | AE54: 0 | AF54: 0 | AG54: 0 | AH54: 0 | AI54: 0 | AJ54: 0 | AK54: 0 | AL54: 0 | AM54: 0 | AN54: 0 | AO54: 0 | AP54: 0 | AQ54: 0 | AR54: 0 | AS54: 0 | AT54: 0 | AU54: 9718.224 | AV54: : | AW54: : | AX54: : | AY54: : | AZ54: : | BA54: : | BB54: : | BC54: : | BD54: : | BE54: 0 | BF54: 0 | BG54: 0 | BH54: 0 | BI54: 0 | BJ54: 0 | BK54: 0 | BL54: 9718.224 | BM54: : | BN54: : | BO54: : | BP54: : | BQ54: : | BR54: : | BS54: : | BT54: 9718.224 | BU54: 1614.182
A55: Transformation input - liquid biofuels blended - energy use | B55: 46880.121 | C55: : | D55: : | E55: : | F55: : | G55: : | H55: : | I55: : | J55: : | K55: : | L55: : | M55: : | N55: : | O55: : | P55: : | Q55: : | R55: : | S55: : | T55: : | U55: : | V55: : | W55: : | X55: : | Y55: : | Z55: : | AA55: : | AB55: : | AC55: : | AD55: : | AE55: : | AF55: : | AG55: : | AH55: : | AI55: : | AJ55: : | AK55: : | AL55: : | AM55: : | AN55: : | AO55: : | AP55: : | AQ55: : | AR55: : | AS55: : | AT55: : | AU55: 46880.121 | AV55: : | AW55: : | AX55: : | AY55: : | AZ55: : | BA55: : | BB55: : | BC55: : | BD55: : | BE55: 14734.195 | BF55: : | BG55: 32145.926 | BH55: : | BI55: 0 | BJ55: : | BK55: 0 | BL55: : | BM55: : | BN55: : | BO55: : | BP55: : | BQ55: : | BR55: : | BS55: : | BT55: 46880.121 | BU55: 0
A56: Transformation input - charcoal production plants - energy use | B56: 0 | C56: : | D56: : | E56: : | F56: : | G56: : | H56: : | I56: : | J56: : | K56: : | L56: : | M56: : | N56: : | O56: : | P56: : | Q56: : | R56: : | S56: : | T56: : | U56: : | V56: : | W56: : | X56: : | Y56: : | Z56: : | AA56: : | AB56: : | AC56: : | AD56: : | AE56: : | AF56: : | AG56: : | AH56: : | AI56: : | AJ56: : | AK56: : | AL56: : | AM56: : | AN56: : | AO56: : | AP56: : | AQ56: : | AR56: : | AS56: : | AT56: : | AU56: 0 | AV56: : | AW56: : | AX56: : | AY56: : | AZ56: : | BA56: : | BB56: : | BC56: 0 | BD56: : | BE56: 0 | BF56: : | BG56: 0 | BH56: : | BI56: 0 | BJ56: : | BK56: 0 | BL56: : | BM56: : | BN56: : | BO56: : | BP56: : | BQ56: : | BR56: : | BS56: : | BT56: 0 | BU56: 0
A57: Transformation input - gas-to-liquids plants - energy use | B57: 0 | C57: : | D57: : | E57: : | F57: : | G57: : | H57: : | I57: : | J57: : | K57: : | L57: : | M57: : | N57: : | O57: : | P57: : | Q57: : | R57: : | S57: : | T57: : | U57: : | V57: : | W57: 0 | X57: : | Y57: : | Z57: : | AA57: : | AB57: : | AC57: : | AD57: : | AE57: : | AF57: : | AG57: : | AH57: : | AI57: : | AJ57: : | AK57: : | AL57: : | AM57: : | AN57: : | AO57: : | AP57: : | AQ57: : | AR57: : | AS57: : | AT57: : | AU57: : | AV57: : | AW57: : | AX57: : | AY57: : | AZ57: : | BA57: : | BB57: : | BC57: : | BD57: : | BE57: : | BF57: : | BG57: : | BH57: : | BI57: : | BJ57: : | BK57: : | BL57: : | BM57: : | BN57: : | BO57: : | BP57: : | BQ57: : | BR57: : | BS57: : | BT57: 0 | BU57: 0
A58: Transformation input - not elsewhere specified - energy use | B58: 0 | C58: 0 | D58: 0 | E58: 0 | F58: 0 | G58: 0 | H58: 0 | I58: 0 | J58: 0 | K58: 0 | L58: 0 | M58: 0 | N58: 0 | O58: 0 | P58: 0 | Q58: 0 | R58: 0 | S58: 0 | T58: 0 | U58: 0 | V58: 0 | W58: 0 | X58: 0 | Y58: 0 | Z58: 0 | AA58: : | AB58: : | AC58: : | AD58: 0 | AE58: 0 | AF58: 0 | AG58: 0 | AH58: 0 | AI58: 0 | AJ58: 0 | AK58: 0 | AL58: 0 | AM58: 0 | AN58: 0 | AO58: 0 | AP58: 0 | AQ58: 0 | AR58: 0 | AS58: 0 | AT58: 0 | AU58: 0 | AV58: : | AW58: 0 | AX58: : | AY58: 0 | AZ58: : | BA58: : | BB58: 0 | BC58: 0 | BD58: 0 | BE58: 0 | BF58: 0 | BG58: 0 | BH58: 0 | BI58: 0 | BJ58: 0 | BK58: 0 | BL58: 0 | BM58: 0 | BN58: 0 | BO58: 0 | BP58: 0 | BQ58: : | BR58: : | BS58: : | BT58: 0 | BU58: 0
A59: Transformation output | B59: 4907356.5 | C59: 53399.764 | D59: : | E59: : | F59: : | G59: : | H59: : | I59: 50186.705 | J59: 0 | K59: 0 | L59: 0 | M59: 3213.06 | N59: 42147.79 | O59: 15016.271 | P59: 0 | Q59: 27131.519 | R59: 0 | S59: 0 | T59: : | U59: 0 | V59: : | W59: 11333.489 | X59: 4223865.2 | Y59: 77534.907 | Z59: 193698.98 | AA59: 366286 | AB59: 0 | AC59: 0 | AD59: 296327.21 | AE59: 0 | AF59: 72539.956 | AG59: 522616.92 | AH59: 2822.617 | AI59: 768692.42 | AJ59: 0 | AK59: 390466.49 | AL59: 17238.869 | AM59: 856335.6 | AN59: 430034.38 | AO59: 96344.52 | AP59: 44182.723 | AQ59: 410.981 | AR59: 16671.462 | AS59: 37052.463 | AT59: 34608.697 | AU59: 46521.023 | AV59: : | AW59: : | AX59: : | AY59: : | AZ59: : | BA59: : | BB59: : | BC59: : | BD59: 0 | BE59: : | BF59: 14375.097 | BG59: : | BH59: 32145.926 | BI59: : | BJ59: 0 | BK59: : | BL59: 0 | BM59: : | BN59: : | BO59: : | BP59: : | BQ59: : | BR59: 436790.11 | BS59: 93299.154 | BT59: 96196.967 | BU59: 4609705.6
A60: Transformation output - electricity and heat generation | B60: 530089.26 | C60: : | D60: : | E60: : | F60: : | G60: : | H60: : | I60: : | J60: : | K60: : | L60: : | M60: : | N60: : | O60: : | P60: : | Q60: : | R60: : | S60: : | T60: : | U60: : | V60: : | W60: : | X60: : | Y60: : | Z60: : | AA60: : | AB60: : | AC60: : | AD60: : | AE60: : | AF60: : | AG60: : | AH60: : | AI60: : | AJ60: : | AK60: : | AL60: : | AM60: : | AN60: : | AO60: : | AP60: : | AQ60: : | AR60: : | AS60: : | AT60: : | AU60: : | AV60: : | AW60: : | AX60: : | AY60: : | AZ60: : | BA60: : | BB60: : | BC60: : | BD60: : | BE60: : | BF60: : | BG60: : | BH60: : | BI60: : | BJ60: : | BK60: : | BL60: : | BM60: : | BN60: : | BO60: : | BP60: : | BQ60: : | BR60: 436790.11 | BS60: 93299.154 | BT60: 49559.856 | BU60: 279075.47
A61: Transformation output - electricity and heat generation - main activity producer electricity only | B61: 232097.48 | C61: : | D61: : | E61: : | F61: : | G61: : | H61: : | I61: : | J61: : | K61: : | L61: : | M61: : | N61: : | O61: : | P61: : | Q61: : | R61: : | S61: : | T61: : | U61: : | V61: : | W61: : | X61: : | Y61: : | Z61: : | AA61: : | AB61: : | AC61: : | AD61: : | AE61: : | AF61: : | AG61: : | AH61: : | AI61: : | AJ61: : | AK61: : | AL61: : | AM61: : | AN61: : | AO61: : | AP61: : | AQ61: : | AR61: : | AS61: : | AT61: : | AU61: : | AV61: : | AW61: : | AX61: : | AY61: : | AZ61: : | BA61: : | BB61: : | BC61: : | BD61: : | BE61: : | BF61: : | BG61: : | BH61: : | BI61: : | BJ61: : | BK61: : | BL61: : | BM61: : | BN61: : | BO61: : | BP61: : | BQ61: : | BR61: 232097.48 | BS61: : | BT61: 15451.673 | BU61: 113866.58
A62: Transformation output - electricity and heat generation - main activity producer combined heat and power | B62: 90064.078 | C62: : | D62: : | E62: : | F62: : | G62: : | H62: : | I62: : | J62: : | K62: : | L62: : | M62: : | N62: : | O62: : | P62: : | Q62: : | R62: : | S62: : | T62: : | U62: : | V62: : | W62: : | X62: : | Y62: : | Z62: : | AA62: : | AB62: : | AC62: : | AD62: : | AE62: : | AF62: : | AG62: : | AH62: : | AI62: : | AJ62: : | AK62: : | AL62: : | AM62: : | AN62: : | AO62: : | AP62: : | AQ62: : | AR62: : | AS62: : | AT62: : | AU62: : | AV62: : | AW62: : | AX62: : | AY62: : | AZ62: : | BA62: : | BB62: : | BC62: : | BD62: : | BE62: : | BF62: : | BG62: : | BH62: : | BI62: : | BJ62: : | BK62: : | BL62: : | BM62: : | BN62: : | BO62: : | BP62: : | BQ62: : | BR62: 58257.403 | BS62: 31806.675 | BT62: 10860.61 | BU62: 50667.576
A63: Transformation output - electricity and heat generation - main activity producer heat only | B63: 17195.844 | C63: : | D63: : | E63: : | F63: : | G63: : | H63: : | I63: : | J63: : | K63: : | L63: : | M63: : | N63: : | O63: : | P63: : | Q63: : | R63: : | S63: : | T63: : | U63: : | V63: : | W63: : | X63: : | Y63: : | Z63: : | AA63: : | AB63: : | AC63: : | AD63: : | AE63: : | AF63: : | AG63: : | AH63: : | AI63: : | AJ63: : | AK63: : | AL63: : | AM63: : | AN63: : | AO63: : | AP63: : | AQ63: : | AR63: : | AS63: : | AT63: : | AU63: : | AV63: : | AW63: : | AX63: : | AY63: : | AZ63: : | BA63: : | BB63: : | BC63: : | BD63: : | BE63: : | BF63: : | BG63: : | BH63: : | BI63: : | BJ63: : | BK63: : | BL63: : | BM63: : | BN63: : | BO63: : | BP63: : | BQ63: : | BR63: : | BS63: 17195.844 | BT63: 3774.819 | BU63: 11940.821
A64: Transformation output - electricity and heat generation - autoproducer electricity only | B64: 65848.453 | C64: : | D64: : | E64: : | F64: : | G64: : | H64: : | I64: : | J64: : | K64: : | L64: : | M64: : | N64: : | O64: : | P64: : | Q64: : | R64: : | S64: : | T64: : | U64: : | V64: : | W64: : | X64: : | Y64: : | Z64: : | AA64: : | AB64: : | AC64: : | AD64: : | AE64: : | AF64: : | AG64: : | AH64: : | AI64: : | AJ64: : | AK64: : | AL64: : | AM64: : | AN64: : | AO64: : | AP64: : | AQ64: : | AR64: : | AS64: : | AT64: : | AU64: : | AV64: : | AW64: : | AX64: : | AY64: : | AZ64: : | BA64: : | BB64: : | BC64: : | BD64: : | BE64: : | BF64: : | BG64: : | BH64: : | BI64: : | BJ64: : | BK64: : | BL64: : | BM64: : | BN64: : | BO64: : | BP64: : | BQ64: : | BR64: 65848.453 | BS64: : | BT64: 4383.799 | BU64: 32305.125
A65: Transformation output - electricity and heat generation - autoproducer combined heat and power | B65: 111897.53 | C65: : | D65: : | E65: : | F65: : | G65: : | H65: : | I65: : | J65: : | K65: : | L65: : | M65: : | N65: : | O65: : | P65: : | Q65: : | R65: : | S65: : | T65: : | U65: : | V65: : | W65: : | X65: : | Y65: : | Z65: : | AA65: : | AB65: : | AC65: : | AD65: : | AE65: : | AF65: : | AG65: : | AH65: : | AI65: : | AJ65: : | AK65: : | AL65: : | AM65: : | AN65: : | AO65: : | AP65: : | AQ65: : | AR65: : | AS65: : | AT65: : | AU65: : | AV65: : | AW65: : | AX65: : | AY65: : | AZ65: : | BA65: : | BB65: : | BC65: : | BD65: : | BE65: : | BF65: : | BG65: : | BH65: : | BI65: : | BJ65: : | BK65: : | BL65: : | BM65: : | BN65: : | BO65: : | BP65: : | BQ65: : | BR65: 78532.502 | BS65: 33365.032 | BT65: 12552.496 | BU65: 61696.627
A66: Transformation output - electricity and heat generation - autoproducer heat only | B66: 2900.492 | C66: : | D66: : | E66: : | F66: : | G66: : | H66: : | I66: : | J66: : | K66: : | L66: : | M66: : | N66: : | O66: : | P66: : | Q66: : | R66: : | S66: : | T66: : | U66: : | V66: : | W66: : | X66: : | Y66: : | Z66: : | AA66: : | AB66: : | AC66: : | AD66: : | AE66: : | AF66: : | AG66: : | AH66: : | AI66: : | AJ66: : | AK66: : | AL66: : | AM66: : | AN66: : | AO66: : | AP66: : | AQ66: : | AR66: : | AS66: : | AT66: : | AU66: : | AV66: : | AW66: : | AX66: : | AY66: : | AZ66: : | BA66: : | BB66: : | BC66: : | BD66: : | BE66: : | BF66: : | BG66: : | BH66: : | BI66: : | BJ66: : | BK66: : | BL66: : | BM66: : | BN66: : | BO66: : | BP66: : | BQ66: : | BR66: : | BS66: 2900.492 | BT66: 636.714 | BU66: 2014.106
A67: Transformation output - electricity and heat generation - electrically driven heat pumps | B67: 0 | C67: : | D67: : | E67: : | F67: : | G67: : | H67: : | I67: : | J67: : | K67: : | L67: : | M67: : | N67: : | O67: : | P67: : | Q67: : | R67: : | S67: : | T67: : | U67: : | V67: : | W67: : | X67: : | Y67: : | Z67: : | AA67: : | AB67: : | AC67: : | AD67: : | AE67: : | AF67: : | AG67: : | AH67: : | AI67: : | AJ67: : | AK67: : | AL67: : | AM67: : | AN67: : | AO67: : | AP67: : | AQ67: : | AR67: : | AS67: : | AT67: : | AU67: : | AV67: : | AW67: : | AX67: : | AY67: : | AZ67: : | BA67: : | BB67: : | BC67: : | BD67: : | BE67: : | BF67: : | BG67: : | BH67: : | BI67: : | BJ67: : | BK67: : | BL67: : | BM67: : | BN67: : | BO67: : | BP67: : | BQ67: : | BR67: : | BS67: 0 | BT67: 0 | BU67: 0
A68: Transformation output - electricity and heat generation - electric boilers | B68: 0 | C68: : | D68: : | E68: : | F68: : | G68: : | H68: : | I68: : | J68: : | K68: : | L68: : | M68: : | N68: : | O68: : | P68: : | Q68: : | R68: : | S68: : | T68: : | U68: : | V68: : | W68: : | X68: : | Y68: : | Z68: : | AA68: : | AB68: : | AC68: : | AD68: : | AE68: : | AF68: : | AG68: : | AH68: : | AI68: : | AJ68: : | AK68: : | AL68: : | AM68: : | AN68: : | AO68: : | AP68: : | AQ68: : | AR68: : | AS68: : | AT68: : | AU68: : | AV68: : | AW68: : | AX68: : | AY68: : | AZ68: : | BA68: : | BB68: : | BC68: : | BD68: : | BE68: : | BF68: : | BG68: : | BH68: : | BI68: : | BJ68: : | BK68: : | BL68: : | BM68: : | BN68: : | BO68: : | BP68: : | BQ68: : | BR68: : | BS68: 0 | BT68: 0 | BU68: 0
A69: Transformation output - electricity and heat generation - pumped hydro | B69: 0 | C69: : | D69: : | E69: : | F69: : | G69: : | H69: : | I69: : | J69: : | K69: : | L69: : | M69: : | N69: : | O69: : | P69: : | Q69: : | R69: : | S69: : | T69: : | U69: : | V69: : | W69: : | X69: : | Y69: : | Z69: : | AA69: : | AB69: : | AC69: : | AD69: : | AE69: : | AF69: : | AG69: : | AH69: : | AI69: : | AJ69: : | AK69: : | AL69: : | AM69: : | AN69: : | AO69: : | AP69: : | AQ69: : | AR69: : | AS69: : | AT69: : | AU69: : | AV69: : | AW69: : | AX69: : | AY69: : | AZ69: : | BA69: : | BB69: : | BC69: : | BD69: : | BE69: : | BF69: : | BG69: : | BH69: : | BI69: : | BJ69: : | BK69: : | BL69: : | BM69: : | BN69: : | BO69: : | BP69: : | BQ69: : | BR69: 0 | BS69: : | BT69: 0 | BU69: 0
A70: Transformation output - electricity and heat generation - other sources | B70: 10085.383 | C70: : | D70: : | E70: : | F70: : | G70: : | H70: : | I70: : | J70: : | K70: : | L70: : | M70: : | N70: : | O70: : | P70: : | Q70: : | R70: : | S70: : | T70: : | U70: : | V70: : | W70: : | X70: : | Y70: : | Z70: : | AA70: : | AB70: : | AC70: : | AD70: : | AE70: : | AF70: : | AG70: : | AH70: : | AI70: : | AJ70: : | AK70: : | AL70: : | AM70: : | AN70: : | AO70: : | AP70: : | AQ70: : | AR70: : | AS70: : | AT70: : | AU70: : | AV70: : | AW70: : | AX70: : | AY70: : | AZ70: : | BA70: : | BB70: : | BC70: : | BD70: : | BE70: : | BF70: : | BG70: : | BH70: : | BI70: : | BJ70: : | BK70: : | BL70: : | BM70: : | BN70: : | BO70: : | BP70: : | BQ70: : | BR70: 2054.272 | BS70: 8031.111 | BT70: 1899.745 | BU70: 6584.638
A71: Transformation output - coke ovens | B71: 68416.035 | C71: 53399.764 | D71: : | E71: : | F71: : | G71: : | H71: : | I71: 50186.705 | J71: : | K71: : | L71: : | M71: 3213.06 | N71: 15016.271 | O71: 15016.271 | P71: : | Q71: : | R71: : | S71: : | T71: : | U71: : | V71: : | W71: : | X71: : | Y71: : | Z71: : | AA71: : | AB71: : | AC71: : | AD71: : | AE71: : | AF71: : | AG71: : | AH71: : | AI71: : | AJ71: : | AK71: : | AL71: : | AM71: : | AN71: : | AO71: : | AP71: : | AQ71: : | AR71: : | AS71: : | AT71: : | AU71: : | AV71: : | AW71: : | AX71: : | AY71: : | AZ71: : | BA71: : | BB71: : | BC71: : | BD71: : | BE71: : | BF71: : | BG71: : | BH71: : | BI71: : | BJ71: : | BK71: : | BL71: : | BM71: : | BN71: : | BO71: : | BP71: : | BQ71: : | BR71: : | BS71: : | BT71: 0 | BU71: 68416.035
A72: Transformation output - blast furnaces | B72: 27131.519 | C72: 0 | D72: : | E72: : | F72: : | G72: : | H72: : | I72: : | J72: : | K72: : | L72: : | M72: : | N72: 27131.519 | O72: : | P72: : | Q72: 27131.519 | R72: 0 | S72: : | T72: : | U72: : | V72: : | W72: : | X72: : | Y72: : | Z72: : | AA72: : | AB72: : | AC72: : | AD72: : | AE72: : | AF72: : | AG72: : | AH72: : | AI72: : | AJ72: : | AK72: : | AL72: : | AM72: : | AN72: : | AO72: : | AP72: : | AQ72: : | AR72: : | AS72: : | AT72: : | AU72: : | AV72: : | AW72: : | AX72: : | AY72: : | AZ72: : | BA72: : | BB72: : | BC72: : | BD72: : | BE72: : | BF72: : | BG72: : | BH72: : | BI72: : | BJ72: : | BK72: : | BL72: : | BM72: : | BN72: : | BO72: : | BP72: : | BQ72: : | BR72: : | BS72: : | BT72: 0 | BU72: 27131.519
A73: Transformation output - gas works | B73: 0 | C73: 0 | D73: : | E73: : | F73: : | G73: : | H73: : | I73: : | J73: 0 | K73: : | L73: : | M73: : | N73: 0 | O73: : | P73: 0 | Q73: : | R73: : | S73: : | T73: : | U73: : | V73: : | W73: : | X73: : | Y73: : | Z73: : | AA73: : | AB73: : | AC73: : | AD73: : | AE73: : | AF73: : | AG73: : | AH73: : | AI73: : | AJ73: : | AK73: : | AL73: : | AM73: : | AN73: : | AO73: : | AP73: : | AQ73: : | AR73: : | AS73: : | AT73: : | AU73: : | AV73: : | AW73: : | AX73: : | AY73: : | AZ73: : | BA73: : | BB73: : | BC73: : | BD73: : | BE73: : | BF73: : | BG73: : | BH73: : | BI73: : | BJ73: : | BK73: : | BL73: : | BM73: : | BN73: : | BO73: : | BP73: : | BQ73: : | BR73: : | BS73: : | BT73: 0 | BU73: 0
A74: Transformation output - refineries and petrochemical industry | B74: 4223873.2 | C74: : | D74: : | E74: : | F74: : | G74: : | H74: : | I74: : | J74: : | K74: : | L74: : | M74: : | N74: : | O74: : | P74: : | Q74: : | R74: : | S74: : | T74: : | U74: : | V74: : | W74: : | X74: 4223865.2 | Y74: 77534.907 | Z74: 193698.98 | AA74: 366286 | AB74: 0 | AC74: 0 | AD74: 296327.21 | AE74: 0 | AF74: 72539.956 | AG74: 522616.92 | AH74: 2822.617 | AI74: 768692.42 | AJ74: 0 | AK74: 390466.49 | AL74: 17238.869 | AM74: 856335.6 | AN74: 430034.38 | AO74: 96344.52 | AP74: 44182.723 | AQ74: 410.981 | AR74: 16671.462 | AS74: 37052.463 | AT74: 34608.697 | AU74: 8.019 | AV74: : | AW74: : | AX74: : | AY74: : | AZ74: : | BA74: : | BB74: : | BC74: : | BD74: : | BE74: : | BF74: 8.019 | BG74: : | BH74: 0 | BI74: : | BJ74: 0 | BK74: : | BL74: : | BM74: : | BN74: : | BO74: : | BP74: : | BQ74: : | BR74: : | BS74: : | BT74: 8.019 | BU74: 4223865.2
A75: Transformation output - refineries and petrochemical industry - refinery output | B75: 2612491.1 | C75: : | D75: : | E75: : | F75: : | G75: : | H75: : | I75: : | J75: : | K75: : | L75: : | M75: : | N75: : | O75: : | P75: : | Q75: : | R75: : | S75: : | T75: : | U75: : | V75: : | W75: : | X75: 2612491.1 | Y75: : | Z75: : | AA75: : | AB75: : | AC75: : | AD75: 106955.95 | AE75: 0 | AF75: 58217.032 | AG75: 484137.28 | AH75: 2822.617 | AI75: 194758.61 | AJ75: 0 | AK75: 345850.31 | AL75: 17190.672 | AM75: 854700.48 | AN75: 393140.03 | AO75: 39900.258 | AP75: 42858.58 | AQ75: 0 | AR75: 16671.462 | AS75: 37052.463 | AT75: 18235.339 | AU75: : | AV75: : | AW75: : | AX75: : | AY75: : | AZ75: : | BA75: : | BB75: : | BC75: : | BD75: : | BE75: : | BF75: : | BG75: : | BH75: : | BI75: : | BJ75: : | BK75: : | BL75: : | BM75: : | BN75: : | BO75: : | BP75: : | BQ75: : | BR75: : | BS75: : | BT75: 0 | BU75: 2612491.1
A76: Transformation output - refineries and petrochemical industry - backflows | B76: 147464.38 | C76: : | D76: : | E76: : | F76: : | G76: : | H76: : | I76: : | J76: : | K76: : | L76: : | M76: : | N76: : | O76: : | P76: : | Q76: : | R76: : | S76: : | T76: : | U76: : | V76: : | W76: : | X76: 147464.38 | Y76: : | Z76: : | AA76: 147464.38 | AB76: : | AC76: : | AD76: : | AE76: : | AF76: : | AG76: : | AH76: : | AI76: : | AJ76: : | AK76: : | AL76: : | AM76: : | AN76: : | AO76: : | AP76: : | AQ76: : | AR76: : | AS76: : | AT76: : | AU76: : | AV76: : | AW76: : | AX76: : | AY76: : | AZ76: : | BA76: : | BB76: : | BC76: : | BD76: : | BE76: : | BF76: : | BG76: : | BH76: : | BI76: : | BJ76: : | BK76: : | BL76: : | BM76: : | BN76: : | BO76: : | BP76: : | BQ76: : | BR76: : | BS76: : | BT76: 0 | BU76: 147464.38
A77: Transformation output - refineries and petrochemical industry - products transferred | B77: 218821.62 | C77: : | D77: : | E77: : | F77: : | G77: : | H77: : | I77: : | J77: : | K77: : | L77: : | M77: : | N77: : | O77: : | P77: : | Q77: : | R77: : | S77: : | T77: : | U77: : | V77: : | W77: : | X77: 218821.62 | Y77: : | Z77: : | AA77: 218821.62 | AB77: : | AC77: : | AD77: : | AE77: : | AF77: : | AG77: : | AH77: : | AI77: : | AJ77: : | AK77: : | AL77: : | AM77: : | AN77: : | AO77: : | AP77: : | AQ77: : | AR77: : | AS77: : | AT77: : | AU77: : | AV77: : | AW77: : | AX77: : | AY77: : | AZ77: : | BA77: : | BB77: : | BC77: : | BD77: : | BE77: : | BF77: : | BG77: : | BH77: : | BI77: : | BJ77: : | BK77: : | BL77: : | BM77: : | BN77: : | BO77: : | BP77: : | BQ77: : | BR77: : | BS77: : | BT77: 0 | BU77: 218821.62
A78: Transformation output - refineries and petrochemical industry - interproduct transfers | B78: 642290.23 | C78: : | D78: : | E78: : | F78: : | G78: : | H78: : | I78: : | J78: : | K78: : | L78: : | M78: : | N78: : | O78: : | P78: : | Q78: : | R78: : | S78: : | T78: : | U78: : | V78: : | W78: : | X78: 642290.23 | Y78: 0 | Z78: 0 | AA78: : | AB78: : | AC78: : | AD78: 0 | AE78: 0 | AF78: 0 | AG78: 0 | AH78: 0 | AI78: 552227.17 | AJ78: 0 | AK78: 44616.179 | AL78: 0 | AM78: 0 | AN78: 36894.35 | AO78: 0 | AP78: 0 | AQ78: 404.15 | AR78: 0 | AS78: 0 | AT78: 8148.381 | AU78: 0 | AV78: : | AW78: : | AX78: : | AY78: : | AZ78: : | BA78: : | BB78: : | BC78: : | BD78: : | BE78: : | BF78: 0 | BG78: : | BH78: 0 | BI78: : | BJ78: 0 | BK78: : | BL78: : | BM78: : | BN78: : | BO78: : | BP78: : | BQ78: : | BR78: : | BS78: : | BT78: 0 | BU78: 642290.23
A79: Transformation output - refineries and petrochemical industry - primary product receipts | B79: 448544.13 | C79: : | D79: : | E79: : | F79: : | G79: : | H79: : | I79: : | J79: : | K79: : | L79: : | M79: : | N79: : | O79: : | P79: : | Q79: : | R79: : | S79: : | T79: : | U79: : | V79: : | W79: : | X79: 448544.13 | Y79: 77534.907 | Z79: 193698.98 | AA79: : | AB79: : | AC79: : | AD79: 94685.632 | AE79: 0 | AF79: 7161.462 | AG79: 19239.823 | AH79: 0 | AI79: 21719.498 | AJ79: 0 | AK79: 0 | AL79: 24.098 | AM79: 817.557 | AN79: 0 | AO79: 28222.131 | AP79: 1324.143 | AQ79: 3.416 | AR79: 0 | AS79: 0 | AT79: 4112.488 | AU79: : | AV79: : | AW79: : | AX79: : | AY79: : | AZ79: : | BA79: : | BB79: : | BC79: : | BD79: : | BE79: : | BF79: : | BG79: : | BH79: : | BI79: : | BJ79: : | BK79: : | BL79: : | BM79: : | BN79: : | BO79: : | BP79: : | BQ79: : | BR79: : | BS79: : | BT79: 0 | BU79: 448544.13
A80: Transformation output - refineries and petrochemical industry - petrochemical industry returns | B80: 154261.76 | C80: : | D80: : | E80: : | F80: : | G80: : | H80: : | I80: : | J80: : | K80: : | L80: : | M80: : | N80: : | O80: : | P80: : | Q80: : | R80: : | S80: : | T80: : | U80: : | V80: : | W80: : | X80: 154253.74 | Y80: : | Z80: : | AA80: : | AB80: : | AC80: : | AD80: 94685.632 | AE80: 0 | AF80: 7161.462 | AG80: 19239.823 | AH80: 0 | AI80: -12.863 | AJ80: 0 | AK80: 0 | AL80: 24.098 | AM80: 817.557 | AN80: 0 | AO80: 28222.131 | AP80: 0 | AQ80: 3.416 | AR80: 0 | AS80: 0 | AT80: 4112.488 | AU80: 8.019 | AV80: : | AW80: : | AX80: : | AY80: : | AZ80: : | BA80: : | BB80: : | BC80: : | BD80: : | BE80: : | BF80: 8.019 | BG80: : | BH80: 0 | BI80: : | BJ80: 0 | BK80: : | BL80: : | BM80: : | BN80: : | BO80: : | BP80: : | BQ80: : | BR80: : | BS80: : | BT80: 8.019 | BU80: 154253.74
A81: Transformation output - patent fuel plants | B81: 0 | C81: 0 | D81: : | E81: : | F81: : | G81: : | H81: : | I81: : | J81: : | K81: 0 | L81: : | M81: : | N81: : | O81: : | P81: : | Q81: : | R81: : | S81: : | T81: : | U81: : | V81: : | W81: : | X81: : | Y81: : | Z81: : | AA81: : | AB81: : | AC81: : | AD81: : | AE81: : | AF81: : | AG81: : | AH81: : | AI81: : | AJ81: : | AK81: : | AL81: : | AM81: : | AN81: : | AO81: : | AP81: : | AQ81: : | AR81: : | AS81: : | AT81: : | AU81: : | AV81: : | AW81: : | AX81: : | AY81: : | AZ81: : | BA81: : | BB81: : | BC81: : | BD81: : | BE81: : | BF81: : | BG81: : | BH81: : | BI81: : | BJ81: : | BK81: : | BL81: : | BM81: : | BN81: : | BO81: : | BP81: : | BQ81: : | BR81: : | BS81: : | BT81: 0 | BU81: 0
A82: Transformation output - brown coal briquettes and peat briquettes plants | B82: 0 | C82: 0 | D82: : | E82: : | F82: : | G82: : | H82: : | I82: : | J82: : | K82: : | L82: 0 | M82: : | N82: : | O82: : | P82: : | Q82: : | R82: : | S82: 0 | T82: : | U82: 0 | V82: : | W82: : | X82: : | Y82: : | Z82: : | AA82: : | AB82: : | AC82: : | AD82: : | AE82: : | AF82: : | AG82: : | AH82: : | AI82: : | AJ82: : | AK82: : | AL82: : | AM82: : | AN82: : | AO82: : | AP82: : | AQ82: : | AR82: : | AS82: : | AT82: : | AU82: : | AV82: : | AW82: : | AX82: : | AY82: : | AZ82: : | BA82: : | BB82: : | BC82: : | BD82: : | BE82: : | BF82: : | BG82: : | BH82: : | BI82: : | BJ82: : | BK82: : | BL82: : | BM82: : | BN82: : | BO82: : | BP82: : | BQ82: : | BR82: : | BS82: : | BT82: 0 | BU82: 0
A83: Transformation output - coal liquefaction plants | B83: 0 | C83: : | D83: : | E83: : | F83: : | G83: : | H83: : | I83: : | J83: : | K83: : | L83: : | M83: : | N83: : | O83: : | P83: : | Q83: : | R83: : | S83: : | T83: : | U83: : | V83: : | W83: : | X83: 0 | Y83: : | Z83: : | AA83: : | AB83: 0 | AC83: 0 | AD83: : | AE83: : | AF83: : | AG83: : | AH83: : | AI83: : | AJ83: : | AK83: : | AL83: : | AM83: : | AN83: : | AO83: : | AP83: : | AQ83: : | AR83: : | AS83: : | AT83: : | AU83: : | AV83: : | AW83: : | AX83: : | AY83: : | AZ83: : | BA83: : | BB83: : | BC83: : | BD83: : | BE83: : | BF83: : | BG83: : | BH83: : | BI83: : | BJ83: : | BK83: : | BL83: : | BM83: : | BN83: : | BO83: : | BP83: : | BQ83: : | BR83: : | BS83: : | BT83: 0 | BU83: 0
A84: Transformation output - blended in natural gas | B84: 11333.489 | C84: : | D84: : | E84: : | F84: : | G84: : | H84: : | I84: : | J84: : | K84: : | L84: : | M84: : | N84: : | O84: : | P84: : | Q84: : | R84: : | S84: : | T84: : | U84: : | V84: : | W84: 11333.489 | X84: : | Y84: : | Z84: : | AA84: : | AB84: : | AC84: : | AD84: : | AE84: : | AF84: : | AG84: : | AH84: : | AI84: : | AJ84: : | AK84: : | AL84: : | AM84: : | AN84: : | AO84: : | AP84: : | AQ84: : | AR84: : | AS84: : | AT84: : | AU84: : | AV84: : | AW84: : | AX84: : | AY84: : | AZ84: : | BA84: : | BB84: : | BC84: : | BD84: : | BE84: : | BF84: : | BG84: : | BH84: : | BI84: : | BJ84: : | BK84: : | BL84: : | BM84: : | BN84: : | BO84: : | BP84: : | BQ84: : | BR84: : | BS84: : | BT84: 116.088 | BU84: 11217.402
A85: Transformation output - liquid biofuels blended | B85: 46513.004 | C85: : | D85: : | E85: : | F85: : | G85: : | H85: : | I85: : | J85: : | K85: : | L85: : | M85: : | N85: : | O85: : | P85: : | Q85: : | R85: : | S85: : | T85: : | U85: : | V85: : | W85: : | X85: : | Y85: : | Z85: : | AA85: : | AB85: : | AC85: : | AD85: : | AE85: : | AF85: : | AG85: : | AH85: : | AI85: : | AJ85: : | AK85: : | AL85: : | AM85: : | AN85: : | AO85: : | AP85: : | AQ85: : | AR85: : | AS85: : | AT85: : | AU85: 46513.004 | AV85: : | AW85: : | AX85: : | AY85: : | AZ85: : | BA85: : | BB85: : | BC85: : | BD85: : | BE85: : | BF85: 14367.078 | BG85: : | BH85: 32145.926 | BI85: : | BJ85: 0 | BK85: : | BL85: : | BM85: : | BN85: : | BO85: : | BP85: : | BQ85: : | BR85: : | BS85: : | BT85: 46513.004 | BU85: 0
A86: Transformation output - charcoal production plants | B86: 0 | C86: : | D86: : | E86: : | F86: : | G86: : | H86: : | I86: : | J86: : | K86: : | L86: : | M86: : | N86: : | O86: : | P86: : | Q86: : | R86: : | S86: : | T86: : | U86: : | V86: : | W86: : | X86: : | Y86: : | Z86: : | AA86: : | AB86: : | AC86: : | AD86: : | AE86: : | AF86: : | AG86: : | AH86: : | AI86: : | AJ86: : | AK86: : | AL86: : | AM86: : | AN86: : | AO86: : | AP86: : | AQ86: : | AR86: : | AS86: : | AT86: : | AU86: 0 | AV86: : | AW86: : | AX86: : | AY86: : | AZ86: : | BA86: : | BB86: : | BC86: : | BD86: 0 | BE86: : | BF86: : | BG86: : | BH86: : | BI86: : | BJ86: : | BK86: : | BL86: : | BM86: : | BN86: : | BO86: : | BP86: : | BQ86: : | BR86: : | BS86: : | BT86: 0 | BU86: 0
A87: Transformation output - gas-to-liquids plants | B87: 0 | C87: : | D87: : | E87: : | F87: : | G87: : | H87: : | I87: : | J87: : | K87: : | L87: : | M87: : | N87: : | O87: : | P87: : | Q87: : | R87: : | S87: : | T87: : | U87: : | V87: : | W87: : | X87: 0 | Y87: : | Z87: : | AA87: : | AB87: 0 | AC87: 0 | AD87: : | AE87: : | AF87: : | AG87: : | AH87: : | AI87: : | AJ87: : | AK87: : | AL87: : | AM87: : | AN87: : | AO87: : | AP87: : | AQ87: : | AR87: : | AS87: : | AT87: : | AU87: : | AV87: : | AW87: : | AX87: : | AY87: : | AZ87: : | BA87: : | BB87: : | BC87: : | BD87: : | BE87: : | BF87: : | BG87: : | BH87: : | BI87: : | BJ87: : | BK87: : | BL87: : | BM87: : | BN87: : | BO87: : | BP87: : | BQ87: : | BR87: : | BS87: : | BT87: 0 | BU87: 0
A88: Transformation output - not elsewhere specified | B88: 0 | C88: 0 | D88: : | E88: : | F88: : | G88: : | H88: : | I88: 0 | J88: 0 | K88: 0 | L88: 0 | M88: 0 | N88: 0 | O88: 0 | P88: 0 | Q88: 0 | R88: 0 | S88: 0 | T88: : | U88: 0 | V88: : | W88: : | X88: 0 | Y88: : | Z88: : | AA88: : | AB88: 0 | AC88: 0 | AD88: : | AE88: : | AF88: : | AG88: : | AH88: : | AI88: : | AJ88: : | AK88: : | AL88: : | AM88: : | AN88: : | AO88: : | AP88: : | AQ88: : | AR88: : | AS88: : | AT88: : | AU88: : | AV88: : | AW88: : | AX88: : | AY88: : | AZ88: : | BA88: : | BB88: : | BC88: : | BD88: : | BE88: : | BF88: : | BG88: : | BH88: : | BI88: : | BJ88: : | BK88: : | BL88: : | BM88: : | BN88: : | BO88: : | BP88: : | BQ88: : | BR88: : | BS88: : | BT88: 0 | BU88: 0
A89: Energy sector - energy use | B89: 191527.26 | C89: 0 | D89: 0 | E89: 0 | F89: 0 | G89: 0 | H89: 0 | I89: 0 | J89: 0 | K89: 0 | L89: 0 | M89: 0 | N89: 12791.338 | O89: 7194.226 | P89: 0 | Q89: 5597.112 | R89: 0 | S89: 0 | T89: 0 | U89: 0 | V89: 0 | W89: 32451.209 | X89: 104032.26 | Y89: 0 | Z89: 0 | AA89: 0 | AB89: 0 | AC89: 0 | AD89: 89172.464 | AE89: 0 | AF89: 4181.308 | AG89: 0 | AH89: 0 | AI89: 0 | AJ89: 0 | AK89: 0 | AL89: 0 | AM89: 8.197 | AN89: 0 | AO89: 0 | AP89: 0 | AQ89: 0 | AR89: 10670.292 | AS89: 0 | AT89: 0 | AU89: 0 | AV89: : | AW89: 0 | AX89: : | AY89: 0 | AZ89: : | BA89: : | BB89: : | BC89: 0 | BD89: 0 | BE89: 0 | BF89: 0 | BG89: 0 | BH89: 0 | BI89: 0 | BJ89: 0 | BK89: 0 | BL89: 0 | BM89: 0 | BN89: 0 | BO89: 0 | BP89: 0 | BQ89: : | BR89: 30941.248 | BS89: 11311.2 | BT89: 4875.306 | BU89: 171976.65
A90: Energy sector - electricity and heat generation - energy use | B90: 13691.806 | C90: 0 | D90: 0 | E90: 0 | F90: 0 | G90: 0 | H90: 0 | I90: 0 | J90: 0 | K90: 0 | L90: 0 | M90: 0 | N90: 0 | O90: 0 | P90: 0 | Q90: 0 | R90: 0 | S90: 0 | T90: 0 | U90: 0 | V90: 0 | W90: 20.163 | X90: 3.624 | Y90: 0 | Z90: 0 | AA90: : | AB90: : | AC90: : | AD90: 0 | AE90: 0 | AF90: 0 | AG90: 0 | AH90: 0 | AI90: 0 | AJ90: 0 | AK90: 0 | AL90: 0 | AM90: 3.624 | AN90: 0 | AO90: 0 | AP90: 0 | AQ90: 0 | AR90: 0 | AS90: 0 | AT90: 0 | AU90: 0 | AV90: : | AW90: 0 | AX90: : | AY90: 0 | AZ90: : | BA90: : | BB90: : | BC90: 0 | BD90: 0 | BE90: 0 | BF90: 0 | BG90: 0 | BH90: 0 | BI90: 0 | BJ90: 0 | BK90: 0 | BL90: 0 | BM90: 0 | BN90: 0 | BO90: 0 | BP90: 0 | BQ90: : | BR90: 13668.019 | BS90: 0 | BT90: 910.142 | BU90: 6729.084
A91: Energy sector - coal mines - energy use | B91: 0 | C91: 0 | D91: 0 | E91: 0 | F91: 0 | G91: 0 | H91: 0 | I91: 0 | J91: 0 | K91: 0 | L91: 0 | M91: 0 | N91: 0 | O91: 0 | P91: 0 | Q91: 0 | R91: 0 | S91: 0 | T91: 0 | U91: 0 | V91: 0 | W91: 0 | X91: 0 | Y91: 0 | Z91: 0 | AA91: : | AB91: : | AC91: : | AD91: 0 | AE91: 0 | AF91: 0 | AG91: 0 | AH91: 0 | AI91: 0 | AJ91: 0 | AK91: 0 | AL91: 0 | AM91: 0 | AN91: 0 | AO91: 0 | AP91: 0 | AQ91: 0 | AR91: 0 | AS91: 0 | AT91: 0 | AU91: 0 | AV91: : | AW91: 0 | AX91: : | AY91: 0 | AZ91: : | BA91: : | BB91: : | BC91: 0 | BD91: 0 | BE91: 0 | BF91: 0 | BG91: 0 | BH91: 0 | BI91: 0 | BJ91: 0 | BK91: 0 | BL91: 0 | BM91: 0 | BN91: 0 | BO91: 0 | BP91: 0 | BQ91: : | BR91: 0 | BS91: 0 | BT91: 0 | BU91: 0
A92: Energy sector - oil and natural gas extraction plants - energy use | B92: 19520.601 | C92: : | D92: : | E92: : | F92: : | G92: : | H92: : | I92: : | J92: : | K92: : | L92: : | M92: : | N92: : | O92: : | P92: : | Q92: : | R92: : | S92: : | T92: : | U92: : | V92: : | W92: 14138.666 | X92: 0 | Y92: 0 | Z92: 0 | AA92: : | AB92: : | AC92: : | AD92: 0 | AE92: 0 | AF92: 0 | AG92: 0 | AH92: 0 | AI92: 0 | AJ92: 0 | AK92: 0 | AL92: 0 | AM92: 0 | AN92: 0 | AO92: 0 | AP92: 0 | AQ92: 0 | AR92: 0 | AS92: 0 | AT92: 0 | AU92: 0 | AV92: : | AW92: : | AX92: : | AY92: : | AZ92: : | BA92: : | BB92: : | BC92: : | BD92: : | BE92: : | BF92: 0 | BG92: : | BH92: 0 | BI92: : | BJ92: 0 | BK92: : | BL92: : | BM92: : | BN92: : | BO92: : | BP92: : | BQ92: : | BR92: 5381.935 | BS92: 0 | BT92: 503.118 | BU92: 16634.212
A93: Energy sector - patent fuel plants - energy use | B93: 0 | C93: 0 | D93: 0 | E93: 0 | F93: 0 | G93: 0 | H93: 0 | I93: 0 | J93: 0 | K93: 0 | L93: 0 | M93: 0 | N93: 0 | O93: 0 | P93: 0 | Q93: 0 | R93: 0 | S93: 0 | T93: 0 | U93: 0 | V93: 0 | W93: : | X93: : | Y93: : | Z93: : | AA93: : | AB93: : | AC93: : | AD93: : | AE93: : | AF93: : | AG93: : | AH93: : | AI93: : | AJ93: : | AK93: : | AL93: : | AM93: : | AN93: : | AO93: : | AP93: : | AQ93: : | AR93: : | AS93: : | AT93: : | AU93: 0 | AV93: : | AW93: 0 | AX93: : | AY93: 0 | AZ93: : | BA93: : | BB93: : | BC93: 0 | BD93: 0 | BE93: 0 | BF93: : | BG93: 0 | BH93: : | BI93: 0 | BJ93: : | BK93: 0 | BL93: 0 | BM93: 0 | BN93: 0 | BO93: 0 | BP93: 0 | BQ93: : | BR93: 0 | BS93: 0 | BT93: 0 | BU93: 0
A94: Energy sector - coke ovens - energy use | B94: 8193.719 | C94: 0 | D94: 0 | E94: 0 | F94: 0 | G94: 0 | H94: 0 | I94: 0 | J94: 0 | K94: 0 | L94: 0 | M94: 0 | N94: 6927.332 | O94: 6767.563 | P94: 0 | Q94: 159.769 | R94: 0 | S94: 0 | T94: 0 | U94: 0 | V94: 0 | W94: 0 | X94: 0 | Y94: 0 | Z94: 0 | AA94: : | AB94: : | AC94: : | AD94: 0 | AE94: 0 | AF94: 0 | AG94: 0 | AH94: 0 | AI94: 0 | AJ94: 0 | AK94: 0 | AL94: 0 | AM94: 0 | AN94: 0 | AO94: 0 | AP94: 0 | AQ94: 0 | AR94: 0 | AS94: 0 | AT94: 0 | AU94: 0 | AV94: : | AW94: 0 | AX94: : | AY94: 0 | AZ94: : | BA94: : | BB94: : | BC94: 0 | BD94: 0 | BE94: 0 | BF94: 0 | BG94: 0 | BH94: 0 | BI94: 0 | BJ94: 0 | BK94: 0 | BL94: 0 | BM94: 0 | BN94: 0 | BO94: 0 | BP94: 0 | BQ94: : | BR94: 317.603 | BS94: 948.785 | BT94: 229.421 | BU94: 7741.985
A95: Energy sector - brown coal briquettes and peat briquettes plants - energy use | B95: 0 | C95: 0 | D95: 0 | E95: 0 | F95: 0 | G95: 0 | H95: 0 | I95: 0 | J95: 0 | K95: 0 | L95: 0 | M95: 0 | N95: 0 | O95: 0 | P95: 0 | Q95: 0 | R95: 0 | S95: 0 | T95: 0 | U95: 0 | V95: 0 | W95: : | X95: : | Y95: : | Z95: : | AA95: : | AB95: : | AC95: : | AD95: : | AE95: : | AF95: : | AG95: : | AH95: : | AI95: : | AJ95: : | AK95: : | AL95: : | AM95: : | AN95: : | AO95: : | AP95: : | AQ95: : | AR95: : | AS95: : | AT95: : | AU95: 0 | AV95: : | AW95: 0 | AX95: : | AY95: 0 | AZ95: : | BA95: : | BB95: : | BC95: 0 | BD95: 0 | BE95: 0 | BF95: : | BG95: 0 | BH95: : | BI95: 0 | BJ95: : | BK95: 0 | BL95: 0 | BM95: 0 | BN95: 0 | BO95: 0 | BP95: 0 | BQ95: : | BR95: 0 | BS95: 0 | BT95: 0 | BU95: 0
A96: Energy sector - gas works - energy use | B96: 0 | C96: 0 | D96: 0 | E96: 0 | F96: 0 | G96: 0 | H96: 0 | I96: 0 | J96: 0 | K96: 0 | L96: 0 | M96: 0 | N96: 0 | O96: 0 | P96: 0 | Q96: 0 | R96: 0 | S96: 0 | T96: 0 | U96: 0 | V96: 0 | W96: 0 | X96: 0 | Y96: 0 | Z96: 0 | AA96: : | AB96: : | AC96: : | AD96: 0 | AE96: 0 | AF96: 0 | AG96: 0 | AH96: 0 | AI96: 0 | AJ96: 0 | AK96: 0 | AL96: 0 | AM96: 0 | AN96: 0 | AO96: 0 | AP96: 0 | AQ96: 0 | AR96: 0 | AS96: 0 | AT96: 0 | AU96: 0 | AV96: : | AW96: 0 | AX96: : | AY96: 0 | AZ96: : | BA96: : | BB96: : | BC96: 0 | BD96: 0 | BE96: 0 | BF96: 0 | BG96: 0 | BH96: 0 | BI96: 0 | BJ96: 0 | BK96: 0 | BL96: 0 | BM96: 0 | BN96: 0 | BO96: 0 | BP96: 0 | BQ96: : | BR96: 0 | BS96: 0 | BT96: 0 | BU96: 0
A97: Energy sector - blast furnaces - energy use | B97: 6773.41 | C97: 0 | D97: 0 | E97: 0 | F97: 0 | G97: 0 | H97: 0 | I97: 0 | J97: 0 | K97: 0 | L97: 0 | M97: 0 | N97: 5864.006 | O97: 426.663 | P97: 0 | Q97: 5437.343 | R97: 0 | S97: 0 | T97: 0 | U97: 0 | V97: 0 | W97: 524.427 | X97: 0 | Y97: 0 | Z97: 0 | AA97: : | AB97: : | AC97: : | AD97: 0 | AE97: 0 | AF97: 0 | AG97: 0 | AH97: 0 | AI97: 0 | AJ97: 0 | AK97: 0 | AL97: 0 | AM97: 0 | AN97: 0 | AO97: 0 | AP97: 0 | AQ97: 0 | AR97: 0 | AS97: 0 | AT97: 0 | AU97: 0 | AV97: : | AW97: 0 | AX97: : | AY97: 0 | AZ97: : | BA97: : | BB97: : | BC97: 0 | BD97: 0 | BE97: 0 | BF97: 0 | BG97: 0 | BH97: 0 | BI97: 0 | BJ97: 0 | BK97: 0 | BL97: 0 | BM97: 0 | BN97: 0 | BO97: 0 | BP97: 0 | BQ97: : | BR97: 384.977 | BS97: 0 | BT97: 31.001 | BU97: 6571.931
A98: Energy sector - petroleum refineries (oil refineries) - energy use | B98: 139399.75 | C98: 0 | D98: 0 | E98: 0 | F98: 0 | G98: 0 | H98: 0 | I98: 0 | J98: 0 | K98: 0 | L98: 0 | M98: 0 | N98: 0 | O98: 0 | P98: 0 | Q98: 0 | R98: 0 | S98: 0 | T98: 0 | U98: 0 | V98: 0 | W98: 17101.123 | X98: 104028.64 | Y98: : | Z98: : | AA98: : | AB98: : | AC98: : | AD98: 89172.464 | AE98: 0 | AF98: 4181.308 | AG98: 0 | AH98: 0 | AI98: 0 | AJ98: 0 | AK98: 0 | AL98: 0 | AM98: 4.573 | AN98: 0 | AO98: 0 | AP98: 0 | AQ98: 0 | AR98: 10670.292 | AS98: 0 | AT98: 0 | AU98: 0 | AV98: : | AW98: 0 | AX98: : | AY98: 0 | AZ98: : | BA98: : | BB98: : | BC98: 0 | BD98: 0 | BE98: 0 | BF98: 0 | BG98: 0 | BH98: 0 | BI98: 0 | BJ98: 0 | BK98: 0 | BL98: 0 | BM98: 0 | BN98: 0 | BO98: 0 | BP98: 0 | BQ98: : | BR98: 9573.606 | BS98: 8696.379 | BT98: 2721.542 | BU98: 131690.17
A99: Energy sector - nuclear industry - energy use | B99: 566.87 | C99: : | D99: : | E99: : | F99: : | G99: : | H99: : | I99: : | J99: : | K99: : | L99: : | M99: : | N99: : | O99: : | P99: : | Q99: : | R99: : | S99: : | T99: : | U99: : | V99: : | W99: : | X99: : | Y99: : | Z99: : | AA99: : | AB99: : | AC99: : | AD99: : | AE99: : | AF99: : | AG99: : | AH99: : | AI99: : | AJ99: : | AK99: : | AL99: : | AM99: : | AN99: : | AO99: : | AP99: : | AQ99: : | AR99: : | AS99: : | AT99: : | AU99: : | AV99: : | AW99: : | AX99: : | AY99: : | AZ99: : | BA99: : | BB99: : | BC99: : | BD99: : | BE99: : | BF99: : | BG99: : | BH99: : | BI99: : | BJ99: : | BK99: : | BL99: : | BM99: : | BN99: : | BO99: : | BP99: : | BQ99: : | BR99: 566.87 | BS99: 0 | BT99: 37.739 | BU99: 278.106
A100: Energy sector - coal liquefaction plants - energy use | B100: 0 | C100: 0 | D100: 0 | E100: 0 | F100: 0 | G100: 0 | H100: 0 | I100: 0 | J100: 0 | K100: 0 | L100: 0 | M100: 0 | N100: 0 | O100: 0 | P100: 0 | Q100: 0 | R100: 0 | S100: 0 | T100: 0 | U100: 0 | V100: 0 | W100: : | X100: : | Y100: : | Z100: : | AA100: : | AB100: : | AC100: : | AD100: : | AE100: : | AF100: : | AG100: : | AH100: : | AI100: : | AJ100: : | AK100: : | AL100: : | AM100: : | AN100: : | AO100: : | AP100: : | AQ100: : | AR100: : | AS100: : | AT100: : | AU100: : | AV100: : | AW100: : | AX100: : | AY100: : | AZ100: : | BA100: : | BB100: : | BC100: : | BD100: : | BE100: : | BF100: : | BG100: : | BH100: : | BI100: : | BJ100: : | BK100: : | BL100: : | BM100: : | BN100: : | BO100: : | BP100: : | BQ100: : | BR100: 0 | BS100: 0 | BT100: 0 | BU100: 0
A101: Energy sector - liquefaction and regasification plants (LNG) - energy use | B101: 0 | C101: : | D101: : | E101: : | F101: : | G101: : | H101: : | I101: : | J101: : | K101: : | L101: : | M101: : | N101: : | O101: : | P101: : | Q101: : | R101: : | S101: : | T101: : | U101: : | V101: : | W101: 0 | X101: : | Y101: : | Z101: : | AA101: : | AB101: : | AC101: : | AD101: : | AE101: : | AF101: : | AG101: : | AH101: : | AI101: : | AJ101: : | AK101: : | AL101: : | AM101: : | AN101: : | AO101: : | AP101: : | AQ101: : | AR101: : | AS101: : | AT101: : | AU101: : | AV101: : | AW101: : | AX101: : | AY101: : | AZ101: : | BA101: : | BB101: : | BC101: : | BD101: : | BE101: : | BF101: : | BG101: : | BH101: : | BI101: : | BJ101: : | BK101: : | BL101: : | BM101: : | BN101: : | BO101: : | BP101: : | BQ101: : | BR101: 0 | BS101: 0 | BT101: 0 | BU101: 0
A102: Energy sector - gasification plants for biogas - energy use | B102: 0 | C102: : | D102: : | E102: : | F102: : | G102: : | H102: : | I102: : | J102: : | K102: : | L102: : | M102: : | N102: : | O102: : | P102: : | Q102: : | R102: : | S102: : | T102: : | U102: : | V102: : | W102: : | X102: : | Y102: : | Z102: : | AA102: : | AB102: : | AC102: : | AD102: : | AE102: : | AF102: : | AG102: : | AH102: : | AI102: : | AJ102: : | AK102: : | AL102: : | AM102: : | AN102: : | AO102: : | AP102: : | AQ102: : | AR102: : | AS102: : | AT102: : | AU102: 0 | AV102: : | AW102: 0 | AX102: : | AY102: 0 | AZ102: : | BA102: : | BB102: : | BC102: 0 | BD102: 0 | BE102: 0 | BF102: : | BG102: 0 | BH102: : | BI102: 0 | BJ102: : | BK102: 0 | BL102: 0 | BM102: 0 | BN102: 0 | BO102: 0 | BP102: 0 | BQ102: : | BR102: 0 | BS102: 0 | BT102: 0 | BU102: 0
...

Sheet EUROSTAT CB GAS
A1: Data extracted on 20/05/2025 17:13:51 from [ESTAT]
A2: Dataset: | B2: Supply, transformation and consumption of gas [nrg_cb_gas__custom_16789734]
A3: Last updated: | B3: 22/04/2025 23:00
A5: Time frequency | C5: Annual
A6: Unit of measure | C6: Terajoule (gross calorific value - GCV)
A7: Geopolitical entity (reporting) | C7: Netherlands
A8: Time | C8: 2023
A10: SIEC (Labels) | B10: Manufactured gases | D10: Coke oven gas | F10: Gas works gas | H10: Blast furnace gas | J10: Other recovered gases | L10: Natural gas
A11: NRG_BAL (Labels)
A12: Indigenous production | B12: 43816.264 | D12: 16684.745 | F12: 0 | H12: 27131.519 | J12: 0 | L12: 394128.44
A13: Indigenous production - associated gas | B13: : | D13: : | F13: : | H13: : | J13: : | L13: 0
A14: Indigenous production - non-associated gas | B14: : | D14: : | F14: : | H14: : | J14: : | L14: 394128.44
A15: Indigenous production - colliery gas | B15: : | D15: : | F15: : | H15: : | J15: : | L15: 0
A16: Transfer from other sources | B16: 0 | D16: 0 | F16: 0 | H16: 0 | J16: 0 | L16: 12592.766
A17: Transfer from other sources - oil | B17: 0 | D17: 0 | F17: 0 | H17: 0 | J17: 0 | L17: 1793.716
A18: Transfer from other sources - coal | B18: : | D18: : | F18: : | H18: : | J18: : | L18: 0
A19: Transfer from other sources - renewables | B19: 0 | D19: 0 | F19: 0 | H19: 0 | J19: 0 | L19: 10799.05
A20: Transfer from other sources - natural gas | B20: 0 | D20: 0 | F20: 0 | H20: 0 | J20: 0 | L20: :
A21: Imports | B21: 0 | D21: 0 | F21: 0 | H21: 0 | J21: 0 | L21: 1344533.5
A22: Exports | B22: 0 | D22: 0 | F22: 0 | H22: 0 | J22: 0 | L22: 664974.84
A23: Change in stock | B23: 0 | D23: 0 | F23: 0 | H23: 0 | J23: 0 | L23: -32084.103
A24: Change in stock - cushion gas | B24: : | D24: : | F24: : | H24: : | J24: : | L24: 0
A25: International maritime bunkers | B25: 0 | D25: 0 | F25: 0 | H25: 0 | J25: 0 | L25: 9604.519
A26: Inland consumption - calculated | B26: 43816.264 | D26: 16684.745 | F26: 0 | H26: 27131.519 | J26: 0 | L26: 1044591.2
A27: Inland consumption - observed | B27: : | D27: : | F27: : | H27: : | J27: : | L27: 1049006.5
A28: Inland demand | B28: : | D28: : | F28: : | H28: : | J28: : | L28: 1049006.5
A29: Transformation input - energy use | B29: 18328.772 | D29: 1587.268 | F29: 0 | H29: 16741.504 | J29: 0 | L29: 345897.87
A30: Transformation input - electricity and heat generation - main activity producer electricity only - energy use | B30: 15845.888 | D30: 1479.067 | F30: 0 | H30: 14366.821 | J30: 0 | L30: 153179.02
A31: Transformation input - electricity and heat generation - main activity producer combined heat and power - energy use | B31: 1672.52 | D31: 0.071 | F31: 0 | H31: 1672.449 | J31: 0 | L31: 87139.01
A32: Transformation input - electricity and heat generation - main activity producer heat only - energy use | B32: 0 | D32: 0 | F32: 0 | H32: 0 | J32: 0 | L32: 11769.215
A33: Transformation input - electricity and heat generation - autoproducer electricity only - energy use | B33: 0 | D33: 0 | F33: 0 | H33: 0 | J33: 0 | L33: 2685.335
A34: Transformation input - electricity and heat generation - autoproducer combined heat and power - energy use | B34: 810.364 | D34: 108.13 | F34: 0 | H34: 702.234 | J34: 0 | L34: 88437.591
A35: Transformation input - electricity and heat generation - autoproducer heat only - energy use | B35: 0 | D35: 0 | F35: 0 | H35: 0 | J35: 0 | L35: 2687.703
A36: Transformation input - coke ovens - energy use | B36: 0 | D36: 0 | F36: 0 | H36: 0 | J36: 0 | L36: 0
A37: Transformation input - blast furnaces - energy use | B37: 0 | D37: 0 | F37: 0 | H37: 0 | J37: 0 | L37: 0
A38: Transformation input - gas works - energy use | B38: 0 | D38: 0 | F38: 0 | H38: 0 | J38: 0 | L38: 0
A39: Transformation input - patent fuel plants - energy use | B39: 0 | D39: 0 | F39: 0 | H39: 0 | J39: 0 | L39: :
A40: Transformation input - brown coal briquettes and peat briquettes plants - energy use | B40: 0 | D40: 0 | F40: 0 | H40: 0 | J40: 0 | L40: :
A41: Transformation input - coal liquefaction plants - energy use | B41: 0 | D41: 0 | F41: 0 | H41: 0 | J41: 0 | L41: :
A42: Transformation input - for blending with natural gas - energy use | B42: 0 | D42: 0 | F42: 0 | H42: 0 | J42: 0 | L42: :
A43: Transformation input - gas-to-liquids plants - energy use | B43: : | D43: : | F43: : | H43: : | J43: : | L43: 0
A44: Transformation input - gas-to-liquids plants - GTL technology - energy use | B44: : | D44: : | F44: : | H44: : | J44: : | L44: 0
A45: Transformation input - not elsewhere specified - energy use | B45: 0 | D45: 0 | F45: 0 | H45: 0 | J45: 0 | L45: 0
A46: Energy sector - energy use | B46: 13590.696 | D46: 7993.584 | F46: 0 | H46: 5597.112 | J46: 0 | L46: 36056.899
A47: Energy sector - electricity and heat generation - energy use | B47: 0 | D47: 0 | F47: 0 | H47: 0 | J47: 0 | L47: 22.403
A48: Energy sector - coal mines - energy use | B48: 0 | D48: 0 | F48: 0 | H48: 0 | J48: 0 | L48: 0
A49: Energy sector - oil and natural gas extraction plants - energy use | B49: : | D49: : | F49: : | H49: : | J49: : | L49: 15709.629
A50: Energy sector - patent fuel plants - energy use | B50: 0 | D50: 0 | F50: 0 | H50: 0 | J50: 0 | L50: :
A51: Energy sector - coke ovens - energy use | B51: 7679.283 | D51: 7519.514 | F51: 0 | H51: 159.769 | J51: 0 | L51: 0
A52: Energy sector - brown coal briquettes and peat briquettes plants - energy use | B52: 0 | D52: 0 | F52: 0 | H52: 0 | J52: 0 | L52: :
A53: Energy sector - gas works - energy use | B53: 0 | D53: 0 | F53: 0 | H53: 0 | J53: 0 | L53: 0
A54: Energy sector - blast furnaces - energy use | B54: 5911.413 | D54: 474.07 | F54: 0 | H54: 5437.343 | J54: 0 | L54: 582.697
A55: Energy sector - petroleum refineries (oil refineries) - energy use | B55: 0 | D55: 0 | F55: 0 | H55: 0 | J55: 0 | L55: 19001.248
A56: Energy sector - coal liquefaction plants - energy use | B56: 0 | D56: 0 | F56: 0 | H56: 0 | J56: 0 | L56: :
A57: Energy sector - liquefaction and regasification plants (LNG) - energy use | B57: : | D57: : | F57: : | H57: : | J57: : | L57: 0
A58: Energy sector - gas-to-liquids plants - energy use | B58: : | D58: : | F58: : | H58: : | J58: : | L58: 0
A59: Energy sector - gas-to-liquids plants - GTL technology - energy use | B59: : | D59: : | F59: : | H59: : | J59: : | L59: 0
A60: Energy sector - not elsewhere specified - energy use | B60: 0 | D60: 0 | F60: 0 | H60: 0 | J60: 0 | L60: 740.922
A61: Transmission and distribution losses | B61: : | D61: : | F61: : | H61: : | J61: : | L61: 52.714
A62: Distribution losses | B62: 0 | D62: 0 | F62: 0 | H62: 0 | J62: 0 | L62: 0
A63: Distribution losses - non-technical | B63: : | D63: : | F63: : | H63: : | J63: : | L63: 0
A64: Transmission losses | B64: : | D64: : | F64: : | H64: : | J64: : | L64: 0
A65: Vented | B65: : | D65: : | F65: : | H65: : | J65: : | L65: 0
A66: Flared | B66: : | D66: : | F66: : | H66: : | J66: : | L66: 702.432
A67: Final consumption | B67: 11896.795 | D67: 7103.893 | F67: 0 | H67: 4792.902 | J67: 0 | L67: 666999
A68: Final consumption - non-energy use | B68: 0 | D68: 0 | F68: 0 | H68: 0 | J68: 0 | L68: 74463.053
A69: Transformation input, energy sector and final consumption in industry sector - non-energy use | B69: 0 | D69: 0 | F69: 0 | H69: 0 | J69: 0 | L69: :
A70: Final consumption - industry sector - non-energy use | B70: : | D70: : | F70: : | H70: : | J70: : | L70: 74420.881
A71: Final consumption - transport sector - non-energy use | B71: 0 | D71: 0 | F71: 0 | H71: 0 | J71: 0 | L71: 0
A72: Final consumption - other sectors - non-energy use | B72: 0 | D72: 0 | F72: 0 | H72: 0 | J72: 0 | L72: 42.172
A73: Final consumption - energy use | B73: 11896.795 | D73: 7103.893 | F73: 0 | H73: 4792.902 | J73: 0 | L73: 592535.95
A74: Final consumption - industry sector - energy use | B74: 11896.795 | D74: 7103.893 | F74: 0 | H74: 4792.902 | J74: 0 | L74: 195663.82
A75: Final consumption - industry sector - iron and steel - energy use | B75: 11896.795 | D75: 7103.893 | F75: 0 | H75: 4792.902 | J75: 0 | L75: 7981.667
A76: Final consumption - industry sector - iron and steel - non-energy use | B76: : | D76: : | F76: : | H76: : | J76: : | L76: 0
A77: Final consumption - industry sector - chemical and petrochemical - energy use | B77: 0 | D77: 0 | F77: 0 | H77: 0 | J77: 0 | L77: 78161.81
A78: Final consumption - industry sector - chemical and petrochemical - non-energy use | B78: 0 | D78: 0 | F78: 0 | H78: 0 | J78: 0 | L78: 74420.881
A79: Final consumption - industry sector - non-ferrous metals - energy use | B79: 0 | D79: 0 | F79: 0 | H79: 0 | J79: 0 | L79: 2023.347
A80: Final consumption - industry sector - non-ferrous metals - non-energy use | B80: : | D80: : | F80: : | H80: : | J80: : | L80: 0
A81: Final consumption - industry sector - non-metallic minerals - energy use | B81: 0 | D81: 0 | F81: 0 | H81: 0 | J81: 0 | L81: 18383.929
A82: Final consumption - industry sector - non-metallic minerals - non-energy use | B82: : | D82: : | F82: : | H82: : | J82: : | L82: 0
A83: Final consumption - industry sector - transport equipment - energy use | B83: 0 | D83: 0 | F83: 0 | H83: 0 | J83: 0 | L83: 1658.944
A84: Final consumption - industry sector - transport equipment - non-energy use | B84: : | D84: : | F84: : | H84: : | J84: : | L84: 0
A85: Final consumption - industry sector - machinery - energy use | B85: 0 | D85: 0 | F85: 0 | H85: 0 | J85: 0 | L85: 8537.604
A86: Final consumption - industry sector - machinery - non-energy use | B86: : | D86: : | F86: : | H86: : | J86: : | L86: 0
A87: Final consumption - industry sector - mining and quarrying - energy use | B87: 0 | D87: 0 | F87: 0 | H87: 0 | J87: 0 | L87: 1757.109
A88: Final consumption - industry sector - mining and quarrying - non-energy use | B88: : | D88: : | F88: : | H88: : | J88: : | L88: 0
A89: Final consumption - industry sector - food, beverages and tobacco - energy use | B89: 0 | D89: 0 | F89: 0 | H89: 0 | J89: 0 | L89: 56445.995
A90: Final consumption - industry sector - food, beverages and tobacco - non-energy use | B90: : | D90: : | F90: : | H90: : | J90: : | L90: 0
A91: Final consumption - industry sector - paper, pulp and printing - energy use | B91: 0 | D91: 0 | F91: 0 | H91: 0 | J91: 0 | L91: 11038.386
A92: Final consumption - industry sector - paper, pulp and printing - non-energy use | B92: : | D92: : | F92: : | H92: : | J92: : | L92: 0
A93: Final consumption - industry sector - wood and wood products - energy use | B93: 0 | D93: 0 | F93: 0 | H93: 0 | J93: 0 | L93: 763.483
A94: Final consumption - industry sector - wood and wood products - non-energy use | B94: : | D94: : | F94: : | H94: : | J94: : | L94: 0
A95: Final consumption - industry sector - construction - energy use | B95: 0 | D95: 0 | F95: 0 | H95: 0 | J95: 0 | L95: 2673.237
A96: Final consumption - industry sector - construction - non-energy use | B96: : | D96: : | F96: : | H96: : | J96: : | L96: 0
A97: Final consumption - industry sector - textile and leather - energy use | B97: 0 | D97: 0 | F97: 0 | H97: 0 | J97: 0 | L97: 2372.618
A98: Final consumption - industry sector - textile and leather - non-energy use | B98: : | D98: : | F98: : | H98: : | J98: : | L98: 0
A99: Final consumption - industry sector - not elsewhere specified - energy use | B99: 0 | D99: 0 | F99: 0 | H99: 0 | J99: 0 | L99: 3865.689
A100: Final consumption - industry sector - not elsewhere specified - non-energy use | B100: : | D100: : | F100: : | H100: : | J100: : | L100: 0
A101: Final consumption - transport sector - energy use | B101: 0 | D101: 0 | F101: 0 | H101: 0 | J101: 0 | L101: 2969.285
A102: Final consumption - transport sector - rail - energy use | B102: 0 | D102: 0 | F102: 0 | H102: 0 | J102: 0 | L102: :
...

Sheet EUROSTAT CB OIL
A1: Data extracted on 20/05/2025 17:17:10 from [ESTAT]
A2: Dataset: | B2: Supply, transformation and consumption of oil and petroleum products [nrg_cb_oil__custom_16789812]
A3: Last updated: | B3: 10/04/2025 23:00
A5: Time frequency | C5: Annual
A6: Unit of measure | C6: Thousand tonnes
A7: Geopolitical entity (reporting) | C7: Netherlands
A8: Time | C8: 2023
A10: SIEC (Labels) | B10: Oil and petroleum products | D10: Oil and petroleum products (excluding biofuel portion) | F10: Crude oil, NGL, refinery feedstocks, additives and oxygenates and other hydrocarbons | H10: Crude oil, NGL, refinery feedstocks, additives and oxygenates and other hydrocarbons (excluding biofuel portion) | J10: Crude oil | L10: Natural gas liquids | N10: Refinery feedstocks | P10: Additives and oxygenates (excluding biofuel portion) | R10: Additives and oxygenates | T10: Biofuels for blending | V10: Other hydrocarbons | X10: Oil products | Z10: Oil products (excluding biofuel portion) | AB10: Refinery gas | AD10: Ethane | AF10: Liquefied petroleum gases | AH10: Naphtha | AJ10: Aviation gasoline | AL10: Motor gasoline | AN10: Motor gasoline (excluding biofuel portion) | AP10: Gasoline-type jet fuel | AR10: Kerosene-type jet fuel | AT10: Kerosene-type jet fuel (excluding biofuel portion) | AV10: Other kerosene | AX10: Gas oil and diesel oil | AZ10: Gas oil and diesel oil (excluding biofuel portion) | BB10: Road diesel | BD10: Heating and other gasoil | BF10: Fuel oil | BH10: Fuel oil (low sulphur <1%) | BJ10: Fuel oil (high sulphur >=1%) | BL10: White spirit and special boiling point industrial spirits | BN10: Lubricants | BP10: Paraffin waxes | BR10: Petroleum coke | BT10: Bitumen | BV10: Other oil products n.e.c. | BX10: Blended biogasoline | BZ10: Blended biodiesels | CB10: Blended bio jet kerosene
A11: NRG_BAL (Labels)
A12: Indigenous production | B12: 649.088 | D12: 649.088 | F12: 649.088 | H12: 649.088 | J12: 319.586 | L12: 85.308 | N12: : | P12: 244.194 | R12: 244.194 | T12: : | V12: 0 | X12: : | Z12: : | AB12: : | AD12: : | AF12: : | AH12: : | AJ12: : | AL12: : | AN12: : | AP12: : | AR12: : | AT12: : | AV12: : | AX12: : | AZ12: : | BB12: : | BD12: : | BF12: : | BH12: : | BJ12: : | BL12: : | BN12: : | BP12: : | BR12: : | BT12: : | BV12: : | BX12: : | BZ12: : | CB12: :
A13: Transfer from other sources | B13: 1011.033 | D13: 0 | F13: 1011.033 | H13: 0 | J13: : | L13: : | N13: : | P13: 0 | R13: 1011.033 | T13: 1011.033 | V13: 0 | X13: : | Z13: : | AB13: : | AD13: : | AF13: : | AH13: : | AJ13: : | AL13: : | AN13: : | AP13: : | AR13: : | AT13: : | AV13: : | AX13: : | AZ13: : | BB13: : | BD13: : | BF13: : | BH13: : | BJ13: : | BL13: : | BN13: : | BP13: : | BR13: : | BT13: : | BV13: : | BX13: : | BZ13: : | CB13: :
A14: Transfer from other sources - renewables | B14: 1011.033 | D14: 0 | F14: 1011.033 | H14: 0 | J14: : | L14: : | N14: : | P14: 0 | R14: 1011.033 | T14: 1011.033 | V14: 0 | X14: : | Z14: : | AB14: : | AD14: : | AF14: : | AH14: : | AJ14: : | AL14: : | AN14: : | AP14: : | AR14: : | AT14: : | AV14: : | AX14: : | AZ14: : | BB14: : | BD14: : | BF14: : | BH14: : | BJ14: : | BL14: : | BN14: : | BP14: : | BR14: : | BT14: : | BV14: : | BX14: : | BZ14: : | CB14: :
A15: Transfer from other sources - natural gas | B15: 0 | D15: 0 | F15: 0 | H15: 0 | J15: : | L15: : | N15: : | P15: 0 | R15: 0 | T15: 0 | V15: 0 | X15: : | Z15: : | AB15: : | AD15: : | AF15: : | AH15: : | AJ15: : | AL15: : | AN15: : | AP15: : | AR15: : | AT15: : | AV15: : | AX15: : | AZ15: : | BB15: : | BD15: : | BF15: : | BH15: : | BJ15: : | BL15: : | BN15: : | BP15: : | BR15: : | BT15: : | BV15: : | BX15: : | BZ15: : | CB15: :
A16: Recovered and recycled products | B16: 338.257 | D16: 338.257 | F16: : | H16: : | J16: : | L16: : | N16: : | P16: : | R16: : | T16: : | V16: : | X16: 338.257 | Z16: 338.257 | AB16: 242.347 | AD16: 0 | AF16: 0 | AH16: 0 | AJ16: 0 | AL16: 0 | AN16: 0 | AP16: 0 | AR16: 0 | AT16: 0 | AV16: 0 | AX16: 0 | AZ16: 0 | BB16: 0 | BD16: 0 | BF16: 0 | BH16: 0 | BJ16: 0 | BL16: 0 | BN16: 0 | BP16: 0 | BR16: 0 | BT16: 0 | BV16: 95.91 | BX16: 0 | BZ16: 0 | CB16: 0
A17: Imports | B17: 140657.88 | D17: 140597.73 | F17: 62659.727 | H17: 62659.727 | J17: 53745.266 | L17: 7781.345 | N17: 0 | P17: 1133.116 | R17: 1133.116 | T17: : | V17: 0 | X17: 77998.153 | Z17: 77938.007 | AB17: : | AD17: 0 | AF17: 3419.856 | AH17: 18400.959 | AJ17: 0.344 | AL17: 6540.847 | AN17: 6540.847 | AP17: 0 | AR17: 2729.928 | AT17: 2669.782 | AV17: 608.123 | AX17: 13586.538 | AZ17: 13586.538 | BB17: 9544.207 | BD17: 4042.331 | BF17: 24100.459 | BH17: 14956.399 | BJ17: 9144.06 | BL17: 2087.934 | BN17: 2387.556 | BP17: 191.225 | BR17: 2035.682 | BT17: 462.308 | BV17: 1446.394 | BX17: 0 | BZ17: 0 | CB17: 60.146
A18: Exports | B18: 105764.39 | D18: 105538.56 | F18: 1053.805 | H18: 1053.805 | J18: 18.473 | L18: 102.638 | N18: 0 | P18: 932.694 | R18: 932.694 | T18: : | V18: 0 | X18: 104710.58 | Z18: 104484.75 | AB18: : | AD18: 0 | AF18: 2102.204 | AH18: 13342.347 | AJ18: 65.872 | AL18: 20914.139 | AN18: 20781.304 | AP18: 0 | AR18: 8244.586 | AT18: 8244.586 | AV18: 855.022 | AX18: 25894.57 | AZ18: 25801.573 | BB18: 19038.224 | BD18: 6856.346 | BF18: 22698.322 | BH18: 17572.58 | BJ18: 5125.742 | BL18: 2231.354 | BN18: 2823.994 | BP18: 188.334 | BR18: 1692.074 | BT18: 1255.786 | BV18: 2401.979 | BX18: 132.835 | BZ18: 92.997 | CB18: 0
A19: Change in stock | B19: 2258.8 | D19: 1917.879 | F19: 1501.844 | H19: 1160.923 | J19: 974.603 | L19: 43.152 | N19: 0 | P19: 143.168 | R19: 484.089 | T19: 340.921 | V19: 0 | X19: 756.956 | Z19: 756.956 | AB19: 0 | AD19: 0 | AF19: -16.082 | AH19: 39.313 | AJ19: 2.671 | AL19: 467.494 | AN19: 467.494 | AP19: 0 | AR19: -144.156 | AT19: -144.156 | AV19: -12.456 | AX19: 250.076 | AZ19: 250.076 | BB19: 155.945 | BD19: 94.131 | BF19: 151.841 | BH19: 53.641 | BJ19: 98.2 | BL19: -7.336 | BN19: -44.929 | BP19: 6.527 | BR19: -93.857 | BT19: 2.046 | BV19: 155.804 | BX19: 0 | BZ19: 0 | CB19: 0
A20: Stock changes at main activity utilities | B20: 0 | D20: 0 | F20: 0 | H20: 0 | J20: 0 | L20: 0 | N20: : | P20: : | R20: : | T20: : | V20: : | X20: 0 | Z20: 0 | AB20: 0 | AD20: 0 | AF20: 0 | AH20: 0 | AJ20: 0 | AL20: 0 | AN20: 0 | AP20: 0 | AR20: 0 | AT20: 0 | AV20: 0 | AX20: 0 | AZ20: 0 | BB20: 0 | BD20: 0 | BF20: 0 | BH20: 0 | BJ20: 0 | BL20: 0 | BN20: 0 | BP20: 0 | BR20: 0 | BT20: 0 | BV20: 0 | BX20: 0 | BZ20: 0 | CB20: 0
A21: International maritime bunkers | B21: 10657.998 | D21: 10306.826 | F21: : | H21: : | J21: : | L21: : | N21: : | P21: : | R21: : | T21: : | V21: : | X21: 10657.998 | Z21: 10306.826 | AB21: 0 | AD21: 0 | AF21: 0 | AH21: 0 | AJ21: 0 | AL21: 0 | AN21: 0 | AP21: 0 | AR21: 0 | AT21: 0 | AV21: 0 | AX21: 1820.669 | AZ21: 1469.497 | BB21: 0 | BD21: 1820.669 | BF21: 8722.722 | BH21: 7691.833 | BJ21: 1030.889 | BL21: 0 | BN21: 114.607 | BP21: 0 | BR21: 0 | BT21: 0 | BV21: 0 | BX21: 0 | BZ21: 351.172 | CB21: 0
A22: Gross inland deliveries | B22: 28798.993 | D22: 27963.897 | F22: 3683.621 | H22: 3683.621 | J22: 0 | L22: 3683.621 | N22: : | P22: : | R22: : | T22: : | V22: : | X22: 25115.372 | Z22: 24280.276 | AB22: 2730.811 | AD22: 0 | AF22: 2405.974 | AH22: 5466.605 | AJ22: 1.292 | AL22: 4368.969 | AN22: 3969.69 | AP22: 0 | AR22: 3315.816 | AT22: 3255.67 | AV22: 46.933 | AX22: 5803.866 | AZ22: 5428.195 | BB22: 5398.555 | BD22: 405.313 | BF22: 0 | BH22: 0 | BJ22: 0 | BL22: 17.43 | BN22: 152.892 | BP22: 18.963 | BR22: 420.545 | BT22: 91.629 | BV22: 273.647 | BX22: 399.279 | BZ22: 375.671 | CB22: 60.146
A23: Gross inland deliveries - calculated | B23: 28799.292 | D23: 27964.196 | F23: 3683.621 | H23: 3683.621 | J23: 0 | L23: 3683.621 | N23: : | P23: : | R23: : | T23: : | V23: : | X23: 25115.671 | Z23: 24280.575 | AB23: 2730.811 | AD23: 0 | AF23: 2405.973 | AH23: 5466.605 | AJ23: 1.292 | AL23: 4369.267 | AN23: 3969.988 | AP23: 0 | AR23: 3315.816 | AT23: 3255.67 | AV23: 46.932 | AX23: 5803.869 | AZ23: 5428.198 | BB23: 5398.556 | BD23: 405.314 | BF23: -0.001 | BH23: -0.001 | BJ23: 0 | BL23: 17.43 | BN23: 152.893 | BP23: 18.963 | BR23: 420.544 | BT23: 91.629 | BV23: 273.648 | BX23: 399.279 | BZ23: 375.671 | CB23: 60.146
A24: Gross inland deliveries - observed | B24: 28798.993 | D24: 27963.897 | F24: 3683.621 | H24: 3683.621 | J24: 0 | L24: 3683.621 | N24: : | P24: : | R24: : | T24: : | V24: : | X24: 25115.372 | Z24: 24280.276 | AB24: 2730.811 | AD24: 0 | AF24: 2405.974 | AH24: 5466.605 | AJ24: 1.292 | AL24: 4368.969 | AN24: 3969.69 | AP24: 0 | AR24: 3315.816 | AT24: 3255.67 | AV24: 46.933 | AX24: 5803.866 | AZ24: 5428.195 | BB24: 5398.555 | BD24: 405.313 | BF24: 0 | BH24: 0 | BJ24: 0 | BL24: 17.43 | BN24: 152.892 | BP24: 18.963 | BR24: 420.545 | BT24: 91.629 | BV24: 273.647 | BX24: 399.279 | BZ24: 375.671 | CB24: 60.146
A25: Gross inland deliveries - energy use | B25: 19996.977 | D25: 19161.881 | F25: 1108.822 | H25: 1108.822 | J25: 0 | L25: 1108.822 | N25: : | P25: : | R25: : | T25: : | V25: : | X25: 18888.155 | Z25: 18053.059 | AB25: 2730.811 | AD25: 0 | AF25: 876.348 | AH25: 1740.095 | AJ25: 1.292 | AL25: 4368.969 | AN25: 3969.69 | AP25: 0 | AR25: 3315.816 | AT25: 3255.67 | AV25: 15.456 | AX25: 5803.293 | AZ25: 5427.622 | BB25: 5398.555 | BD25: 404.74 | BF25: 0 | BH25: 0 | BJ25: 0 | BL25: 0 | BN25: 0.944 | BP25: 0 | BR25: 1.827 | BT25: 0 | BV25: 33.304 | BX25: 399.279 | BZ25: 375.671 | CB25: 60.146
A26: Gross inland deliveries - non-energy use | B26: 8802.016 | D26: 8802.016 | F26: 2574.799 | H26: 2574.799 | J26: 0 | L26: 2574.799 | N26: : | P26: : | R26: : | T26: : | V26: : | X26: 6227.217 | Z26: 6227.217 | AB26: 0 | AD26: 0 | AF26: 1529.626 | AH26: 3726.51 | AJ26: 0 | AL26: 0 | AN26: 0 | AP26: 0 | AR26: 0 | AT26: 0 | AV26: 31.477 | AX26: 0.573 | AZ26: 0.573 | BB26: 0 | BD26: 0.573 | BF26: 0 | BH26: 0 | BJ26: 0 | BL26: 17.43 | BN26: 151.948 | BP26: 18.963 | BR26: 418.718 | BT26: 91.629 | BV26: 240.343 | BX26: 0 | BZ26: 0 | CB26: 0
A27: International aviation | B27: 3271.255 | D27: 3211.109 | F27: 0 | H27: 0 | J27: 0 | L27: 0 | N27: : | P27: : | R27: : | T27: : | V27: : | X27: 3271.255 | Z27: 3211.109 | AB27: 0 | AD27: 0 | AF27: 0 | AH27: 0 | AJ27: 0 | AL27: 0 | AN27: 0 | AP27: 0 | AR27: 3271.255 | AT27: 3211.109 | AV27: 0 | AX27: 0 | AZ27: 0 | BB27: 0 | BD27: 0 | BF27: 0 | BH27: 0 | BJ27: 0 | BL27: 0 | BN27: 0 | BP27: 0 | BR27: 0 | BT27: 0 | BV27: 0 | BX27: 0 | BZ27: 0 | CB27: 60.146
A28: International aviation - energy use | B28: 3271.255 | D28: 3211.109 | F28: 0 | H28: 0 | J28: 0 | L28: 0 | N28: : | P28: : | R28: : | T28: : | V28: : | X28: 3271.255 | Z28: 3211.109 | AB28: 0 | AD28: 0 | AF28: 0 | AH28: 0 | AJ28: 0 | AL28: 0 | AN28: 0 | AP28: 0 | AR28: 3271.255 | AT28: 3211.109 | AV28: 0 | AX28: 0 | AZ28: 0 | BB28: 0 | BD28: 0 | BF28: 0 | BH28: 0 | BJ28: 0 | BL28: 0 | BN28: 0 | BP28: 0 | BR28: 0 | BT28: 0 | BV28: 0 | BX28: 0 | BZ28: 0 | CB28: 60.146
A29: International aviation - non-energy use | B29: 0 | D29: 0 | F29: 0 | H29: 0 | J29: 0 | L29: 0 | N29: : | P29: : | R29: : | T29: : | V29: : | X29: 0 | Z29: 0 | AB29: 0 | AD29: 0 | AF29: 0 | AH29: 0 | AJ29: 0 | AL29: 0 | AN29: 0 | AP29: 0 | AR29: 0 | AT29: 0 | AV29: 0 | AX29: 0 | AZ29: 0 | BB29: 0 | BD29: 0 | BF29: 0 | BH29: 0 | BJ29: 0 | BL29: 0 | BN29: 0 | BP29: 0 | BR29: 0 | BT29: 0 | BV29: 0 | BX29: 0 | BZ29: 0 | CB29: 0
A30: Transformation input | B30: 3981.262 | D30: 3981.262 | F30: 1108.822 | H30: 1108.822 | J30: 0 | L30: 1108.822 | N30: : | P30: : | R30: : | T30: : | V30: : | X30: 2872.44 | Z30: 2872.44 | AB30: 440.437 | AD30: 0 | AF30: 665.973 | AH30: 1740.095 | AJ30: 0 | AL30: 0 | AN30: 0 | AP30: 0 | AR30: 0 | AT30: 0 | AV30: 10.401 | AX30: 8.509 | AZ30: 8.509 | BB30: 8.26 | BD30: 0.249 | BF30: 0 | BH30: 0 | BJ30: 0 | BL30: 0 | BN30: 0.944 | BP30: 0 | BR30: 0 | BT30: 0 | BV30: 6.081 | BX30: 0 | BZ30: 0 | CB30: 0
A31: Transformation input - energy use | B31: 3981.262 | D31: 3981.262 | F31: 1108.822 | H31: 1108.822 | J31: 0 | L31: 1108.822 | N31: : | P31: : | R31: : | T31: : | V31: : | X31: 2872.44 | Z31: 2872.44 | AB31: 440.437 | AD31: 0 | AF31: 665.973 | AH31: 1740.095 | AJ31: 0 | AL31: 0 | AN31: 0 | AP31: 0 | AR31: 0 | AT31: 0 | AV31: 10.401 | AX31: 8.509 | AZ31: 8.509 | BB31: 8.26 | BD31: 0.249 | BF31: 0 | BH31: 0 | BJ31: 0 | BL31: 0 | BN31: 0.944 | BP31: 0 | BR31: 0 | BT31: 0 | BV31: 6.081 | BX31: 0 | BZ31: 0 | CB31: 0
A32: Transformation input - electricity and heat generation - main activity producer electricity only | B32: 4.153 | D32: 4.153 | F32: 0 | H32: 0 | J32: 0 | L32: 0 | N32: : | P32: : | R32: : | T32: : | V32: : | X32: 4.153 | Z32: 4.153 | AB32: 0 | AD32: 0 | AF32: 0 | AH32: 0 | AJ32: 0 | AL32: 0 | AN32: 0 | AP32: 0 | AR32: 0 | AT32: 0 | AV32: 0 | AX32: 0 | AZ32: 0 | BB32: 0 | BD32: 0 | BF32: 0 | BH32: 0 | BJ32: 0 | BL32: 0 | BN32: 0 | BP32: 0 | BR32: 0 | BT32: 0 | BV32: 4.153 | BX32: 0 | BZ32: 0 | CB32: 0
A33: Transformation input - electricity and heat generation - main activity producer electricity only - energy use | B33: 4.153 | D33: 4.153 | F33: 0 | H33: 0 | J33: 0 | L33: 0 | N33: : | P33: : | R33: : | T33: : | V33: : | X33: 4.153 | Z33: 4.153 | AB33: 0 | AD33: 0 | AF33: 0 | AH33: 0 | AJ33: 0 | AL33: 0 | AN33: 0 | AP33: 0 | AR33: 0 | AT33: 0 | AV33: 0 | AX33: 0 | AZ33: 0 | BB33: 0 | BD33: 0 | BF33: 0 | BH33: 0 | BJ33: 0 | BL33: 0 | BN33: 0 | BP33: 0 | BR33: 0 | BT33: 0 | BV33: 4.153 | BX33: 0 | BZ33: 0 | CB33: 0
... A69: Transformation input - not elsewhere specified - non-energy use | B69: 0 | D69: 0 | F69: 0 | H69: 0 | J69: 0 | L69: 0 | N69: : | P69: : | R69: : | T69: : | V69: : | X69: 0 | Z69: 0 | AB69: 0 | AD69: 0 | AF69: 0 | AH69: 0 | AJ69: 0 | AL69: 0 | AN69: 0 | AP69: 0 | AR69: 0 | AT69: 0 | AV69: 0 | AX69: 0 | AZ69: 0 | BB69: 0 | BD69: 0 | BF69: 0 | BH69: 0 | BJ69: 0 | BL69: 0 | BN69: 0 | BP69: 0 | BR69: 0 | BT69: 0 | BV69: 0 | BX69: 0 | BZ69: 0 | CB69: 0
A70: Transformation output - refineries and petrochemical industry - refinery output | B70: 61047.505 | D70: 61047.505 | F70: : | H70: : | J70: : | L70: : | N70: : | P70: : | R70: : | T70: : | V70: : | X70: 61047.505 | Z70: 61047.505 | AB70: 2366.481 | AD70: 0 | AF70: 1288.171 | AH70: 11008.009 | AJ70: 64.151 | AL70: 4496.786 | AN70: 4496.786 | AP70: 0 | AR70: 7950.378 | AT70: 7950.378 | AV70: 398.768 | AX70: 19811.985 | AZ70: 19811.985 | BB70: 15350.033 | BD70: 4461.953 | BF70: 9589.994 | BH70: 8793.341 | BJ70: 796.653 | BL70: 913.367 | BN70: 1035.227 | BP70: 0 | BR70: 474.469 | BT70: 884.307 | BV70: 765.412 | BX70: 0 | BZ70: 0 | CB70: 0
A71: Energy sector | B71: 0.084 | D71: 0.084 | F71: 0 | H71: 0 | J71: 0 | L71: 0 | N71: : | P71: : | R71: : | T71: : | V71: : | X71: 0.084 | Z71: 0.084 | AB71: 0 | AD71: 0 | AF71: 0 | AH71: 0 | AJ71: 0 | AL71: 0 | AN71: 0 | AP71: 0 | AR71: 0 | AT71: 0 | AV71: 0 | AX71: 0.084 | AZ71: 0.084 | BB71: 0.084 | BD71: 0 | BF71: 0 | BH71: 0 | BJ71: 0 | BL71: 0 | BN71: 0 | BP71: 0 | BR71: 0 | BT71: 0 | BV71: 0 | BX71: 0 | BZ71: 0 | CB71: 0
A72: Energy sector - energy use | B72: 0.084 | D72: 0.084 | F72: 0 | H72: 0 | J72: 0 | L72: 0 | N72: : | P72: : | R72: : | T72: : | V72: : | X72: 0.084 | Z72: 0.084 | AB72: 0 | AD72: 0 | AF72: 0 | AH72: 0 | AJ72: 0 | AL72: 0 | AN72: 0 | AP72: 0 | AR72: 0 | AT72: 0 | AV72: 0 | AX72: 0.084 | AZ72: 0.084 | BB72: 0.084 | BD72: 0 | BF72: 0 | BH72: 0 | BJ72: 0 | BL72: 0 | BN72: 0 | BP72: 0 | BR72: 0 | BT72: 0 | BV72: 0 | BX72: 0 | BZ72: 0 | CB72: 0
A73: Energy sector - electricity and heat generation | B73: 0.084 | D73: 0.084 | F73: 0 | H73: 0 | J73: 0 | L73: 0 | N73: : | P73: : | R73: : | T73: : | V73: : | X73: 0.084 | Z73: 0.084 | AB73: 0 | AD73: 0 | AF73: 0 | AH73: 0 | AJ73: 0 | AL73: 0 | AN73: 0 | AP73: 0 | AR73: 0 | AT73: 0 | AV73: 0 | AX73: 0.084 | AZ73: 0.084 | BB73: 0.084 | BD73: 0 | BF73: 0 | BH73: 0 | BJ73: 0 | BL73: 0 | BN73: 0 | BP73: 0 | BR73: 0 | BT73: 0 | BV73: 0 | BX73: 0 | BZ73: 0 | CB73: 0
A74: Energy sector - electricity and heat generation - energy use | B74: 0.084 | D74: 0.084 | F74: 0 | H74: 0 | J74: 0 | L74: 0 | N74: : | P74: : | R74: : | T74: : | V74: : | X74: 0.084 | Z74: 0.084 | AB74: 0 | AD74: 0 | AF74: 0 | AH74: 0 | AJ74: 0 | AL74: 0 | AN74: 0 | AP74: 0 | AR74: 0 | AT74: 0 | AV74: 0 | AX74: 0.084 | AZ74: 0.084 | BB74: 0.084 | BD74: 0 | BF74: 0 | BH74: 0 | BJ74: 0 | BL74: 0 | BN74: 0 | BP74: 0 | BR74: 0 | BT74: 0 | BV74: 0 | BX74: 0 | BZ74: 0 | CB74: 0
A75: Energy sector - electricity and heat generation - non-energy use | B75: 0 | D75: 0 | F75: 0 | H75: 0 | J75: 0 | L75: 0 | N75: : | P75: : | R75: : | T75: : | V75: : | X75: 0 | Z75: 0 | AB75: 0 | AD75: 0 | AF75: 0 | AH75: 0 | AJ75: 0 | AL75: 0 | AN75: 0 | AP75: 0 | AR75: 0 | AT75: 0 | AV75: 0 | AX75: 0 | AZ75: 0 | BB75: 0 | BD75: 0 | BF75: 0 | BH75: 0 | BJ75: 0 | BL75: 0 | BN75: 0 | BP75: 0 | BR75: 0 | BT75: 0 | BV75: 0 | BX75: 0 | BZ75: 0 | CB75: 0
A76: Energy sector - coal mines | B76: 0 | D76: 0 | F76: 0 | H76: 0 | J76: 0 | L76: 0 | N76: : | P76: : | R76: : | T76: : | V76: : | X76: 0 | Z76: 0 | AB76: 0 | AD76: 0 | AF76: 0 | AH76: 0 | AJ76: 0 | AL76: 0 | AN76: 0 | AP76: 0 | AR76: 0 | AT76: 0 | AV76: 0 | AX76: 0 | AZ76: 0 | BB76: 0 | BD76: 0 | BF76: 0 | BH76: 0 | BJ76: 0 | BL76: 0 | BN76: 0 | BP76: 0 | BR76: 0 | BT76: 0 | BV76: 0 | BX76: 0 | BZ76: 0 | CB76: 0
A77: Energy sector - coal mines - energy use | B77: 0 | D77: 0 | F77: 0 | H77: 0 | J77: 0 | L77: 0 | N77: : | P77: : | R77: : | T77: : | V77: : | X77: 0 | Z77: 0 | AB77: 0 | AD77: 0 | AF77: 0 | AH77: 0 | AJ77: 0 | AL77: 0 | AN77: 0 | AP77: 0 | AR77: 0 | AT77: 0 | AV77: 0 | AX77: 0 | AZ77: 0 | BB77: 0 | BD77: 0 | BF77: 0 | BH77: 0 | BJ77: 0 | BL77: 0 | BN77: 0 | BP77: 0 | BR77: 0 | BT77: 0 | BV77: 0 | BX77: 0 | BZ77: 0 | CB77: 0
A78: Energy sector - coal mines - non-energy use | B78: 0 | D78: 0 | F78: 0 | H78: 0 | J78: 0 | L78: 0 | N78: : | P78: : | R78: : | T78: : | V78: : | X78: 0 | Z78: 0 | AB78: 0 | AD78: 0 | AF78: 0 | AH78: 0 | AJ78: 0 | AL78: 0 | AN78: 0 | AP78: 0 | AR78: 0 | AT78: 0 | AV78: 0 | AX78: 0 | AZ78: 0 | BB78: 0 | BD78: 0 | BF78: 0 | BH78: 0 | BJ78: 0 | BL78: 0 | BN78: 0 | BP78: 0 | BR78: 0 | BT78: 0 | BV78: 0 | BX78: 0 | BZ78: 0 | CB78: 0
A79: Energy sector - oil and natural gas extraction plants | B79: 0 | D79: 0 | F79: 0 | H79: 0 | J79: 0 | L79: 0 | N79: : | P79: : | R79: : | T79: : | V79: : | X79: 0 | Z79: 0 | AB79: 0 | AD79: 0 | AF79: 0 | AH79: 0 | AJ79: 0 | AL79: 0 | AN79: 0 | AP79: 0 | AR79: 0 | AT79: 0 | AV79: 0 | AX79: 0 | AZ79: 0 | BB79: 0 | BD79: 0 | BF79: 0 | BH79: 0 | BJ79: 0 | BL79: 0 | BN79: 0 | BP79: 0 | BR79: 0 | BT79: 0 | BV79: 0 | BX79: 0 | BZ79: 0 | CB79: 0
A80: Energy sector - oil and natural gas extraction plants - energy use | B80: 0 | D80: 0 | F80: 0 | H80: 0 | J80: 0 | L80: 0 | N80: : | P80: : | R80: : | T80: : | V80: : | X80: 0 | Z80: 0 | AB80: 0 | AD80: 0 | AF80: 0 | AH80: 0 | AJ80: 0 | AL80: 0 | AN80: 0 | AP80: 0 | AR80: 0 | AT80: 0 | AV80: 0 | AX80: 0 | AZ80: 0 | BB80: 0 | BD80: 0 | BF80: 0 | BH80: 0 | BJ80: 0 | BL80: 0 | BN80: 0 | BP80: 0 | BR80: 0 | BT80: 0 | BV80: 0 | BX80: 0 | BZ80: 0 | CB80: 0
A81: Energy sector - oil and natural gas extraction plants - non-energy use | B81: 0 | D81: 0 | F81: 0 | H81: 0 | J81: 0 | L81: 0 | N81: : | P81: : | R81: : | T81: : | V81: : | X81: 0 | Z81: 0 | AB81: 0 | AD81: 0 | AF81: 0 | AH81: 0 | AJ81: 0 | AL81: 0 | AN81: 0 | AP81: 0 | AR81: 0 | AT81: 0 | AV81: 0 | AX81: 0 | AZ81: 0 | BB81: 0 | BD81: 0 | BF81: 0 | BH81: 0 | BJ81: 0 | BL81: 0 | BN81: 0 | BP81: 0 | BR81: 0 | BT81: 0 | BV81: 0 | BX81: 0 | BZ81: 0 | CB81: 0
A82: Energy sector - coke ovens | B82: 0 | D82: 0 | F82: 0 | H82: 0 | J82: 0 | L82: 0 | N82: : | P82: : | R82: : | T82: : | V82: : | X82: 0 | Z82: 0 | AB82: 0 | AD82: 0 | AF82: 0 | AH82: 0 | AJ82: 0 | AL82: 0 | AN82: 0 | AP82: 0 | AR82: 0 | AT82: 0 | AV82: 0 | AX82: 0 | AZ82: 0 | BB82: 0 | BD82: 0 | BF82: 0 | BH82: 0 | BJ82: 0 | BL82: 0 | BN82: 0 | BP82: 0 | BR82: 0 | BT82: 0 | BV82: 0 | BX82: 0 | BZ82: 0 | CB82: 0
... A96: Distribution losses - non-energy use | B96: 0 | D96: 0 | F96: 0 | H96: 0 | J96: 0 | L96: 0 | N96: : | P96: : | R96: : | T96: : | V96: : | X96: 0 | Z96: 0 | AB96: 0 | AD96: 0 | AF96: 0 | AH96: 0 | AJ96: 0 | AL96: 0 | AN96: 0 | AP96: 0 | AR96: 0 | AT96: 0 | AV96: 0 | AX96: 0 | AZ96: 0 | BB96: 0 | BD96: 0 | BF96: 0 | BH96: 0 | BJ96: 0 | BL96: 0 | BN96: 0 | BP96: 0 | BR96: 0 | BT96: 0 | BV96: 0 | BX96: 0 | BZ96: 0 | CB96: 0
A97: Refinery losses | B97: 850.549 | D97: 850.549 | F97: 850.549 | H97: 850.549 | J97: 850.549 | L97: 0 | N97: 0 | P97: 0 | R97: 0 | T97: 0 | V97: 0 | X97: : | Z97: : | AB97: : | AD97: : | AF97: : | AH97: : | AJ97: : | AL97: : | AN97: : | AP97: : | AR97: : | AT97: : | AV97: : | AX97: : | AZ97: : | BB97: : | BD97: : | BF97: : | BH97: : | BJ97: : | BL97: : | BN97: : | BP97: : | BR97: : | BT97: : | BV97: : | BX97: : | BZ97: : | CB97: :
A98: Refinery intake - calculated | B98: 61900.741 | D98: 61900.741 | F98: 61900.741 | H98: 61900.741 | J98: 53205.172 | L98: 3404.785 | N98: 5236.466 | P98: 54.318 | R98: 54.318 | T98: 0 | V98: 0 | X98: : | Z98: : | AB98: : | AD98: : | AF98: : | AH98: : | AJ98: : | AL98: : | AN98: : | AP98: : | AR98: : | AT98: : | AV98: : | AX98: : | AZ98: : | BB98: : | BD98: : | BF98: : | BH98: : | BJ98: : | BL98: : | BN98: : | BP98: : | BR98: : | BT98: : | BV98: : | BX98: : | BZ98: : | CB98: :
A99: Refinery intake - observed | B99: 61898.056 | D99: 61898.056 | F99: 61898.056 | H99: 61898.056 | J99: 53207.202 | L99: 3404.501 | N99: 5236.466 | P99: 49.887 | R99: 49.887 | T99: 0 | V99: 0 | X99: : | Z99: : | AB99: : | AD99: : | AF99: : | AH99: : | AJ99: : | AL99: : | AN99: : | AP99: : | AR99: : | AT99: : | AV99: : | AX99: : | AZ99: : | BB99: : | BD99: : | BF99: : | BH99: : | BJ99: : | BL99: : | BN99: : | BP99: : | BR99: : | BT99: : | BV99: : | BX99: : | BZ99: : | CB99: :
A100: Refinery fuel | B100: 2369.31 | D100: 2369.31 | F100: : | H100: : | J100: : | L100: : | N100: : | P100: : | R100: : | T100: : | V100: : | X100: 2369.31 | Z100: 2369.31 | AB100: 1973.008 | AD100: 0 | AF100: 92.52 | AH100: 0 | AJ100: 0 | AL100: 0 | AN100: 0 | AP100: 0 | AR100: 0 | AT100: 0 | AV100: 0 | AX100: 0.106 | AZ100: 0.106 | BB100: 0.106 | BD100: 0 | BF100: 0 | BH100: 0 | BJ100: 0 | BL100: 0 | BN100: 0 | BP100: 0 | BR100: 303.676 | BT100: 0 | BV100: 0 | BX100: 0 | BZ100: 0 | CB100: 0
A101: Refinery fuel - electricity generation | B101: 0 | D101: 0 | F101: : | H101: : | J101: : | L101: : | N101: : | P101: : | R101: : | T101: : | V101: : | X101: 0 | Z101: 0 | AB101: 0 | AD101: 0 | AF101: 0 | AH101: 0 | AJ101: 0 | AL101: 0 | AN101: 0 | AP101: 0 | AR101: 0 | AT101: 0 | AV101: 0 | AX101: 0 | AZ101: 0 | BB101: 0 | BD101: 0 | BF101: 0 | BH101: 0 | BJ101: 0 | BL101: 0 | BN101: 0 | BP101: 0 | BR101: 0 | BT101: 0 | BV101: 0 | BX101: 0 | BZ101: 0 | CB101: 0
A102: Refinery fuel - combined heat and power production | B102: 0 | D102: 0 | F102: : | H102: : | J102: : | L102: : | N102: : | P102: : | R102: : | T102: : | V102: : | X102: 0 | Z102: 0 | AB102: 0 | AD102: 0 | AF102: 0 | AH102: 0 | AJ102: 0 | AL102: 0 | AN102: 0 | AP102: 0 | AR102: 0 | AT102: 0 | AV102: 0 | AX102: 0 | AZ102: 0 | BB102: 0 | BD102: 0 | BF102: 0 | BH102: 0 | BJ102: 0 | BL102: 0 | BN102: 0 | BP102: 0 | BR102: 0 | BT102: 0 | BV102: 0 | BX102: 0 | BZ102: 0 | CB102: 0
A103: Refinery fuel - heat production | B103: 0 | D103: 0 | F103: : | H103: : | J103: : | L103: : | N103: : | P103: : | R103: : | T103: : | V103: : | X103: 0 | Z103: 0 | AB103: 0 | AD103: 0 | AF103: 0 | AH103: 0 | AJ103: 0 | AL103: 0 | AN103: 0 | AP103: 0 | AR103: 0 | AT103: 0 | AV103: 0 | AX103: 0 | AZ103: 0 | BB103: 0 | BD103: 0 | BF103: 0 | BH103: 0 | BJ103: 0 | BL103: 0 | BN103: 0 | BP103: 0 | BR103: 0 | BT103: 0 | BV103: 0 | BX103: 0 | BZ103: 0 | CB103: 0
A104: Final consumption | B104: 24817.647 | D104: 23982.551 | F104: 2574.799 | H104: 2574.799 | J104: 0 | L104: 2574.799 | N104: : | P104: : | R104: : | T104: : | V104: : | X104: 22242.848 | Z104: 21407.752 | AB104: 2290.374 | AD104: 0 | AF104: 1740.001 | AH104: 3726.51 | AJ104: 1.292 | AL104: 4368.969 | AN104: 3969.69 | AP104: 0 | AR104: 3315.816 | AT104: 3255.67 | AV104: 36.532 | AX104: 5795.273 | AZ104: 5419.602 | BB104: 5390.211 | BD104: 405.064 | BF104: 0 | BH104: 0 | BJ104: 0 | BL104: 17.43 | BN104: 151.948 | BP104: 18.963 | BR104: 420.545 | BT104: 91.629 | BV104: 267.566 | BX104: 399.279 | BZ104: 375.671 | CB104: 60.146
A105: Final consumption - non-energy use | B105: 8802.016 | D105: 8802.016 | F105: 2574.799 | H105: 2574.799 | J105: 0 | L105: 2574.799 | N105: : | P105: : | R105: : | T105: : | V105: : | X105: 6227.217 | Z105: 6227.217 | AB105: 0 | AD105: 0 | AF105: 1529.626 | AH105: 3726.51 | AJ105: 0 | AL105: 0 | AN105: 0 | AP105: 0 | AR105: 0 | AT105: 0 | AV105: 31.477 | AX105: 0.573 | AZ105: 0.573 | BB105: 0 | BD105: 0.573 | BF105: 0 | BH105: 0 | BJ105: 0 | BL105: 17.43 | BN105: 151.948 | BP105: 18.963 | BR105: 418.718 | BT105: 91.629 | BV105: 240.343 | BX105: 0 | BZ105: 0 | CB105: 0
A106: Transformation input - non-energy use | B106: 0 | D106: 0 | F106: 0 | H106: 0 | J106: 0 | L106: 0 | N106: : | P106: : | R106: : | T106: : | V106: : | X106: 0 | Z106: 0 | AB106: 0 | AD106: 0 | AF106: 0 | AH106: 0 | AJ106: 0 | AL106: 0 | AN106: 0 | AP106: 0 | AR106: 0 | AT106: 0 | AV106: 0 | AX106: 0 | AZ106: 0 | BB106: 0 | BD106: 0 | BF106: 0 | BH106: 0 | BJ106: 0 | BL106: 0 | BN106: 0 | BP106: 0 | BR106: 0 | BT106: 0 | BV106: 0 | BX106: 0 | BZ106: 0 | CB106: 0
A107: Energy sector - non-energy use | B107: 0 | D107: 0 | F107: 0 | H107: 0 | J107: 0 | L107: 0 | N107: : | P107: : | R107: : | T107: : | V107: : | X107: 0 | Z107: 0 | AB107: 0 | AD107: 0 | AF107: 0 | AH107: 0 | AJ107: 0 | AL107: 0 | AN107: 0 | AP107: 0 | AR107: 0 | AT107: 0 | AV107: 0 | AX107: 0 | AZ107: 0 | BB107: 0 | BD107: 0 | BF107: 0 | BH107: 0 | BJ107: 0 | BL107: 0 | BN107: 0 | BP107: 0 | BR107: 0 | BT107: 0 | BV107: 0 | BX107: 0 | BZ107: 0 | CB107: 0
A108: Final consumption - industry sector - non-energy use | B108: 8700.258 | D108: 8700.258 | F108: 2574.799 | H108: 2574.799 | J108: 0 | L108: 2574.799 | N108: : | P108: : | R108: : | T108: : | V108: : | X108: 6125.459 | Z108: 6125.459 | AB108: 0 | AD108: 0 | AF108: 1529.626 | AH108: 3726.51 | AJ108: 0 | AL108: 0 | AN108: 0 | AP108: 0 | AR108: 0 | AT108: 0 | AV108: 30.916 | AX108: 0.573 | AZ108: 0.573 | BB108: 0 | BD108: 0.573 | BF108: 0 | BH108: 0 | BJ108: 0 | BL108: 17.43 | BN108: 50.751 | BP108: 18.963 | BR108: 418.718 | BT108: 91.629 | BV108: 240.343 | BX108: 0 | BZ108: 0 | CB108: 0
A109: Final consumption - transport sector - non-energy use | B109: 65.337 | D109: 65.337 | F109: 0 | H109: 0 | J109: 0 | L109: 0 | N109: : | P109: : | R109: : | T109: : | V109: : | X109: 65.337 | Z109: 65.337 | AB109: 0 | AD109: 0 | AF109: 0 | AH109: 0 | AJ109: 0 | AL109: 0 | AN109: 0 | AP109: 0 | AR109: 0 | AT109: 0 | AV109: 0 | AX109: 0 | AZ109: 0 | BB109: 0 | BD109: 0 | BF109: 0 | BH109: 0 | BJ109: 0 | BL109: 0 | BN109: 65.337 | BP109: 0 | BR109: 0 | BT109: 0 | BV109: 0 | BX109: 0 | BZ109: 0 | CB109: 0
A110: Final consumption - other sectors - non-energy use | B110: 36.421 | D110: 36.421 | F110: 0 | H110: 0 | J110: 0 | L110: 0 | N110: : | P110: : | R110: : | T110: : | V110: : | X110: 36.421 | Z110: 36.421 | AB110: 0 | AD110: 0 | AF110: 0 | AH110: 0 | AJ110: 0 | AL110: 0 | AN110: 0 | AP110: 0 | AR110: 0 | AT110: 0 | AV110: 0.561 | AX110: 0 | AZ110: 0 | BB110: 0 | BD110: 0 | BF110: 0 | BH110: 0 | BJ110: 0 | BL110: 0 | BN110: 35.86 | BP110: 0 | BR110: 0 | BT110: 0 | BV110: 0 | BX110: 0 | BZ110: 0 | CB110: 0
A111: Final consumption - energy use | B111: 16015.631 | D111: 15180.535 | F111: 0 | H111: 0 | J111: 0 | L111: 0 | N111: : | P111: : | R111: : | T111: : | V111: : | X111: 16015.631 | Z111: 15180.535 | AB111: 2290.374 | AD111: 0 | AF111: 210.375 | AH111: 0 | AJ111: 1.292 | AL111: 4368.969 | AN111: 3969.69 | AP111: 0 | AR111: 3315.816 | AT111: 3255.67 | AV111: 5.055 | AX111: 5794.7 | AZ111: 5419.029 | BB111: 5390.211 | BD111: 404.491 | BF111: 0 | BH111: 0 | BJ111: 0 | BL111: 0 | BN111: 0 | BP111: 0 | BR111: 1.827 | BT111: 0 | BV111: 27.223 | BX111: 399.279 | BZ111: 375.671 | CB111: 60.146
A112: Final consumption - industry sector | B112: 11555.574 | D112: 11519.501 | F112: 2574.799 | H112: 2574.799 | J112: 0 | L112: 2574.799 | N112: : | P112: : | R112: : | T112: : | V112: : | X112: 8980.775 | Z112: 8944.702 | AB112: 2290.374 | AD112: 0 | AF112: 1545.789 | AH112: 3726.51 | AJ112: 0 | AL112: 6.001 | AN112: 6.001 | AP112: 0 | AR112: 0 | AT112: 0 | AV112: 30.96 | AX112: 514.257 | AZ112: 478.184 | BB112: 513.684 | BD112: 0.573 | BF112: 0 | BH112: 0 | BJ112: 0 | BL112: 17.43 | BN112: 50.751 | BP112: 18.963 | BR112: 420.545 | BT112: 91.629 | BV112: 267.566 | BX112: 0 | BZ112: 36.073 | CB112: 0
A113: Final consumption - industry sector - energy use | B113: 2855.316 | D113: 2819.243 | F113: 0 | H113: 0 | J113: 0 | L113: 0 | N113: : | P113: : | R113: : | T113: : | V113: : | X113: 2855.316 | Z113: 2819.243 | AB113: 2290.374 | AD113: 0 | AF113: 16.163 | AH113: 0 | AJ113: 0 | AL113: 6.001 | AN113: 6.001 | AP113: 0 | AR113: 0 | AT113: 0 | AV113: 0.044 | AX113: 513.684 | AZ113: 477.611 | BB113: 513.684 | BD113: 0 | BF113: 0 | BH113: 0 | BJ113: 0 | BL113: 0 | BN113: 0 | BP113: 0 | BR113: 1.827 | BT113: 0 | BV113: 27.223 | BX113: 0 | BZ113: 36.073 | CB113: 0
A114: Final consumption - industry sector - iron and steel | B114: 5.546 | D114: 5.546 | F114: 0 | H114: 0 | J114: 0 | L114: 0 | N114: : | P114: : | R114: : | T114: : | V114: : | X114: 5.546 | Z114: 5.546 | AB114: 0 | AD114: 0 | AF114: 0.737 | AH114: 0 | AJ114: 0 | AL114: 0 | AN114: 0 | AP114: 0 | AR114: 0 | AT114: 0 | AV114: 0 | AX114: 2.43 | AZ114: 2.43 | BB114: 2.43 | BD114: 0 | BF114: 0 | BH114: 0 | BJ114: 0 | BL114: 0 | BN114: 0 | BP114: 0 | BR114: 2.285 | BT114: 0 | BV114: 0.094 | BX114: 0 | BZ114: 0 | CB114: 0
A115: Final consumption - industry sector - iron and steel - energy use | B115: 5.088 | D115: 5.088 | F115: 0 | H115: 0 | J115: 0 | L115: 0 | N115: : | P115: : | R115: : | T115: : | V115: : | X115: 5.088 | Z115: 5.088 | AB115: 0 | AD115: 0 | AF115: 0.737 | AH115: 0 | AJ115: 0 | AL115: 0 | AN115: 0 | AP115: 0 | AR115: 0 | AT115: 0 | AV115: 0 | AX115: 2.43 | AZ115: 2.43 | BB115: 2.43 | BD115: 0 | BF115: 0 | BH115: 0 | BJ115: 0 | BL115: 0 | BN115: 0 | BP115: 0 | BR115: 1.827 | BT115: 0 | BV115: 0.094 | BX115: 0 | BZ115: 0 | CB115: 0
... A191: Final consumption - other sectors - not elsewhere specified - non-energy use | B191: 0 | D191: 0 | F191: 0 | H191: 0 | J191: 0 | L191: 0 | N191: : | P191: : | R191: : | T191: : | V191: : | X191: 0 | Z191: 0 | AB191: 0 | AD191: 0 | AF191: 0 | AH191: 0 | AJ191: 0 | AL191: 0 | AN191: 0 | AP191: 0 | AR191: 0 | AT191: 0 | AV191: 0 | AX191: 0 | AZ191: 0 | BB191: 0 | BD191: 0 | BF191: 0 | BH191: 0 | BJ191: 0 | BL191: 0 | BN191: 0 | BP191: 0 | BR191: 0 | BT191: 0 | BV191: 0 | BX191: 0 | BZ191: 0 | CB191: 0
A192: Statistical differences | B192: 2.984 | D192: 2.984 | F192: 2.685 | H192: 2.685 | J192: -2.03 | L192: 0.284 | N192: 0 | P192: 4.431 | R192: 4.431 | T192: 0 | V192: 0 | X192: 0.299 | Z192: 0.299 | AB192: 0 | AD192: 0 | AF192: -0.001 | AH192: 0 | AJ192: 0 | AL192: 0.298 | AN192: 0.298 | AP192: 0 | AR192: 0 | AT192: 0 | AV192: -0.001 | AX192: 0.003 | AZ192: 0.003 | BB192: 0.001 | BD192: 0.001 | BF192: -0.001 | BH192: -0.001 | BJ192: 0 | BL192: 0 | BN192: 0.001 | BP192: 0 | BR192: -0.001 | BT192: 0 | BV192: 0.001 | BX192: 0 | BZ192: 0 | CB192: 0
A193: Backflows | B193: -0.298 | D193: -0.595 | F193: 3528.866 | H193: 3528.866 | J193: : | L193: : | N193: 3528.866 | P193: : | R193: : | T193: : | V193: : | X193: -3529.164 | Z193: -3529.461 | AB193: -2094.991 | AD193: 0 | AF193: -158.462 | AH193: -437.463 | AJ193: 0 | AL193: 0 | AN193: -0.297 | AP193: 0 | AR193: 0 | AT193: 0 | AV193: -0.559 | AX193: -18.951 | AZ193: -18.951 | BB193: 0 | BD193: -18.951 | BF193: 0 | BH193: 0 | BJ193: 0 | BL193: -646.04 | BN193: 0 | BP193: -0.08 | BR193: 0 | BT193: 0 | BV193: -172.618 | BX193: -0.297 | BZ193: 0 | CB193: 0
A194: Backflows - direct export or sale | B194: 0 | D194: 0 | F194: 0 | H194: : | J194: : | L194: : | N194: : | P194: : | R194: : | T194: : | V194: : | X194: 0 | Z194: 0 | AB194: 0 | AD194: 0 | AF194: 0 | AH194: 0 | AJ194: 0 | AL194: 0 | AN194: 0 | AP194: 0 | AR194: 0 | AT194: 0 | AV194: 0 | AX194: 0 | AZ194: 0 | BB194: 0 | BD194: 0 | BF194: 0 | BH194: 0 | BJ194: 0 | BL194: 0 | BN194: 0 | BP194: 0 | BR194: 0 | BT194: 0 | BV194: 0 | BX194: 0 | BZ194: 0 | CB194: 0
A195: Primary product receipts | B195: 11632.776 | D195: 10280.822 | F195: 6218.192 | H195: 6218.192 | J195: 1815.81 | L195: 4402.382 | N195: : | P195: : | R195: : | T195: : | V195: : | X195: 5414.584 | Z195: 4062.63 | AB195: 2094.991 | AD195: 0 | AF195: 158.462 | AH195: 437.463 | AJ195: 0 | AL195: 1033.596 | AN195: 501.482 | AP195: 0 | AR195: 0 | AT195: 0 | AV195: 0.559 | AX195: 838.791 | AZ195: 18.951 | BB195: 467.583 | BD195: 371.208 | BF195: 0 | BH195: 0 | BJ195: 0 | BL195: 646.04 | BN195: 31.984 | BP195: 0.08 | BR195: 0 | BT195: 0 | BV195: 172.618 | BX195: 532.114 | BZ195: 819.84 | CB195: 0
A196: Interproduct transfers | B196: 0.002 | D196: 0.002 | F196: -2534.571 | H196: -2534.571 | J196: -1815.81 | L196: -718.761 | N196: : | P196: : | R196: : | T196: : | V196: : | X196: 2534.573 | Z196: 2534.573 | AB196: 0 | AD196: 0 | AF196: -249.71 | AH196: -10740.988 | AJ196: 0 | AL196: 12750.386 | AN196: 12750.386 | AP196: 0 | AR196: 1025.633 | AT196: 1025.633 | AV196: -17.66 | AX196: -9.758 | AZ196: -9.758 | BB196: -1080.882 | BD196: 1071.124 | BF196: 899.976 | BH196: 1462.26 | BJ196: -562.284 | BL196: -1285 | BN196: -188.878 | BP196: 9.465 | BR196: 0 | BT196: -0.914 | BV196: 342.021 | BX196: 0 | BZ196: 0 | CB196: 0
A197: Products transferred | B197: 0 | D197: 0 | F197: 5236.466 | H197: 5236.466 | J197: : | L197: : | N197: 5236.466 | P197: : | R197: : | T197: : | V197: : | X197: -5236.466 | Z197: -5236.466 | AB197: 0 | AD197: 0 | AF197: 0 | AH197: -335.804 | AJ197: -0.002 | AL197: -5.703 | AN197: -5.703 | AP197: 0 | AR197: -1.381 | AT197: -1.381 | AV197: -75.38 | AX197: -958.418 | AZ197: -958.418 | BB197: 0 | BD197: -958.418 | BF197: -3321.227 | BH197: -1.229 | BJ197: -3319.998 | BL197: -106.221 | BN197: -129.466 | BP197: 0 | BR197: 0 | BT197: -0.332 | BV197: -302.532 | BX197: 0 | BZ197: 0 | CB197: 0
A198: Direct use | B198: 11632.478 | D198: 10280.524 | F198: 11632.478 | H198: 10280.524 | J198: 1815.81 | L198: 4402.382 | N198: 3528.866 | P198: 533.466 | R198: 1885.42 | T198: 1351.954 | V198: 0 | X198: : | Z198: : | AB198: : | AD198: : | AF198: : | AH198: : | AJ198: : | AL198: : | AN198: : | AP198: : | AR198: : | AT198: : | AV198: : | AX198: : | AZ198: : | BB198: : | BD198: : | BF198: : | BH198: : | BJ198: : | BL198: : | BN198: : | BP198: : | BR198: : | BT198: : | BV198: : | BX198: : | BZ198: : | CB198: :
A199: Gross deliveries to petrochemical industry | B199: 13418.506 | D199: 13418.506 | F199: 3683.621 | H199: 3683.621 | J199: 0 | L199: 3683.621 | N199: : | P199: : | R199: : | T199: : | V199: : | X199: 9734.885 | Z199: 9734.885 | AB199: 2039.858 | AD199: 0 | AF199: 2179.642 | AH199: 5466.605 | AJ199: 0 | AL199: 0 | AN199: 0 | AP199: 0 | AR199: 0 | AT199: 0 | AV199: 39.636 | AX199: 0.822 | AZ199: 0.822 | BB199: 0 | BD199: 0.822 | BF199: 0 | BH199: 0 | BJ199: 0 | BL199: 0 | BN199: 0.944 | BP199: 0.001 | BR199: 0 | BT199: 0 | BV199: 7.377 | BX199: 0 | BZ199: 0 | CB199: 0
A200: Energy use in petrochemical industry | B200: 2039.858 | D200: 2039.858 | F200: 0 | H200: 0 | J200: 0 | L200: 0 | N200: : | P200: : | R200: : | T200: : | V200: : | X200: 2039.858 | Z200: 2039.858 | AB200: 2039.858 | AD200: 0 | AF200: 0 | AH200: 0 | AJ200: 0 | AL200: 0 | AN200: 0 | AP200: 0 | AR200: 0 | AT200: 0 | AV200: 0 | AX200: 0 | AZ200: 0 | BB200: 0 | BD200: 0 | BF200: 0 | BH200: 0 | BJ200: 0 | BL200: 0 | BN200: 0 | BP200: 0 | BR200: 0 | BT200: 0 | BV200: 0 | BX200: 0 | BZ200: 0 | CB200: 0
A201: Non-energy use in petrochemical industry | B201: 7850.237 | D201: 7850.237 | F201: 2574.799 | H201: 2574.799 | J201: 0 | L201: 2574.799 | N201: : | P201: : | R201: : | T201: : | V201: : | X201: 5275.438 | Z201: 5275.438 | AB201: 0 | AD201: 0 | AF201: 1513.669 | AH201: 3726.51 | AJ201: 0 | AL201: 0 | AN201: 0 | AP201: 0 | AR201: 0 | AT201: 0 | AV201: 29.235 | AX201: 0.573 | AZ201: 0.573 | BB201: 0 | BD201: 0.573 | BF201: 0 | BH201: 0 | BJ201: 0 | BL201: 0 | BN201: 0 | BP201: 0.001 | BR201: 0 | BT201: 0 | BV201: 5.45 | BX201: 0 | BZ201: 0 | CB201: 0
A202: Net deliveries of total products | B202: 25269.829 | D202: : | F202: : | H202: : | J202: : | L202: : | N202: : | P202: : | R202: : | T202: : | V202: : | X202: : | Z202: : | AB202: : | AD202: : | AF202: : | AH202: : | AJ202: : | AL202: : | AN202: : | AP202: : | AR202: : | AT202: : | AV202: : | AX202: : | AZ202: : | BB202: : | BD202: : | BF202: : | BH202: : | BJ202: : | BL202: : | BN202: : | BP202: : | BR202: : | BT202: : | BV202: : | BX202: : | BZ202: : | CB202: :
A203: Net deliveries to the petrochemical industry | B203: 9889.342 | D203: : | F203: : | H203: : | J203: : | L203: : | N203: : | P203: : | R203: : | T203: : | V203: : | X203: : | Z203: : | AB203: : | AD203: : | AF203: : | AH203: : | AJ203: : | AL203: : | AN203: : | AP203: : | AR203: : | AT203: : | AV203: : | AX203: : | AZ203: : | BB203: : | BD203: : | BF203: : | BH203: : | BJ203: : | BL203: : | BN203: : | BP203: : | BR203: : | BT203: : | BV203: : | BX203: : | BZ203: : | CB203: :
A205: Special value
A206: : | B206: not available

Sheet EUROSTAT CB summary
A1: SIEC (Labels) | B1: Manufactured gases | C1: Coke oven gas | D1: Gas works gas | E1: Blast furnace gas | F1: Other recovered gases | G1: Natural gas | H1: Oil and petroleum products | I1: Oil and petroleum products (excluding biofuel portion) | J1: Crude oil, NGL, refinery feedstocks, additives and oxygenates and other hydrocarbons | K1: Crude oil, NGL, refinery feedstocks, additives and oxygenates and other hydrocarbons (excluding biofuel portion) | L1: Crude oil | M1: Natural gas liquids | N1: Refinery feedstocks | O1: Additives and oxygenates (excluding biofuel portion) | P1: Additives and oxygenates | Q1: Biofuels for blending | R1: Other hydrocarbons | S1: Oil products | T1: Oil products (excluding biofuel portion) | U1: Refinery gas | V1: Ethane | W1: Liquefied petroleum gases | X1: Naphtha | Y1: Aviation gasoline | Z1: Motor gasoline | AA1: Motor gasoline (excluding biofuel portion) | AB1: Gasoline-type jet fuel | AC1: Kerosene-type jet fuel | AD1: Kerosene-type jet fuel (excluding biofuel portion) | AE1: Other kerosene | AF1: Gas oil and diesel oil | AG1: Gas oil and diesel oil (excluding biofuel portion) | AH1: Road diesel | AI1: Heating and other gasoil | AJ1: Fuel oil | AK1: Fuel oil (low sulphur <1%) | AL1: Fuel oil (high sulphur >=1%) | AM1: White spirit and special boiling point industrial spirits | AN1: Lubricants | AO1: Paraffin waxes | AP1: Petroleum coke | AQ1: Bitumen | AR1: Other oil products n.e.c. | AS1: Blended biogasoline | AT1: Blended biodiesels | AU1: Blended bio jet kerosene
A2: NRG_BAL (Labels)
A3: Final consumption - industry sector - non-energy use | B3: =IF(INDEX('EUROSTAT CB GAS'!$A$10:$M$125,MATCH($A3,'EUROSTAT CB GAS'!$A$10:$A$125,0),MATCH('EUROSTAT CB summary'!B$1,'EUROSTAT CB GAS'!$A$10:$M$10,0))=":",0,INDEX('EUROSTAT CB GAS'!$A$10:$M$125,MATCH($A3,'EUROSTAT CB GAS'!$A$10:$A$125,0),MATCH('EUROSTAT CB summary'!B$1,'EUROSTAT CB GAS'!$A$10:$M$10,0))) -> 0 | C3: =IF(INDEX('EUROSTAT CB GAS'!$A$10:$M$125,MATCH($A3,'EUROSTAT CB GAS'!$A$10:$A$125,0),MATCH('EUROSTAT CB summary'!C$1,'EUROSTAT CB GAS'!$A$10:$M$10,0))=":",0,INDEX('EUROSTAT CB GAS'!$A$10:$M$125,MATCH($A3,'EUROSTAT CB GAS'!$A$10:$A$125,0),MATCH('EUROSTAT CB summary'!C$1,'EUROSTAT CB GAS'!$A$10:$M$10,0))) -> 0 | D3: =IF(INDEX('EUROSTAT CB GAS'!$A$10:$M$125,MATCH($A3,'EUROSTAT CB GAS'!$A$10:$A$125,0),MATCH('EUROSTAT CB summary'!D$1,'EUROSTAT CB GAS'!$A$10:$M$10,0))=":",0,INDEX('EUROSTAT CB GAS'!$A$10:$M$125,MATCH($A3,'EUROSTAT CB GAS'!$A$10:$A$125,0),MATCH('EUROSTAT CB summary'!D$1,'EUROSTAT CB GAS'!$A$10:$M$10,0))) -> 0 | E3: =IF(INDEX('EUROSTAT CB GAS'!$A$10:$M$125,MATCH($A3,'EUROSTAT CB GAS'!$A$10:$A$125,0),MATCH('EUROSTAT CB summary'!E$1,'EUROSTAT CB GAS'!$A$10:$M$10,0))=":",0,INDEX('EUROSTAT CB GAS'!$A$10:$M$125,MATCH($A3,'EUROSTAT CB GAS'!$A$10:$A$125,0),MATCH('EUROSTAT CB summary'!E$1,'EUROSTAT CB GAS'!$A$10:$M$10,0))) -> 0 | F3: =IF(INDEX('EUROSTAT CB GAS'!$A$10:$M$125,MATCH($A3,'EUROSTAT CB GAS'!$A$10:$A$125,0),MATCH('EUROSTAT CB summary'!F$1,'EUROSTAT CB GAS'!$A$10:$M$10,0))=":",0,INDEX('EUROSTAT CB GAS'!$A$10:$M$125,MATCH($A3,'EUROSTAT CB GAS'!$A$10:$A$125,0),MATCH('EUROSTAT CB summary'!F$1,'EUROSTAT CB GAS'!$A$10:$M$10,0))) -> 0 | G3: =IF(INDEX('EUROSTAT CB GAS'!$A$10:$M$125,MATCH($A3,'EUROSTAT CB GAS'!$A$10:$A$125,0),MATCH('EUROSTAT CB summary'!G$1,'EUROSTAT CB GAS'!$A$10:$M$10,0))=":",0,INDEX('EUROSTAT CB GAS'!$A$10:$M$125,MATCH($A3,'EUROSTAT CB GAS'!$A$10:$A$125,0),MATCH('EUROSTAT CB summary'!G$1,'EUROSTAT CB GAS'!$A$10:$M$10,0))) -> 74420.881 | H3: =IF(INDEX('EUROSTAT CB OIL'!$A$10:$CC$203,MATCH($A3,'EUROSTAT CB OIL'!$A$10:$A$203,0),MATCH(H$1,'EUROSTAT CB OIL'!$A$10:$CC$10,0))=":",0,INDEX('EUROSTAT CB OIL'!$A$10:$CC$203,MATCH($A3,'EUROSTAT CB OIL'!$A$10:$A$203,0),MATCH(H$1,'EUROSTAT CB OIL'!$A$10:$CC$10,0))) -> 8700.258 | I3: =IF(INDEX('EUROSTAT CB OIL'!$A$10:$CC$203,MATCH($A3,'EUROSTAT CB OIL'!$A$10:$A$203,0),MATCH(I$1,'EUROSTAT CB OIL'!$A$10:$CC$10,0))=":",0,INDEX('EUROSTAT CB OIL'!$A$10:$CC$203,MATCH($A3,'EUROSTAT CB OIL'!$A$10:$A$203,0),MATCH(I$1,'EUROSTAT CB OIL'!$A$10:$CC$10,0))) -> 8700.258 | J3: =IF(INDEX('EUROSTAT CB OIL'!$A$10:$CC$203,MATCH($A3,'EUROSTAT CB OIL'!$A$10:$A$203,0),MATCH(J$1,'EUROSTAT CB OIL'!$A$10:$CC$10,0))=":",0,INDEX('EUROSTAT CB OIL'!$A$10:$CC$203,MATCH($A3,'EUROSTAT CB OIL'!$A$10:$A$203,0),MATCH(J$1,'EUROSTAT CB OIL'!$A$10:$CC$10,0))) -> 2574.799 | K3: =IF(INDEX('EUROSTAT CB OIL'!$A$10:$CC$203,MATCH($A3,'EUROSTAT CB OIL'!$A$10:$A$203,0),MATCH(K$1,'EUROSTAT CB OIL'!$A$10:$CC$10,0))=":",0,INDEX('EUROSTAT CB OIL'!$A$10:$CC$203,MATCH($A3,'EUROSTAT CB OIL'!$A$10:$A$203,0),MATCH(K$1,'EUROSTAT CB OIL'!$A$10:$CC$10,0))) -> 2574.799 | L3: =IF(INDEX('EUROSTAT CB OIL'!$A$10:$CC$203,MATCH($A3,'EUROSTAT CB OIL'!$A$10:$A$203,0),MATCH(L$1,'EUROSTAT CB OIL'!$A$10:$CC$10,0))=":",0,INDEX('EUROSTAT CB OIL'!$A$10:$CC$203,MATCH($A3,'EUROSTAT CB OIL'!$A$10:$A$203,0),MATCH(L$1,'EUROSTAT CB OIL'!$A$10:$CC$10,0))) -> 0 | M3: =IF(INDEX('EUROSTAT CB OIL'!$A$10:$CC$203,MATCH($A3,'EUROSTAT CB OIL'!$A$10:$A$203,0),MATCH(M$1,'EUROSTAT CB OIL'!$A$10:$CC$10,0))=":",0,INDEX('EUROSTAT CB OIL'!$A$10:$CC$203,MATCH($A3,'EUROSTAT CB OIL'!$A$10:$A$203,0),MATCH(M$1,'EUROSTAT CB OIL'!$A$10:$CC$10,0))) -> 2574.799 | N3: =IF(INDEX('EUROSTAT CB OIL'!$A$10:$CC$203,MATCH($A3,'EUROSTAT CB OIL'!$A$10:$A$203,0),MATCH(N$1,'EUROSTAT CB OIL'!$A$10:$CC$10,0))=":",0,INDEX('EUROSTAT CB OIL'!$A$10:$CC$203,MATCH($A3,'EUROSTAT CB OIL'!$A$10:$A$203,0),MATCH(N$1,'EUROSTAT CB OIL'!$A$10:$CC$10,0))) -> 0 | O3: =IF(INDEX('EUROSTAT CB OIL'!$A$10:$CC$203,MATCH($A3,'EUROSTAT CB OIL'!$A$10:$A$203,0),MATCH(O$1,'EUROSTAT CB OIL'!$A$10:$CC$10,0))=":",0,INDEX('EUROSTAT CB OIL'!$A$10:$CC$203,MATCH($A3,'EUROSTAT CB OIL'!$A$10:$A$203,0),MATCH(O$1,'EUROSTAT CB OIL'!$A$10:$CC$10,0))) -> 0 | ... AU3: =IF(INDEX('EUROSTAT CB OIL'!$A$10:$CC$203,MATCH($A3,'EUROSTAT CB OIL'!$A$10:$A$203,0),MATCH(AU$1,'EUROSTAT CB OIL'!$A$10:$CC$10,0))=":",0,INDEX('EUROSTAT CB OIL'!$A$10:$CC$203,MATCH($A3,'EUROSTAT CB OIL'!$A$10:$A$203,0),MATCH(AU$1,'EUROSTAT CB OIL'!$A$10:$CC$10,0))) -> 0
A4: Final consumption - industry sector - chemical and petrochemical - non-energy use | B4: =IF(INDEX('EUROSTAT CB GAS'!$A$10:$M$125,MATCH($A4,'EUROSTAT CB GAS'!$A$10:$A$125,0),MATCH('EUROSTAT CB summary'!B$1,'EUROSTAT CB GAS'!$A$10:$M$10,0))=":",0,INDEX('EUROSTAT CB GAS'!$A$10:$M$125,MATCH($A4,'EUROSTAT CB GAS'!$A$10:$A$125,0),MATCH('EUROSTAT CB summary'!B$1,'EUROSTAT CB GAS'!$A$10:$M$10,0))) -> 0 | C4: =IF(INDEX('EUROSTAT CB GAS'!$A$10:$M$125,MATCH($A4,'EUROSTAT CB GAS'!$A$10:$A$125,0),MATCH('EUROSTAT CB summary'!C$1,'EUROSTAT CB GAS'!$A$10:$M$10,0))=":",0,INDEX('EUROSTAT CB GAS'!$A$10:$M$125,MATCH($A4,'EUROSTAT CB GAS'!$A$10:$A$125,0),MATCH('EUROSTAT CB summary'!C$1,'EUROSTAT CB GAS'!$A$10:$M$10,0))) -> 0 | D4: =IF(INDEX('EUROSTAT CB GAS'!$A$10:$M$125,MATCH($A4,'EUROSTAT CB GAS'!$A$10:$A$125,0),MATCH('EUROSTAT CB summary'!D$1,'EUROSTAT CB GAS'!$A$10:$M$10,0))=":",0,INDEX('EUROSTAT CB GAS'!$A$10:$M$125,MATCH($A4,'EUROSTAT CB GAS'!$A$10:$A$125,0),MATCH('EUROSTAT CB summary'!D$1,'EUROSTAT CB GAS'!$A$10:$M$10,0))) -> 0 | E4: =IF(INDEX('EUROSTAT CB GAS'!$A$10:$M$125,MATCH($A4,'EUROSTAT CB GAS'!$A$10:$A$125,0),MATCH('EUROSTAT CB summary'!E$1,'EUROSTAT CB GAS'!$A$10:$M$10,0))=":",0,INDEX('EUROSTAT CB GAS'!$A$10:$M$125,MATCH($A4,'EUROSTAT CB GAS'!$A$10:$A$125,0),MATCH('EUROSTAT CB summary'!E$1,'EUROSTAT CB GAS'!$A$10:$M$10,0))) -> 0 | F4: =IF(INDEX('EUROSTAT CB GAS'!$A$10:$M$125,MATCH($A4,'EUROSTAT CB GAS'!$A$10:$A$125,0),MATCH('EUROSTAT CB summary'!F$1,'EUROSTAT CB GAS'!$A$10:$M$10,0))=":",0,INDEX('EUROSTAT CB GAS'!$A$10:$M$125,MATCH($A4,'EUROSTAT CB GAS'!$A$10:$A$125,0),MATCH('EUROSTAT CB summary'!F$1,'EUROSTAT CB GAS'!$A$10:$M$10,0))) -> 0 | G4: =IF(INDEX('EUROSTAT CB GAS'!$A$10:$M$125,MATCH($A4,'EUROSTAT CB GAS'!$A$10:$A$125,0),MATCH('EUROSTAT CB summary'!G$1,'EUROSTAT CB GAS'!$A$10:$M$10,0))=":",0,INDEX('EUROSTAT CB GAS'!$A$10:$M$125,MATCH($A4,'EUROSTAT CB GAS'!$A$10:$A$125,0),MATCH('EUROSTAT CB summary'!G$1,'EUROSTAT CB GAS'!$A$10:$M$10,0))) -> 74420.881 | H4: =IF(INDEX('EUROSTAT CB OIL'!$A$10:$CC$203,MATCH($A4,'EUROSTAT CB OIL'!$A$10:$A$203,0),MATCH(H$1,'EUROSTAT CB OIL'!$A$10:$CC$10,0))=":",0,INDEX('EUROSTAT CB OIL'!$A$10:$CC$203,MATCH($A4,'EUROSTAT CB OIL'!$A$10:$A$203,0),MATCH(H$1,'EUROSTAT CB OIL'!$A$10:$CC$10,0))) -> 8431.269 | I4: =IF(INDEX('EUROSTAT CB OIL'!$A$10:$CC$203,MATCH($A4,'EUROSTAT CB OIL'!$A$10:$A$203,0),MATCH(I$1,'EUROSTAT CB OIL'!$A$10:$CC$10,0))=":",0,INDEX('EUROSTAT CB OIL'!$A$10:$CC$203,MATCH($A4,'EUROSTAT CB OIL'!$A$10:$A$203,0),MATCH(I$1,'EUROSTAT CB OIL'!$A$10:$CC$10,0))) -> 8431.269 | J4: =IF(INDEX('EUROSTAT CB OIL'!$A$10:$CC$203,MATCH($A4,'EUROSTAT CB OIL'!$A$10:$A$203,0),MATCH(J$1,'EUROSTAT CB OIL'!$A$10:$CC$10,0))=":",0,INDEX('EUROSTAT CB OIL'!$A$10:$CC$203,MATCH($A4,'EUROSTAT CB OIL'!$A$10:$A$203,0),MATCH(J$1,'EUROSTAT CB OIL'!$A$10:$CC$10,0))) -> 2574.799 | K4: =IF(INDEX('EUROSTAT CB OIL'!$A$10:$CC$203,MATCH($A4,'EUROSTAT CB OIL'!$A$10:$A$203,0),MATCH(K$1,'EUROSTAT CB OIL'!$A$10:$CC$10,0))=":",0,INDEX('EUROSTAT CB OIL'!$A$10:$CC$203,MATCH($A4,'EUROSTAT CB OIL'!$A$10:$A$203,0),MATCH(K$1,'EUROSTAT CB OIL'!$A$10:$CC$10,0))) -> 2574.799 | L4: =IF(INDEX('EUROSTAT CB OIL'!$A$10:$CC$203,MATCH($A4,'EUROSTAT CB OIL'!$A$10:$A$203,0),MATCH(L$1,'EUROSTAT CB OIL'!$A$10:$CC$10,0))=":",0,INDEX('EUROSTAT CB OIL'!$A$10:$CC$203,MATCH($A4,'EUROSTAT CB OIL'!$A$10:$A$203,0),MATCH(L$1,'EUROSTAT CB OIL'!$A$10:$CC$10,0))) -> 0 | M4: =IF(INDEX('EUROSTAT CB OIL'!$A$10:$CC$203,MATCH($A4,'EUROSTAT CB OIL'!$A$10:$A$203,0),MATCH(M$1,'EUROSTAT CB OIL'!$A$10:$CC$10,0))=":",0,INDEX('EUROSTAT CB OIL'!$A$10:$CC$203,MATCH($A4,'EUROSTAT CB OIL'!$A$10:$A$203,0),MATCH(M$1,'EUROSTAT CB OIL'!$A$10:$CC$10,0))) -> 2574.799 | N4: =IF(INDEX('EUROSTAT CB OIL'!$A$10:$CC$203,MATCH($A4,'EUROSTAT CB OIL'!$A$10:$A$203,0),MATCH(N$1,'EUROSTAT CB OIL'!$A$10:$CC$10,0))=":",0,INDEX('EUROSTAT CB OIL'!$A$10:$CC$203,MATCH($A4,'EUROSTAT CB OIL'!$A$10:$A$203,0),MATCH(N$1,'EUROSTAT CB OIL'!$A$10:$CC$10,0))) -> 0 | O4: =IF(INDEX('EUROSTAT CB OIL'!$A$10:$CC$203,MATCH($A4,'EUROSTAT CB OIL'!$A$10:$A$203,0),MATCH(O$1,'EUROSTAT CB OIL'!$A$10:$CC$10,0))=":",0,INDEX('EUROSTAT CB OIL'!$A$10:$CC$203,MATCH($A4,'EUROSTAT CB OIL'!$A$10:$A$203,0),MATCH(O$1,'EUROSTAT CB OIL'!$A$10:$CC$10,0))) -> 0 | ... AU4: =IF(INDEX('EUROSTAT CB OIL'!$A$10:$CC$203,MATCH($A4,'EUROSTAT CB OIL'!$A$10:$A$203,0),MATCH(AU$1,'EUROSTAT CB OIL'!$A$10:$CC$10,0))=":",0,INDEX('EUROSTAT CB OIL'!$A$10:$CC$203,MATCH($A4,'EUROSTAT CB OIL'!$A$10:$A$203,0),MATCH(AU$1,'EUROSTAT CB OIL'!$A$10:$CC$10,0))) -> 0
A5: Share of chemical and petrochemical in total industry | B5: =IFERROR(ROUND(B4/B3,3),0) -> 0 | C5: =IFERROR(ROUND(C4/C3,3),0) -> 0 | D5: =IFERROR(ROUND(D4/D3,3),0) -> 0 | E5: =IFERROR(ROUND(E4/E3,3),0) -> 0 | F5: =IFERROR(ROUND(F4/F3,3),0) -> 0 | G5: =IFERROR(ROUND(G4/G3,3),0) -> 1 | H5: =IFERROR(ROUND(H4/H3,3),0) -> 0.969 | I5: =IFERROR(ROUND(I4/I3,3),0) -> 0.969 | ... AU5: =IFERROR(ROUND(AU4/AU3,3),0) -> 0

Sheet Eurostat EB TJ GWh
D1: NOT USED: SUM | W1: NOT USED: DEBT | Y1: NOT USED: SUM | AV1: NOT USED: SUM | BC1: NOT USED: DEBT | BJ1: NOT USED: DEBT | BK1: NOT USED: DEBT | BQ1: NOT USED: SUM | BV1: NOT USED: SUM
A2: SIEC (Labels) | C2: Total | D2: Solid fossil fuels | E2: Anthracite | F2: Coking coal | G2: Other bituminous coal | H2: Sub-bituminous coal | I2: Lignite | J2: Coke oven coke | K2: Gas coke | L2: Patent fuel | M2: Brown coal briquettes | N2: Coal tar | O2: Manufactured gases | P2: Coke oven gas | Q2: Gas works gas | R2: Blast furnace gas | S2: Other recovered gases | T2: Peat and peat products | U2: Peat | V2: Peat products | W2: Oil shale and oil sands | X2: Natural gas | Y2: Oil and petroleum products (excluding biofuel portion) | Z2: Crude oil | AA2: Natural gas liquids | AB2: Refinery feedstocks | AC2: Additives and oxygenates (excluding biofuel portion) | AD2: Other hydrocarbons | AE2: Refinery gas | AF2: Ethane | AG2: Liquefied petroleum gases | AH2: Naphtha | AI2: Aviation gasoline | AJ2: Motor gasoline (excluding biofuel portion) | AK2: Gasoline-type jet fuel | AL2: Kerosene-type jet fuel (excluding biofuel portion) | AM2: Other kerosene | AN2: Gas oil and diesel oil (excluding biofuel portion) | AO2: Fuel oil | AP2: White spirit and special boiling point industrial spirits | AQ2: Lubricants | AR2: Paraffin waxes | AS2: Petroleum coke | AT2: Bitumen | AU2: Other oil products n.e.c. | AV2: Renewables and biofuels | AW2: Hydro | AX2: Geothermal | AY2: Wind | AZ2: Solar thermal | BA2: Solar photovoltaic | BB2: Tide, wave, ocean | BC2: Ambient heat (heat pumps) | BD2: Primary solid biofuels | BE2: Charcoal | BF2: Pure biogasoline | BG2: Blended biogasoline | BH2: Pure biodiesels | BI2: Blended biodiesels | BJ2: Pure bio jet kerosene | BK2: Blended bio jet kerosene | BL2: Other liquid biofuels | BM2: Biogases | BN2: Industrial waste (non-renewable) | BO2: Renewable municipal waste | BP2: Non-renewable municipal waste | BQ2: Non-renewable waste | BR2: Nuclear heat | BS2: Electricity | BT2: Heat | BU2: Bioenergy | BV2: Fossil energy
A3: NRG_BAL (Labels)
A4: Primary production | C4: =IF('Eurostat EB TJ'!B12=":",0,'Eurostat EB TJ'!B12) -> 867610.75 | D4: =IF('Eurostat EB TJ'!C12=":",0,'Eurostat EB TJ'!C12) -> 0 | E4: =IF('Eurostat EB TJ'!D12=":",0,'Eurostat EB TJ'!D12) -> 0 | F4: =IF('Eurostat EB TJ'!E12=":",0,'Eurostat EB TJ'!E12) -> 0 | G4: =IF('Eurostat EB TJ'!F12=":",0,'Eurostat EB TJ'!F12) -> 0 | H4: =IF('Eurostat EB TJ'!G12=":",0,'Eurostat EB TJ'!G12) -> 0 | I4: =IF('Eurostat EB TJ'!H12=":",0,'Eurostat EB TJ'!H12) -> 0 | J4: =IF('Eurostat EB TJ'!I12=":",0,'Eurostat EB TJ'!I12) -> 0 | ... BV4: =IF('Eurostat EB TJ'!BU12=":",0,'Eurostat EB TJ'!BU12) -> 413507.49
A5: Recovered and recycled products | C5: =IF('Eurostat EB TJ'!B13=":",0,'Eurostat EB TJ'!B13) -> 13238.144 | D5: =IF('Eurostat EB TJ'!C13=":",0,'Eurostat EB TJ'!C13) -> 0 | E5: =IF('Eurostat EB TJ'!D13=":",0,'Eurostat EB TJ'!D13) -> 0 | F5: =IF('Eurostat EB TJ'!E13=":",0,'Eurostat EB TJ'!E13) -> 0 | G5: =IF('Eurostat EB TJ'!F13=":",0,'Eurostat EB TJ'!F13) -> 0 | H5: =IF('Eurostat EB TJ'!G13=":",0,'Eurostat EB TJ'!G13) -> 0 | I5: =IF('Eurostat EB TJ'!H13=":",0,'Eurostat EB TJ'!H13) -> 0 | J5: =IF('Eurostat EB TJ'!I13=":",0,'Eurostat EB TJ'!I13) -> 0 | ... BV5: =IF('Eurostat EB TJ'!BU13=":",0,'Eurostat EB TJ'!BU13) -> 13238.144
A6: Imports | C6: =IF('Eurostat EB TJ'!B14=":",0,'Eurostat EB TJ'!B14) -> 7491212.8 | D6: =IF('Eurostat EB TJ'!C14=":",0,'Eurostat EB TJ'!C14) -> 175944.88 | E6: =IF('Eurostat EB TJ'!D14=":",0,'Eurostat EB TJ'!D14) -> 76.707 | F6: =IF('Eurostat EB TJ'!E14=":",0,'Eurostat EB TJ'!E14) -> 104273.93 | G6: =IF('Eurostat EB TJ'!F14=":",0,'Eurostat EB TJ'!F14) -> 70267.93 | H6: =IF('Eurostat EB TJ'!G14=":",0,'Eurostat EB TJ'!G14) -> 0 | I6: =IF('Eurostat EB TJ'!H14=":",0,'Eurostat EB TJ'!H14) -> 312.82 | J6: =IF('Eurostat EB TJ'!I14=":",0,'Eurostat EB TJ'!I14) -> 1013.494 | ... BV6: =IF('Eurostat EB TJ'!BU14=":",0,'Eurostat EB TJ'!BU14) -> 7386950.8
A7: Exports | C7: =IF('Eurostat EB TJ'!B15=":",0,'Eurostat EB TJ'!B15) -> 5249055.5 | D7: =IF('Eurostat EB TJ'!C15=":",0,'Eurostat EB TJ'!C15) -> 13808.059 | E7: =IF('Eurostat EB TJ'!D15=":",0,'Eurostat EB TJ'!D15) -> 0 | F7: =IF('Eurostat EB TJ'!E15=":",0,'Eurostat EB TJ'!E15) -> 0 | G7: =IF('Eurostat EB TJ'!F15=":",0,'Eurostat EB TJ'!F15) -> 0 | H7: =IF('Eurostat EB TJ'!G15=":",0,'Eurostat EB TJ'!G15) -> 0 | I7: =IF('Eurostat EB TJ'!H15=":",0,'Eurostat EB TJ'!H15) -> 0 | J7: =IF('Eurostat EB TJ'!I15=":",0,'Eurostat EB TJ'!I15) -> 11551.996 | ... BV7: =IF('Eurostat EB TJ'!BU15=":",0,'Eurostat EB TJ'!BU15) -> 5113455.4
A8: Change in stock | C8: =IF('Eurostat EB TJ'!B16=":",0,'Eurostat EB TJ'!B16) -> 59764.099 | D8: =IF('Eurostat EB TJ'!C16=":",0,'Eurostat EB TJ'!C16) -> -3771.364 | E8: =IF('Eurostat EB TJ'!D16=":",0,'Eurostat EB TJ'!D16) -> 0 | F8: =IF('Eurostat EB TJ'!E16=":",0,'Eurostat EB TJ'!E16) -> -5064.566 | G8: =IF('Eurostat EB TJ'!F16=":",0,'Eurostat EB TJ'!F16) -> 1532.651 | H8: =IF('Eurostat EB TJ'!G16=":",0,'Eurostat EB TJ'!G16) -> 0 | I8: =IF('Eurostat EB TJ'!H16=":",0,'Eurostat EB TJ'!H16) -> 0 | J8: =IF('Eurostat EB TJ'!I16=":",0,'Eurostat EB TJ'!I16) -> -200.441 | ... BV8: =IF('Eurostat EB TJ'!BU16=":",0,'Eurostat EB TJ'!BU16) -> 46667.107
A9: Gross available energy | B9: NOT USED: SUM | C9: =IF('Eurostat EB TJ'!B17=":",0,'Eurostat EB TJ'!B17) -> 3182770.4 | D9: =IF('Eurostat EB TJ'!C17=":",0,'Eurostat EB TJ'!C17) -> 158365.46 | E9: =IF('Eurostat EB TJ'!D17=":",0,'Eurostat EB TJ'!D17) -> 76.707 | F9: =IF('Eurostat EB TJ'!E17=":",0,'Eurostat EB TJ'!E17) -> 99209.364 | G9: =IF('Eurostat EB TJ'!F17=":",0,'Eurostat EB TJ'!F17) -> 71800.581 | H9: =IF('Eurostat EB TJ'!G17=":",0,'Eurostat EB TJ'!G17) -> 0 | I9: =IF('Eurostat EB TJ'!H17=":",0,'Eurostat EB TJ'!H17) -> 312.82 | J9: =IF('Eurostat EB TJ'!I17=":",0,'Eurostat EB TJ'!I17) -> -10738.942 | ... BV9: =IF('Eurostat EB TJ'!BU17=":",0,'Eurostat EB TJ'!BU17) -> 2746908.1
A10: International maritime bunkers | C10: =IF('Eurostat EB TJ'!B18=":",0,'Eurostat EB TJ'!B18) -> 448139.6 | D10: =IF('Eurostat EB TJ'!C18=":",0,'Eurostat EB TJ'!C18) -> 0 | E10: =IF('Eurostat EB TJ'!D18=":",0,'Eurostat EB TJ'!D18) -> 0 | F10: =IF('Eurostat EB TJ'!E18=":",0,'Eurostat EB TJ'!E18) -> 0 | G10: =IF('Eurostat EB TJ'!F18=":",0,'Eurostat EB TJ'!F18) -> 0 | H10: =IF('Eurostat EB TJ'!G18=":",0,'Eurostat EB TJ'!G18) -> 0 | I10: =IF('Eurostat EB TJ'!H18=":",0,'Eurostat EB TJ'!H18) -> 0 | J10: =IF('Eurostat EB TJ'!I18=":",0,'Eurostat EB TJ'!I18) -> 0 | ... BV10: =IF('Eurostat EB TJ'!BU18=":",0,'Eurostat EB TJ'!BU18) -> 434281.6
A11: Gross inland consumption | B11: NOT USED: SUM | C11: =IF('Eurostat EB TJ'!B19=":",0,'Eurostat EB TJ'!B19) -> 2734630.8 | D11: =IF('Eurostat EB TJ'!C19=":",0,'Eurostat EB TJ'!C19) -> 158365.46 | E11: =IF('Eurostat EB TJ'!D19=":",0,'Eurostat EB TJ'!D19) -> 76.707 | F11: =IF('Eurostat EB TJ'!E19=":",0,'Eurostat EB TJ'!E19) -> 99209.364 | G11: =IF('Eurostat EB TJ'!F19=":",0,'Eurostat EB TJ'!F19) -> 71800.581 | H11: =IF('Eurostat EB TJ'!G19=":",0,'Eurostat EB TJ'!G19) -> 0 | I11: =IF('Eurostat EB TJ'!H19=":",0,'Eurostat EB TJ'!H19) -> 312.82 | J11: =IF('Eurostat EB TJ'!I19=":",0,'Eurostat EB TJ'!I19) -> -10738.942 | ... BV11: =IF('Eurostat EB TJ'!BU19=":",0,'Eurostat EB TJ'!BU19) -> 2312626.5
A12: International aviation | C12: =IF('Eurostat EB TJ'!B20=":",0,'Eurostat EB TJ'!B20) -> 142333.25 | D12: =IF('Eurostat EB TJ'!C20=":",0,'Eurostat EB TJ'!C20) -> 0 | E12: =IF('Eurostat EB TJ'!D20=":",0,'Eurostat EB TJ'!D20) -> 0 | F12: =IF('Eurostat EB TJ'!E20=":",0,'Eurostat EB TJ'!E20) -> 0 | G12: =IF('Eurostat EB TJ'!F20=":",0,'Eurostat EB TJ'!F20) -> 0 | H12: =IF('Eurostat EB TJ'!G20=":",0,'Eurostat EB TJ'!G20) -> 0 | I12: =IF('Eurostat EB TJ'!H20=":",0,'Eurostat EB TJ'!H20) -> 0 | J12: =IF('Eurostat EB TJ'!I20=":",0,'Eurostat EB TJ'!I20) -> 0 | ... BV12: =IF('Eurostat EB TJ'!BU20=":",0,'Eurostat EB TJ'!BU20) -> 139686.82
A13: Total energy supply | C13: =IF('Eurostat EB TJ'!B21=":",0,'Eurostat EB TJ'!B21) -> 2592297.5 | D13: =IF('Eurostat EB TJ'!C21=":",0,'Eurostat EB TJ'!C21) -> 158365.46 | E13: =IF('Eurostat EB TJ'!D21=":",0,'Eurostat EB TJ'!D21) -> 76.707 | F13: =IF('Eurostat EB TJ'!E21=":",0,'Eurostat EB TJ'!E21) -> 99209.364 | G13: =IF('Eurostat EB TJ'!F21=":",0,'Eurostat EB TJ'!F21) -> 71800.581 | H13: =IF('Eurostat EB TJ'!G21=":",0,'Eurostat EB TJ'!G21) -> 0 | I13: =IF('Eurostat EB TJ'!H21=":",0,'Eurostat EB TJ'!H21) -> 312.82 | J13: =IF('Eurostat EB TJ'!I21=":",0,'Eurostat EB TJ'!I21) -> -10738.942 | ... BV13: =IF('Eurostat EB TJ'!BU21=":",0,'Eurostat EB TJ'!BU21) -> 2172939.7
A14: Gross inland consumption - Energy Efficiency Directive | B14: NOT USED: SUM | C14: =IF('Eurostat EB TJ'!B22=":",0,'Eurostat EB TJ'!B22) -> 2701075.1 | D14: =IF('Eurostat EB TJ'!C22=":",0,'Eurostat EB TJ'!C22) -> 0 | E14: =IF('Eurostat EB TJ'!D22=":",0,'Eurostat EB TJ'!D22) -> 0 | F14: =IF('Eurostat EB TJ'!E22=":",0,'Eurostat EB TJ'!E22) -> 0 | G14: =IF('Eurostat EB TJ'!F22=":",0,'Eurostat EB TJ'!F22) -> 0 | H14: =IF('Eurostat EB TJ'!G22=":",0,'Eurostat EB TJ'!G22) -> 0 | I14: =IF('Eurostat EB TJ'!H22=":",0,'Eurostat EB TJ'!H22) -> 0 | J14: =IF('Eurostat EB TJ'!I22=":",0,'Eurostat EB TJ'!I22) -> 0 | ... BV14: =IF('Eurostat EB TJ'!BU22=":",0,'Eurostat EB TJ'!BU22) -> 0
A15: Primary energy consumption - Energy Efficiency Directive | B15: NOT USED: SUM | C15: =IF('Eurostat EB TJ'!B23=":",0,'Eurostat EB TJ'!B23) -> 2252963.9 | D15: =IF('Eurostat EB TJ'!C23=":",0,'Eurostat EB TJ'!C23) -> 0 | E15: =IF('Eurostat EB TJ'!D23=":",0,'Eurostat EB TJ'!D23) -> 0 | F15: =IF('Eurostat EB TJ'!E23=":",0,'Eurostat EB TJ'!E23) -> 0 | G15: =IF('Eurostat EB TJ'!F23=":",0,'Eurostat EB TJ'!F23) -> 0 | H15: =IF('Eurostat EB TJ'!G23=":",0,'Eurostat EB TJ'!G23) -> 0 | I15: =IF('Eurostat EB TJ'!H23=":",0,'Eurostat EB TJ'!H23) -> 0 | J15: =IF('Eurostat EB TJ'!I23=":",0,'Eurostat EB TJ'!I23) -> 0 | ... BV15: =IF('Eurostat EB TJ'!BU23=":",0,'Eurostat EB TJ'!BU23) -> 0
A16: Final energy consumption - Energy Efficiency Directive | B16: NOT USED: SUM | C16: =IF('Eurostat EB TJ'!B24=":",0,'Eurostat EB TJ'!B24) -> 1715629.7 | D16: =IF('Eurostat EB TJ'!C24=":",0,'Eurostat EB TJ'!C24) -> 0 | E16: =IF('Eurostat EB TJ'!D24=":",0,'Eurostat EB TJ'!D24) -> 0 | F16: =IF('Eurostat EB TJ'!E24=":",0,'Eurostat EB TJ'!E24) -> 0 | G16: =IF('Eurostat EB TJ'!F24=":",0,'Eurostat EB TJ'!F24) -> 0 | H16: =IF('Eurostat EB TJ'!G24=":",0,'Eurostat EB TJ'!G24) -> 0 | I16: =IF('Eurostat EB TJ'!H24=":",0,'Eurostat EB TJ'!H24) -> 0 | J16: =IF('Eurostat EB TJ'!I24=":",0,'Eurostat EB TJ'!I24) -> 0 | ... BV16: =IF('Eurostat EB TJ'!BU24=":",0,'Eurostat EB TJ'!BU24) -> 0
A17: Gross inland consumption (Europe 2020-2030) | B17: NOT USED: SUM | C17: =IF('Eurostat EB TJ'!B25=":",0,'Eurostat EB TJ'!B25) -> 0 | D17: =IF('Eurostat EB TJ'!C25=":",0,'Eurostat EB TJ'!C25) -> 0 | E17: =IF('Eurostat EB TJ'!D25=":",0,'Eurostat EB TJ'!D25) -> 0 | F17: =IF('Eurostat EB TJ'!E25=":",0,'Eurostat EB TJ'!E25) -> 0 | G17: =IF('Eurostat EB TJ'!F25=":",0,'Eurostat EB TJ'!F25) -> 0 | H17: =IF('Eurostat EB TJ'!G25=":",0,'Eurostat EB TJ'!G25) -> 0 | I17: =IF('Eurostat EB TJ'!H25=":",0,'Eurostat EB TJ'!H25) -> 0 | J17: =IF('Eurostat EB TJ'!I25=":",0,'Eurostat EB TJ'!I25) -> 0 | ... BV17: =IF('Eurostat EB TJ'!BU25=":",0,'Eurostat EB TJ'!BU25) -> 0
A18: Primary energy consumption (Europe 2020-2030) | B18: NOT USED: SUM | C18: =IF('Eurostat EB TJ'!B26=":",0,'Eurostat EB TJ'!B26) -> 0 | D18: =IF('Eurostat EB TJ'!C26=":",0,'Eurostat EB TJ'!C26) -> 0 | E18: =IF('Eurostat EB TJ'!D26=":",0,'Eurostat EB TJ'!D26) -> 0 | F18: =IF('Eurostat EB TJ'!E26=":",0,'Eurostat EB TJ'!E26) -> 0 | G18: =IF('Eurostat EB TJ'!F26=":",0,'Eurostat EB TJ'!F26) -> 0 | H18: =IF('Eurostat EB TJ'!G26=":",0,'Eurostat EB TJ'!G26) -> 0 | I18: =IF('Eurostat EB TJ'!H26=":",0,'Eurostat EB TJ'!H26) -> 0 | J18: =IF('Eurostat EB TJ'!I26=":",0,'Eurostat EB TJ'!I26) -> 0 | ... BV18: =IF('Eurostat EB TJ'!BU26=":",0,'Eurostat EB TJ'!BU26) -> 0
A19: Final energy consumption (Europe 2020-2030) | B19: NOT USED: SUM | C19: =IF('Eurostat EB TJ'!B27=":",0,'Eurostat EB TJ'!B27) -> 0 | D19: =IF('Eurostat EB TJ'!C27=":",0,'Eurostat EB TJ'!C27) -> 0 | E19: =IF('Eurostat EB TJ'!D27=":",0,'Eurostat EB TJ'!D27) -> 0 | F19: =IF('Eurostat EB TJ'!E27=":",0,'Eurostat EB TJ'!E27) -> 0 | G19: =IF('Eurostat EB TJ'!F27=":",0,'Eurostat EB TJ'!F27) -> 0 | H19: =IF('Eurostat EB TJ'!G27=":",0,'Eurostat EB TJ'!G27) -> 0 | I19: =IF('Eurostat EB TJ'!H27=":",0,'Eurostat EB TJ'!H27) -> 0 | J19: =IF('Eurostat EB TJ'!I27=":",0,'Eurostat EB TJ'!I27) -> 0 | ... BV19: =IF('Eurostat EB TJ'!BU27=":",0,'Eurostat EB TJ'!BU27) -> 0
A20: Transformation input - energy use | C20: =IF('Eurostat EB TJ'!B28=":",0,'Eurostat EB TJ'!B28) -> 5235619 | D20: =IF('Eurostat EB TJ'!C28=":",0,'Eurostat EB TJ'!C28) -> 206016.9 | E20: =IF('Eurostat EB TJ'!D28=":",0,'Eurostat EB TJ'!D28) -> 0 | F20: =IF('Eurostat EB TJ'!E28=":",0,'Eurostat EB TJ'!E28) -> 99143.112 | G20: =IF('Eurostat EB TJ'!F28=":",0,'Eurostat EB TJ'!F28) -> 71329.782 | H20: =IF('Eurostat EB TJ'!G28=":",0,'Eurostat EB TJ'!G28) -> 0 | I20: =IF('Eurostat EB TJ'!H28=":",0,'Eurostat EB TJ'!H28) -> 0 | J20: =IF('Eurostat EB TJ'!I28=":",0,'Eurostat EB TJ'!I28) -> 35544.003 | ... BV20: =IF('Eurostat EB TJ'!BU28=":",0,'Eurostat EB TJ'!BU28) -> 4857192
A21: Transformation input - electricity and heat generation - energy use | C21: =IF('Eurostat EB TJ'!B29=":",0,'Eurostat EB TJ'!B29) -> 780448.82 | D21: =IF('Eurostat EB TJ'!C29=":",0,'Eurostat EB TJ'!C29) -> 71329.782 | E21: =IF('Eurostat EB TJ'!D29=":",0,'Eurostat EB TJ'!D29) -> 0 | F21: =IF('Eurostat EB TJ'!E29=":",0,'Eurostat EB TJ'!E29) -> 0 | G21: =IF('Eurostat EB TJ'!F29=":",0,'Eurostat EB TJ'!F29) -> 71329.782 | H21: =IF('Eurostat EB TJ'!G29=":",0,'Eurostat EB TJ'!G29) -> 0 | I21: =IF('Eurostat EB TJ'!H29=":",0,'Eurostat EB TJ'!H29) -> 0 | J21: =IF('Eurostat EB TJ'!I29=":",0,'Eurostat EB TJ'!I29) -> 0 | ... BV21: =IF('Eurostat EB TJ'!BU29=":",0,'Eurostat EB TJ'!BU29) -> 458628.18
A22: Transformation input - electricity and heat generation - main activity producer electricity only - energy use | C22: =IF('Eurostat EB TJ'!B30=":",0,'Eurostat EB TJ'!B30) -> 358410.36 | D22: =IF('Eurostat EB TJ'!C30=":",0,'Eurostat EB TJ'!C30) -> 41287.547 | E22: =IF('Eurostat EB TJ'!D30=":",0,'Eurostat EB TJ'!D30) -> 0 | F22: =IF('Eurostat EB TJ'!E30=":",0,'Eurostat EB TJ'!E30) -> 0 | G22: =IF('Eurostat EB TJ'!F30=":",0,'Eurostat EB TJ'!F30) -> 41287.547 | H22: =IF('Eurostat EB TJ'!G30=":",0,'Eurostat EB TJ'!G30) -> 0 | I22: =IF('Eurostat EB TJ'!H30=":",0,'Eurostat EB TJ'!H30) -> 0 | J22: =IF('Eurostat EB TJ'!I30=":",0,'Eurostat EB TJ'!I30) -> 0 | ... BV22: =IF('Eurostat EB TJ'!BU30=":",0,'Eurostat EB TJ'!BU30) -> 193533.49
A23: Transformation input - electricity and heat generation - main activity producer combined heat and power - energy use | C23: =IF('Eurostat EB TJ'!B31=":",0,'Eurostat EB TJ'!B31) -> 142106.32 | D23: =IF('Eurostat EB TJ'!C31=":",0,'Eurostat EB TJ'!C31) -> 30042.236 | E23: =IF('Eurostat EB TJ'!D31=":",0,'Eurostat EB TJ'!D31) -> 0 | F23: =IF('Eurostat EB TJ'!E31=":",0,'Eurostat EB TJ'!E31) -> 0 | G23: =IF('Eurostat EB TJ'!F31=":",0,'Eurostat EB TJ'!F31) -> 30042.236 | H23: =IF('Eurostat EB TJ'!G31=":",0,'Eurostat EB TJ'!G31) -> 0 | I23: =IF('Eurostat EB TJ'!H31=":",0,'Eurostat EB TJ'!H31) -> 0 | J23: =IF('Eurostat EB TJ'!I31=":",0,'Eurostat EB TJ'!I31) -> 0 | ... BV23: =IF('Eurostat EB TJ'!BU31=":",0,'Eurostat EB TJ'!BU31) -> 109793.38
A24: Transformation input - electricity and heat generation - main activity producer heat only - energy use | C24: =IF('Eurostat EB TJ'!B32=":",0,'Eurostat EB TJ'!B32) -> 18399.78 | D24: =IF('Eurostat EB TJ'!C32=":",0,'Eurostat EB TJ'!C32) -> 0 | E24: =IF('Eurostat EB TJ'!D32=":",0,'Eurostat EB TJ'!D32) -> 0 | F24: =IF('Eurostat EB TJ'!E32=":",0,'Eurostat EB TJ'!E32) -> 0 | G24: =IF('Eurostat EB TJ'!F32=":",0,'Eurostat EB TJ'!F32) -> 0 | H24: =IF('Eurostat EB TJ'!G32=":",0,'Eurostat EB TJ'!G32) -> 0 | I24: =IF('Eurostat EB TJ'!H32=":",0,'Eurostat EB TJ'!H32) -> 0 | J24: =IF('Eurostat EB TJ'!I32=":",0,'Eurostat EB TJ'!I32) -> 0 | ... BV24: =IF('Eurostat EB TJ'!BU32=":",0,'Eurostat EB TJ'!BU32) -> 14152.47
A25: Transformation input - electricity and heat generation - autoproducer electricity only - energy use | C25: =IF('Eurostat EB TJ'!B33=":",0,'Eurostat EB TJ'!B33) -> 67696.36 | D25: =IF('Eurostat EB TJ'!C33=":",0,'Eurostat EB TJ'!C33) -> 0 | E25: =IF('Eurostat EB TJ'!D33=":",0,'Eurostat EB TJ'!D33) -> 0 | F25: =IF('Eurostat EB TJ'!E33=":",0,'Eurostat EB TJ'!E33) -> 0 | G25: =IF('Eurostat EB TJ'!F33=":",0,'Eurostat EB TJ'!F33) -> 0 | H25: =IF('Eurostat EB TJ'!G33=":",0,'Eurostat EB TJ'!G33) -> 0 | I25: =IF('Eurostat EB TJ'!H33=":",0,'Eurostat EB TJ'!H33) -> 0 | J25: =IF('Eurostat EB TJ'!I33=":",0,'Eurostat EB TJ'!I33) -> 0 | ... BV25: =IF('Eurostat EB TJ'!BU33=":",0,'Eurostat EB TJ'!BU33) -> 3017.578
A26: Transformation input - electricity and heat generation - autoproducer combined heat and power - energy use | C26: =IF('Eurostat EB TJ'!B34=":",0,'Eurostat EB TJ'!B34) -> 175821.42 | D26: =IF('Eurostat EB TJ'!C34=":",0,'Eurostat EB TJ'!C34) -> 0 | E26: =IF('Eurostat EB TJ'!D34=":",0,'Eurostat EB TJ'!D34) -> 0 | F26: =IF('Eurostat EB TJ'!E34=":",0,'Eurostat EB TJ'!E34) -> 0 | G26: =IF('Eurostat EB TJ'!F34=":",0,'Eurostat EB TJ'!F34) -> 0 | H26: =IF('Eurostat EB TJ'!G34=":",0,'Eurostat EB TJ'!G34) -> 0 | I26: =IF('Eurostat EB TJ'!H34=":",0,'Eurostat EB TJ'!H34) -> 0 | J26: =IF('Eurostat EB TJ'!I34=":",0,'Eurostat EB TJ'!I34) -> 0 | ... BV26: =IF('Eurostat EB TJ'!BU34=":",0,'Eurostat EB TJ'!BU34) -> 124512.57
A27: Transformation input - electricity and heat generation - autoproducer heat only - energy use | C27: =IF('Eurostat EB TJ'!B35=":",0,'Eurostat EB TJ'!B35) -> 12000.74 | D27: =IF('Eurostat EB TJ'!C35=":",0,'Eurostat EB TJ'!C35) -> 0 | E27: =IF('Eurostat EB TJ'!D35=":",0,'Eurostat EB TJ'!D35) -> 0 | F27: =IF('Eurostat EB TJ'!E35=":",0,'Eurostat EB TJ'!E35) -> 0 | G27: =IF('Eurostat EB TJ'!F35=":",0,'Eurostat EB TJ'!F35) -> 0 | H27: =IF('Eurostat EB TJ'!G35=":",0,'Eurostat EB TJ'!G35) -> 0 | I27: =IF('Eurostat EB TJ'!H35=":",0,'Eurostat EB TJ'!H35) -> 0 | J27: =IF('Eurostat EB TJ'!I35=":",0,'Eurostat EB TJ'!I35) -> 0 | ... BV27: =IF('Eurostat EB TJ'!BU35=":",0,'Eurostat EB TJ'!BU35) -> 9516.645
A28: Transformation input - electricity and heat generation - electrically driven heat pumps | C28: =IF('Eurostat EB TJ'!B36=":",0,'Eurostat EB TJ'!B36) -> 0 | D28: =IF('Eurostat EB TJ'!C36=":",0,'Eurostat EB TJ'!C36) -> 0 | E28: =IF('Eurostat EB TJ'!D36=":",0,'Eurostat EB TJ'!D36) -> 0 | F28: =IF('Eurostat EB TJ'!E36=":",0,'Eurostat EB TJ'!E36) -> 0 | G28: =IF('Eurostat EB TJ'!F36=":",0,'Eurostat EB TJ'!F36) -> 0 | H28: =IF('Eurostat EB TJ'!G36=":",0,'Eurostat EB TJ'!G36) -> 0 | I28: =IF('Eurostat EB TJ'!H36=":",0,'Eurostat EB TJ'!H36) -> 0 | J28: =IF('Eurostat EB TJ'!I36=":",0,'Eurostat EB TJ'!I36) -> 0 | ... BV28: =IF('Eurostat EB TJ'!BU36=":",0,'Eurostat EB TJ'!BU36) -> 0
A29: Transformation input - electricity and heat generation - electric boilers | C29: =IF('Eurostat EB TJ'!B37=":",0,'Eurostat EB TJ'!B37) -> 0 | D29: =IF('Eurostat EB TJ'!C37=":",0,'Eurostat EB TJ'!C37) -> 0 | E29: =IF('Eurostat EB TJ'!D37=":",0,'Eurostat EB TJ'!D37) -> 0 | F29: =IF('Eurostat EB TJ'!E37=":",0,'Eurostat EB TJ'!E37) -> 0 | G29: =IF('Eurostat EB TJ'!F37=":",0,'Eurostat EB TJ'!F37) -> 0 | H29: =IF('Eurostat EB TJ'!G37=":",0,'Eurostat EB TJ'!G37) -> 0 | I29: =IF('Eurostat EB TJ'!H37=":",0,'Eurostat EB TJ'!H37) -> 0 | J29: =IF('Eurostat EB TJ'!I37=":",0,'Eurostat EB TJ'!I37) -> 0 | ... BV29: =IF('Eurostat EB TJ'!BU37=":",0,'Eurostat EB TJ'!BU37) -> 0
A30: Transformation input - electricity and heat generation - electricity for pumped storage | C30: =IF('Eurostat EB TJ'!B38=":",0,'Eurostat EB TJ'!B38) -> 0 | D30: =IF('Eurostat EB TJ'!C38=":",0,'Eurostat EB TJ'!C38) -> 0 | E30: =IF('Eurostat EB TJ'!D38=":",0,'Eurostat EB TJ'!D38) -> 0 | F30: =IF('Eurostat EB TJ'!E38=":",0,'Eurostat EB TJ'!E38) -> 0 | G30: =IF('Eurostat EB TJ'!F38=":",0,'Eurostat EB TJ'!F38) -> 0 | H30: =IF('Eurostat EB TJ'!G38=":",0,'Eurostat EB TJ'!G38) -> 0 | I30: =IF('Eurostat EB TJ'!H38=":",0,'Eurostat EB TJ'!H38) -> 0 | J30: =IF('Eurostat EB TJ'!I38=":",0,'Eurostat EB TJ'!I38) -> 0 | ... BV30: =IF('Eurostat EB TJ'!BU38=":",0,'Eurostat EB TJ'!BU38) -> 0
A31: Transformation input - electricity and heat generation - derived heat for electricity production | C31: =IF('Eurostat EB TJ'!B39=":",0,'Eurostat EB TJ'!B39) -> 5650.925 | D31: =IF('Eurostat EB TJ'!C39=":",0,'Eurostat EB TJ'!C39) -> 0 | E31: =IF('Eurostat EB TJ'!D39=":",0,'Eurostat EB TJ'!D39) -> 0 | F31: =IF('Eurostat EB TJ'!E39=":",0,'Eurostat EB TJ'!E39) -> 0 | G31: =IF('Eurostat EB TJ'!F39=":",0,'Eurostat EB TJ'!F39) -> 0 | H31: =IF('Eurostat EB TJ'!G39=":",0,'Eurostat EB TJ'!G39) -> 0 | I31: =IF('Eurostat EB TJ'!H39=":",0,'Eurostat EB TJ'!H39) -> 0 | J31: =IF('Eurostat EB TJ'!I39=":",0,'Eurostat EB TJ'!I39) -> 0 | ... BV31: =IF('Eurostat EB TJ'!BU39=":",0,'Eurostat EB TJ'!BU39) -> 3924.011
A32: Transformation input - electricity and heat generation - charging batteries | B32: NOT USED: DEBT | C32: =IF('Eurostat EB TJ'!B40=":",0,'Eurostat EB TJ'!B40) -> 362.92 | D32: =IF('Eurostat EB TJ'!C40=":",0,'Eurostat EB TJ'!C40) -> 0 | E32: =IF('Eurostat EB TJ'!D40=":",0,'Eurostat EB TJ'!D40) -> 0 | F32: =IF('Eurostat EB TJ'!E40=":",0,'Eurostat EB TJ'!E40) -> 0 | G32: =IF('Eurostat EB TJ'!F40=":",0,'Eurostat EB TJ'!F40) -> 0 | H32: =IF('Eurostat EB TJ'!G40=":",0,'Eurostat EB TJ'!G40) -> 0 | I32: =IF('Eurostat EB TJ'!H40=":",0,'Eurostat EB TJ'!H40) -> 0 | J32: =IF('Eurostat EB TJ'!I40=":",0,'Eurostat EB TJ'!I40) -> 0 | ... BV32: =IF('Eurostat EB TJ'!BU40=":",0,'Eurostat EB TJ'!BU40) -> 178.048
A33: Transformation input - coke ovens - energy use | C33: =IF('Eurostat EB TJ'!B41=":",0,'Eurostat EB TJ'!B41) -> 70878.617 | D33: =IF('Eurostat EB TJ'!C41=":",0,'Eurostat EB TJ'!C41) -> 70878.617 | E33: =IF('Eurostat EB TJ'!D41=":",0,'Eurostat EB TJ'!D41) -> 0 | F33: =IF('Eurostat EB TJ'!E41=":",0,'Eurostat EB TJ'!E41) -> 70878.617 | G33: =IF('Eurostat EB TJ'!F41=":",0,'Eurostat EB TJ'!F41) -> 0 | H33: =IF('Eurostat EB TJ'!G41=":",0,'Eurostat EB TJ'!G41) -> 0 | I33: =IF('Eurostat EB TJ'!H41=":",0,'Eurostat EB TJ'!H41) -> 0 | J33: =IF('Eurostat EB TJ'!I41=":",0,'Eurostat EB TJ'!I41) -> 0 | ... BV33: =IF('Eurostat EB TJ'!BU41=":",0,'Eurostat EB TJ'!BU41) -> 70878.617
A34: Transformation input - blast furnaces - energy use | C34: =IF('Eurostat EB TJ'!B42=":",0,'Eurostat EB TJ'!B42) -> 63808.498 | D34: =IF('Eurostat EB TJ'!C42=":",0,'Eurostat EB TJ'!C42) -> 63808.498 | E34: =IF('Eurostat EB TJ'!D42=":",0,'Eurostat EB TJ'!D42) -> 0 | F34: =IF('Eurostat EB TJ'!E42=":",0,'Eurostat EB TJ'!E42) -> 28264.495 | G34: =IF('Eurostat EB TJ'!F42=":",0,'Eurostat EB TJ'!F42) -> 0 | H34: =IF('Eurostat EB TJ'!G42=":",0,'Eurostat EB TJ'!G42) -> 0 | I34: =IF('Eurostat EB TJ'!H42=":",0,'Eurostat EB TJ'!H42) -> 0 | J34: =IF('Eurostat EB TJ'!I42=":",0,'Eurostat EB TJ'!I42) -> 35544.003 | ... BV34: =IF('Eurostat EB TJ'!BU42=":",0,'Eurostat EB TJ'!BU42) -> 63808.498
A35: Transformation input - gas works - energy use | C35: =IF('Eurostat EB TJ'!B43=":",0,'Eurostat EB TJ'!B43) -> 0 | D35: =IF('Eurostat EB TJ'!C43=":",0,'Eurostat EB TJ'!C43) -> 0 | E35: =IF('Eurostat EB TJ'!D43=":",0,'Eurostat EB TJ'!D43) -> 0 | F35: =IF('Eurostat EB TJ'!E43=":",0,'Eurostat EB TJ'!E43) -> 0 | G35: =IF('Eurostat EB TJ'!F43=":",0,'Eurostat EB TJ'!F43) -> 0 | H35: =IF('Eurostat EB TJ'!G43=":",0,'Eurostat EB TJ'!G43) -> 0 | I35: =IF('Eurostat EB TJ'!H43=":",0,'Eurostat EB TJ'!H43) -> 0 | J35: =IF('Eurostat EB TJ'!I43=":",0,'Eurostat EB TJ'!I43) -> 0 | ... BV35: =IF('Eurostat EB TJ'!BU43=":",0,'Eurostat EB TJ'!BU43) -> 0
A36: Transformation input - refineries and petrochemical industry - energy use | C36: =IF('Eurostat EB TJ'!B44=":",0,'Eurostat EB TJ'!B44) -> 4262270.5 | D36: =IF('Eurostat EB TJ'!C44=":",0,'Eurostat EB TJ'!C44) -> 0 | E36: =IF('Eurostat EB TJ'!D44=":",0,'Eurostat EB TJ'!D44) -> 0 | F36: =IF('Eurostat EB TJ'!E44=":",0,'Eurostat EB TJ'!E44) -> 0 | G36: =IF('Eurostat EB TJ'!F44=":",0,'Eurostat EB TJ'!F44) -> 0 | H36: =IF('Eurostat EB TJ'!G44=":",0,'Eurostat EB TJ'!G44) -> 0 | I36: =IF('Eurostat EB TJ'!H44=":",0,'Eurostat EB TJ'!H44) -> 0 | J36: =IF('Eurostat EB TJ'!I44=":",0,'Eurostat EB TJ'!I44) -> 0 | ... BV36: =IF('Eurostat EB TJ'!BU44=":",0,'Eurostat EB TJ'!BU44) -> 4262262.5
A37: Transformation input - refineries and petrochemical industry - refinery intake - energy use | C37: =IF('Eurostat EB TJ'!B45=":",0,'Eurostat EB TJ'!B45) -> 2642416.1 | D37: =IF('Eurostat EB TJ'!C45=":",0,'Eurostat EB TJ'!C45) -> 0 | E37: =IF('Eurostat EB TJ'!D45=":",0,'Eurostat EB TJ'!D45) -> 0 | F37: =IF('Eurostat EB TJ'!E45=":",0,'Eurostat EB TJ'!E45) -> 0 | G37: =IF('Eurostat EB TJ'!F45=":",0,'Eurostat EB TJ'!F45) -> 0 | H37: =IF('Eurostat EB TJ'!G45=":",0,'Eurostat EB TJ'!G45) -> 0 | I37: =IF('Eurostat EB TJ'!H45=":",0,'Eurostat EB TJ'!H45) -> 0 | J37: =IF('Eurostat EB TJ'!I45=":",0,'Eurostat EB TJ'!I45) -> 0 | ... BV37: =IF('Eurostat EB TJ'!BU45=":",0,'Eurostat EB TJ'!BU45) -> 2642416.1
A38: Transformation input - refineries and petrochemical industry - backflows from petrochemical industry - energy use | C38: =IF('Eurostat EB TJ'!B46=":",0,'Eurostat EB TJ'!B46) -> 154261.76 | D38: =IF('Eurostat EB TJ'!C46=":",0,'Eurostat EB TJ'!C46) -> 0 | E38: =IF('Eurostat EB TJ'!D46=":",0,'Eurostat EB TJ'!D46) -> 0 | F38: =IF('Eurostat EB TJ'!E46=":",0,'Eurostat EB TJ'!E46) -> 0 | G38: =IF('Eurostat EB TJ'!F46=":",0,'Eurostat EB TJ'!F46) -> 0 | H38: =IF('Eurostat EB TJ'!G46=":",0,'Eurostat EB TJ'!G46) -> 0 | I38: =IF('Eurostat EB TJ'!H46=":",0,'Eurostat EB TJ'!H46) -> 0 | J38: =IF('Eurostat EB TJ'!I46=":",0,'Eurostat EB TJ'!I46) -> 0 | ... BV38: =IF('Eurostat EB TJ'!BU46=":",0,'Eurostat EB TJ'!BU46) -> 154253.74
A39: Transformation input - refineries and petrochemical industry - products transferred - energy use | C39: =IF('Eurostat EB TJ'!B47=":",0,'Eurostat EB TJ'!B47) -> 213047.02 | D39: =IF('Eurostat EB TJ'!C47=":",0,'Eurostat EB TJ'!C47) -> 0 | E39: =IF('Eurostat EB TJ'!D47=":",0,'Eurostat EB TJ'!D47) -> 0 | F39: =IF('Eurostat EB TJ'!E47=":",0,'Eurostat EB TJ'!E47) -> 0 | G39: =IF('Eurostat EB TJ'!F47=":",0,'Eurostat EB TJ'!F47) -> 0 | H39: =IF('Eurostat EB TJ'!G47=":",0,'Eurostat EB TJ'!G47) -> 0 | I39: =IF('Eurostat EB TJ'!H47=":",0,'Eurostat EB TJ'!H47) -> 0 | J39: =IF('Eurostat EB TJ'!I47=":",0,'Eurostat EB TJ'!I47) -> 0 | ... BV39: =IF('Eurostat EB TJ'!BU47=":",0,'Eurostat EB TJ'!BU47) -> 213047.02
A40: Transformation input - refineries and petrochemical industry - interproduct transfers - energy use | C40: =IF('Eurostat EB TJ'!B48=":",0,'Eurostat EB TJ'!B48) -> 658013.43 | D40: =IF('Eurostat EB TJ'!C48=":",0,'Eurostat EB TJ'!C48) -> 0 | E40: =IF('Eurostat EB TJ'!D48=":",0,'Eurostat EB TJ'!D48) -> 0 | F40: =IF('Eurostat EB TJ'!E48=":",0,'Eurostat EB TJ'!E48) -> 0 | G40: =IF('Eurostat EB TJ'!F48=":",0,'Eurostat EB TJ'!F48) -> 0 | H40: =IF('Eurostat EB TJ'!G48=":",0,'Eurostat EB TJ'!G48) -> 0 | I40: =IF('Eurostat EB TJ'!H48=":",0,'Eurostat EB TJ'!H48) -> 0 | J40: =IF('Eurostat EB TJ'!I48=":",0,'Eurostat EB TJ'!I48) -> 0 | ... BV40: =IF('Eurostat EB TJ'!BU48=":",0,'Eurostat EB TJ'!BU48) -> 658013.43
A41: Transformation input - refineries and petrochemical industry - direct use - energy use | C41: =IF('Eurostat EB TJ'!B49=":",0,'Eurostat EB TJ'!B49) -> 438573.56 | D41: =IF('Eurostat EB TJ'!C49=":",0,'Eurostat EB TJ'!C49) -> 0 | E41: =IF('Eurostat EB TJ'!D49=":",0,'Eurostat EB TJ'!D49) -> 0 | F41: =IF('Eurostat EB TJ'!E49=":",0,'Eurostat EB TJ'!E49) -> 0 | G41: =IF('Eurostat EB TJ'!F49=":",0,'Eurostat EB TJ'!F49) -> 0 | H41: =IF('Eurostat EB TJ'!G49=":",0,'Eurostat EB TJ'!G49) -> 0 | I41: =IF('Eurostat EB TJ'!H49=":",0,'Eurostat EB TJ'!H49) -> 0 | J41: =IF('Eurostat EB TJ'!I49=":",0,'Eurostat EB TJ'!I49) -> 0 | ... BV41: =IF('Eurostat EB TJ'!BU49=":",0,'Eurostat EB TJ'!BU49) -> 438573.56
A42: Transformation input - refineries and petrochemical industry - petrochemical industry intake - energy use | C42: =IF('Eurostat EB TJ'!B50=":",0,'Eurostat EB TJ'!B50) -> 155958.68 | D42: =IF('Eurostat EB TJ'!C50=":",0,'Eurostat EB TJ'!C50) -> 0 | E42: =IF('Eurostat EB TJ'!D50=":",0,'Eurostat EB TJ'!D50) -> 0 | F42: =IF('Eurostat EB TJ'!E50=":",0,'Eurostat EB TJ'!E50) -> 0 | G42: =IF('Eurostat EB TJ'!F50=":",0,'Eurostat EB TJ'!F50) -> 0 | H42: =IF('Eurostat EB TJ'!G50=":",0,'Eurostat EB TJ'!G50) -> 0 | I42: =IF('Eurostat EB TJ'!H50=":",0,'Eurostat EB TJ'!H50) -> 0 | J42: =IF('Eurostat EB TJ'!I50=":",0,'Eurostat EB TJ'!I50) -> 0 | ... BV42: =IF('Eurostat EB TJ'!BU50=":",0,'Eurostat EB TJ'!BU50) -> 155958.68
A43: Transformation input - patent fuel plants - energy use | C43: =IF('Eurostat EB TJ'!B51=":",0,'Eurostat EB TJ'!B51) -> 0 | D43: =IF('Eurostat EB TJ'!C51=":",0,'Eurostat EB TJ'!C51) -> 0 | E43: =IF('Eurostat EB TJ'!D51=":",0,'Eurostat EB TJ'!D51) -> 0 | F43: =IF('Eurostat EB TJ'!E51=":",0,'Eurostat EB TJ'!E51) -> 0 | G43: =IF('Eurostat EB TJ'!F51=":",0,'Eurostat EB TJ'!F51) -> 0 | H43: =IF('Eurostat EB TJ'!G51=":",0,'Eurostat EB TJ'!G51) -> 0 | I43: =IF('Eurostat EB TJ'!H51=":",0,'Eurostat EB TJ'!H51) -> 0 | J43: =IF('Eurostat EB TJ'!I51=":",0,'Eurostat EB TJ'!I51) -> 0 | ... BV43: =IF('Eurostat EB TJ'!BU51=":",0,'Eurostat EB TJ'!BU51) -> 0
A44: Transformation input - brown coal briquettes and peat briquettes plants - energy use | C44: =IF('Eurostat EB TJ'!B52=":",0,'Eurostat EB TJ'!B52) -> 0 | D44: =IF('Eurostat EB TJ'!C52=":",0,'Eurostat EB TJ'!C52) -> 0 | E44: =IF('Eurostat EB TJ'!D52=":",0,'Eurostat EB TJ'!D52) -> 0 | F44: =IF('Eurostat EB TJ'!E52=":",0,'Eurostat EB TJ'!E52) -> 0 | G44: =IF('Eurostat EB TJ'!F52=":",0,'Eurostat EB TJ'!F52) -> 0 | H44: =IF('Eurostat EB TJ'!G52=":",0,'Eurostat EB TJ'!G52) -> 0 | I44: =IF('Eurostat EB TJ'!H52=":",0,'Eurostat EB TJ'!H52) -> 0 | J44: =IF('Eurostat EB TJ'!I52=":",0,'Eurostat EB TJ'!I52) -> 0 | ... BV44: =IF('Eurostat EB TJ'!BU52=":",0,'Eurostat EB TJ'!BU52) -> 0
... A98: Distribution losses | C98: =IF('Eurostat EB TJ'!B106=":",0,'Eurostat EB TJ'!B106) -> 25768.62 | D98: =IF('Eurostat EB TJ'!C106=":",0,'Eurostat EB TJ'!C106) -> 0 | E98: =IF('Eurostat EB TJ'!D106=":",0,'Eurostat EB TJ'!D106) -> 0 | F98: =IF('Eurostat EB TJ'!E106=":",0,'Eurostat EB TJ'!E106) -> 0 | G98: =IF('Eurostat EB TJ'!F106=":",0,'Eurostat EB TJ'!F106) -> 0 | H98: =IF('Eurostat EB TJ'!G106=":",0,'Eurostat EB TJ'!G106) -> 0 | I98: =IF('Eurostat EB TJ'!H106=":",0,'Eurostat EB TJ'!H106) -> 0 | J98: =IF('Eurostat EB TJ'!I106=":",0,'Eurostat EB TJ'!I106) -> 0 | ... BV98: =IF('Eurostat EB TJ'!BU106=":",0,'Eurostat EB TJ'!BU106) -> 14218.612
A99: Available for final consumption | B99: NOT USED: SUM | C99: =IF('Eurostat EB TJ'!B107=":",0,'Eurostat EB TJ'!B107) -> 2046739.2 | D99: =IF('Eurostat EB TJ'!C107=":",0,'Eurostat EB TJ'!C107) -> 5748.324 | E99: =IF('Eurostat EB TJ'!D107=":",0,'Eurostat EB TJ'!D107) -> 76.707 | F99: =IF('Eurostat EB TJ'!E107=":",0,'Eurostat EB TJ'!E107) -> 66.252 | G99: =IF('Eurostat EB TJ'!F107=":",0,'Eurostat EB TJ'!F107) -> 470.799 | H99: =IF('Eurostat EB TJ'!G107=":",0,'Eurostat EB TJ'!G107) -> 0 | I99: =IF('Eurostat EB TJ'!H107=":",0,'Eurostat EB TJ'!H107) -> 312.82 | J99: =IF('Eurostat EB TJ'!I107=":",0,'Eurostat EB TJ'!I107) -> 3903.759 | ... BV99: =IF('Eurostat EB TJ'!BU107=":",0,'Eurostat EB TJ'!BU107) -> 1739258.1
A100: Final consumption - non-energy use | C100: =IF('Eurostat EB TJ'!B108=":",0,'Eurostat EB TJ'!B108) -> 448111.14 | D100: =IF('Eurostat EB TJ'!C108=":",0,'Eurostat EB TJ'!C108) -> 1262.528 | E100: =IF('Eurostat EB TJ'!D108=":",0,'Eurostat EB TJ'!D108) -> 74.217 | F100: =IF('Eurostat EB TJ'!E108=":",0,'Eurostat EB TJ'!E108) -> 18.925 | G100: =IF('Eurostat EB TJ'!F108=":",0,'Eurostat EB TJ'!F108) -> 0 | H100: =IF('Eurostat EB TJ'!G108=":",0,'Eurostat EB TJ'!G108) -> 0 | I100: =IF('Eurostat EB TJ'!H108=":",0,'Eurostat EB TJ'!H108) -> 0 | J100: =IF('Eurostat EB TJ'!I108=":",0,'Eurostat EB TJ'!I108) -> 251.399 | ... BV100: =IF('Eurostat EB TJ'!BU108=":",0,'Eurostat EB TJ'!BU108) -> 447424.69
A101: Transformation input, energy sector and final consumption in industry sector - non-energy use | C101: =IF('Eurostat EB TJ'!B109=":",0,'Eurostat EB TJ'!B109) -> 443859.42 | D101: =IF('Eurostat EB TJ'!C109=":",0,'Eurostat EB TJ'!C109) -> 1262.528 | E101: =IF('Eurostat EB TJ'!D109=":",0,'Eurostat EB TJ'!D109) -> 74.217 | F101: =IF('Eurostat EB TJ'!E109=":",0,'Eurostat EB TJ'!E109) -> 18.925 | G101: =IF('Eurostat EB TJ'!F109=":",0,'Eurostat EB TJ'!F109) -> 0 | H101: =IF('Eurostat EB TJ'!G109=":",0,'Eurostat EB TJ'!G109) -> 0 | I101: =IF('Eurostat EB TJ'!H109=":",0,'Eurostat EB TJ'!H109) -> 0 | J101: =IF('Eurostat EB TJ'!I109=":",0,'Eurostat EB TJ'!I109) -> 251.399 | ... BV101: =IF('Eurostat EB TJ'!BU109=":",0,'Eurostat EB TJ'!BU109) -> 443173.36
A102: Transformation input - non-energy use | B102: NOT USED: SUM | C102: =IF('Eurostat EB TJ'!B110=":",0,'Eurostat EB TJ'!B110) -> 0 | D102: =IF('Eurostat EB TJ'!C110=":",0,'Eurostat EB TJ'!C110) -> 0 | E102: =IF('Eurostat EB TJ'!D110=":",0,'Eurostat EB TJ'!D110) -> 0 | F102: =IF('Eurostat EB TJ'!E110=":",0,'Eurostat EB TJ'!E110) -> 0 | G102: =IF('Eurostat EB TJ'!F110=":",0,'Eurostat EB TJ'!F110) -> 0 | H102: =IF('Eurostat EB TJ'!G110=":",0,'Eurostat EB TJ'!G110) -> 0 | I102: =IF('Eurostat EB TJ'!H110=":",0,'Eurostat EB TJ'!H110) -> 0 | J102: =IF('Eurostat EB TJ'!I110=":",0,'Eurostat EB TJ'!I110) -> 0 | ... BV102: =IF('Eurostat EB TJ'!BU110=":",0,'Eurostat EB TJ'!BU110) -> 0
A103: Energy sector - non-energy use | B103: NOT USED: SUM | C103: =IF('Eurostat EB TJ'!B111=":",0,'Eurostat EB TJ'!B111) -> 0 | D103: =IF('Eurostat EB TJ'!C111=":",0,'Eurostat EB TJ'!C111) -> 0 | E103: =IF('Eurostat EB TJ'!D111=":",0,'Eurostat EB TJ'!D111) -> 0 | F103: =IF('Eurostat EB TJ'!E111=":",0,'Eurostat EB TJ'!E111) -> 0 | G103: =IF('Eurostat EB TJ'!F111=":",0,'Eurostat EB TJ'!F111) -> 0 | H103: =IF('Eurostat EB TJ'!G111=":",0,'Eurostat EB TJ'!G111) -> 0 | I103: =IF('Eurostat EB TJ'!H111=":",0,'Eurostat EB TJ'!H111) -> 0 | J103: =IF('Eurostat EB TJ'!I111=":",0,'Eurostat EB TJ'!I111) -> 0 | ... BV103: =IF('Eurostat EB TJ'!BU111=":",0,'Eurostat EB TJ'!BU111) -> 0
A104: Final consumption - industry sector - non-energy use | B104: NOT USED: SUM | C104: =IF('Eurostat EB TJ'!B112=":",0,'Eurostat EB TJ'!B112) -> 442596.9 | D104: =IF('Eurostat EB TJ'!C112=":",0,'Eurostat EB TJ'!C112) -> 0 | E104: =IF('Eurostat EB TJ'!D112=":",0,'Eurostat EB TJ'!D112) -> 0 | F104: =IF('Eurostat EB TJ'!E112=":",0,'Eurostat EB TJ'!E112) -> 0 | G104: =IF('Eurostat EB TJ'!F112=":",0,'Eurostat EB TJ'!F112) -> 0 | H104: =IF('Eurostat EB TJ'!G112=":",0,'Eurostat EB TJ'!G112) -> 0 | I104: =IF('Eurostat EB TJ'!H112=":",0,'Eurostat EB TJ'!H112) -> 0 | J104: =IF('Eurostat EB TJ'!I112=":",0,'Eurostat EB TJ'!I112) -> 0 | ... BV104: =IF('Eurostat EB TJ'!BU112=":",0,'Eurostat EB TJ'!BU112) -> 441910.84
A105: Final consumption - industry sector - chemical and petrochemical - non-energy use | B105: ADDED USING CB | C105: =SUM(D105:BV105) -> 796034.37 | D105: {=IFERROR(INDEX('EUROSTAT CB summary'!$B$5:$AU$5,0,MATCH(D$2,'EUROSTAT CB summary'!$B$1:$AU$1,0)),0)*D104} -> 0 | E105: {=IFERROR(INDEX('EUROSTAT CB summary'!$B$5:$AU$5,0,MATCH(E$2,'EUROSTAT CB summary'!$B$1:$AU$1,0)),0)*E104} -> 0 | F105: {=IFERROR(INDEX('EUROSTAT CB summary'!$B$5:$AU$5,0,MATCH(F$2,'EUROSTAT CB summary'!$B$1:$AU$1,0)),0)*F104} -> 0 | G105: {=IFERROR(INDEX('EUROSTAT CB summary'!$B$5:$AU$5,0,MATCH(G$2,'EUROSTAT CB summary'!$B$1:$AU$1,0)),0)*G104} -> 0 | H105: {=IFERROR(INDEX('EUROSTAT CB summary'!$B$5:$AU$5,0,MATCH(H$2,'EUROSTAT CB summary'!$B$1:$AU$1,0)),0)*H104} -> 0 | I105: {=IFERROR(INDEX('EUROSTAT CB summary'!$B$5:$AU$5,0,MATCH(I$2,'EUROSTAT CB summary'!$B$1:$AU$1,0)),0)*I104} -> 0 | J105: {=IFERROR(INDEX('EUROSTAT CB summary'!$B$5:$AU$5,0,MATCH(J$2,'EUROSTAT CB summary'!$B$1:$AU$1,0)),0)*J104} -> 0 | K105: {=IFERROR(INDEX('EUROSTAT CB summary'!$B$5:$AU$5,0,MATCH(K$2,'EUROSTAT CB summary'!$B$1:$AU$1,0)),0)*K104} -> 0 | ... BV105: {=IFERROR(INDEX('EUROSTAT CB summary'!$B$5:$AU$5,0,MATCH(BV$2,'EUROSTAT CB summary'!$B$1:$AU$1,0)),0)*BV104} -> 0
A106: Final consumption - transport sector - non-energy use | C106: =IF('Eurostat EB TJ'!B113=":",0,'Eurostat EB TJ'!B113) -> 2704.963 | D106: =IF('Eurostat EB TJ'!C113=":",0,'Eurostat EB TJ'!C113) -> 0 | E106: =IF('Eurostat EB TJ'!D113=":",0,'Eurostat EB TJ'!D113) -> 0 | F106: =IF('Eurostat EB TJ'!E113=":",0,'Eurostat EB TJ'!E113) -> 0 | G106: =IF('Eurostat EB TJ'!F113=":",0,'Eurostat EB TJ'!F113) -> 0 | H106: =IF('Eurostat EB TJ'!G113=":",0,'Eurostat EB TJ'!G113) -> 0 | I106: =IF('Eurostat EB TJ'!H113=":",0,'Eurostat EB TJ'!H113) -> 0 | J106: =IF('Eurostat EB TJ'!I113=":",0,'Eurostat EB TJ'!I113) -> 0 | ... BV106: =IF('Eurostat EB TJ'!BU113=":",0,'Eurostat EB TJ'!BU113) -> 2704.963
A107: Final consumption - other sectors - non-energy use | C107: =IF('Eurostat EB TJ'!B114=":",0,'Eurostat EB TJ'!B114) -> 1546.75 | D107: =IF('Eurostat EB TJ'!C114=":",0,'Eurostat EB TJ'!C114) -> 0 | E107: =IF('Eurostat EB TJ'!D114=":",0,'Eurostat EB TJ'!D114) -> 0 | F107: =IF('Eurostat EB TJ'!E114=":",0,'Eurostat EB TJ'!E114) -> 0 | G107: =IF('Eurostat EB TJ'!F114=":",0,'Eurostat EB TJ'!F114) -> 0 | H107: =IF('Eurostat EB TJ'!G114=":",0,'Eurostat EB TJ'!G114) -> 0 | I107: =IF('Eurostat EB TJ'!H114=":",0,'Eurostat EB TJ'!H114) -> 0 | J107: =IF('Eurostat EB TJ'!I114=":",0,'Eurostat EB TJ'!I114) -> 0 | ... BV107: =IF('Eurostat EB TJ'!BU114=":",0,'Eurostat EB TJ'!BU114) -> 1546.361
A108: Final consumption - energy use | C108: =IF('Eurostat EB TJ'!B115=":",0,'Eurostat EB TJ'!B115) -> 1598821.1 | D108: =IF('Eurostat EB TJ'!C115=":",0,'Eurostat EB TJ'!C115) -> 4309.523 | E108: =IF('Eurostat EB TJ'!D115=":",0,'Eurostat EB TJ'!D115) -> 2.491 | F108: =IF('Eurostat EB TJ'!E115=":",0,'Eurostat EB TJ'!E115) -> 47.327 | G108: =IF('Eurostat EB TJ'!F115=":",0,'Eurostat EB TJ'!F115) -> 294.525 | H108: =IF('Eurostat EB TJ'!G115=":",0,'Eurostat EB TJ'!G115) -> 0 | I108: =IF('Eurostat EB TJ'!H115=":",0,'Eurostat EB TJ'!H115) -> 312.82 | J108: =IF('Eurostat EB TJ'!I115=":",0,'Eurostat EB TJ'!I115) -> 3652.361 | ... BV108: =IF('Eurostat EB TJ'!BU115=":",0,'Eurostat EB TJ'!BU115) -> 1294342.4
A109: Final consumption - industry sector - energy use | C109: =IF('Eurostat EB TJ'!B116=":",0,'Eurostat EB TJ'!B116) -> 487196.93 | D109: =IF('Eurostat EB TJ'!C116=":",0,'Eurostat EB TJ'!C116) -> 3994.213 | E109: =IF('Eurostat EB TJ'!D116=":",0,'Eurostat EB TJ'!D116) -> 0 | F109: =IF('Eurostat EB TJ'!E116=":",0,'Eurostat EB TJ'!E116) -> 47.327 | G109: =IF('Eurostat EB TJ'!F116=":",0,'Eurostat EB TJ'!F116) -> 294.525 | H109: =IF('Eurostat EB TJ'!G116=":",0,'Eurostat EB TJ'!G116) -> 0 | I109: =IF('Eurostat EB TJ'!H116=":",0,'Eurostat EB TJ'!H116) -> 0 | J109: =IF('Eurostat EB TJ'!I116=":",0,'Eurostat EB TJ'!I116) -> 3652.361 | ... BV109: =IF('Eurostat EB TJ'!BU116=":",0,'Eurostat EB TJ'!BU116) -> 405638.78
A110: Final consumption - industry sector - iron and steel - energy use | C110: =IF('Eurostat EB TJ'!B117=":",0,'Eurostat EB TJ'!B117) -> 28445.047 | D110: =IF('Eurostat EB TJ'!C117=":",0,'Eurostat EB TJ'!C117) -> 2965.098 | E110: =IF('Eurostat EB TJ'!D117=":",0,'Eurostat EB TJ'!D117) -> 0 | F110: =IF('Eurostat EB TJ'!E117=":",0,'Eurostat EB TJ'!E117) -> 34.386 | G110: =IF('Eurostat EB TJ'!F117=":",0,'Eurostat EB TJ'!F117) -> 0 | H110: =IF('Eurostat EB TJ'!G117=":",0,'Eurostat EB TJ'!G117) -> 0 | I110: =IF('Eurostat EB TJ'!H117=":",0,'Eurostat EB TJ'!H117) -> 0 | J110: =IF('Eurostat EB TJ'!I117=":",0,'Eurostat EB TJ'!I117) -> 2930.712 | ... BV110: =IF('Eurostat EB TJ'!BU117=":",0,'Eurostat EB TJ'!BU117) -> 24863.596
A111: Final consumption - industry sector - chemical and petrochemical - energy use | C111: =IF('Eurostat EB TJ'!B118=":",0,'Eurostat EB TJ'!B118) -> 262145.82 | D111: =IF('Eurostat EB TJ'!C118=":",0,'Eurostat EB TJ'!C118) -> 0 | E111: =IF('Eurostat EB TJ'!D118=":",0,'Eurostat EB TJ'!D118) -> 0 | F111: =IF('Eurostat EB TJ'!E118=":",0,'Eurostat EB TJ'!E118) -> 0 | G111: =IF('Eurostat EB TJ'!F118=":",0,'Eurostat EB TJ'!F118) -> 0 | H111: =IF('Eurostat EB TJ'!G118=":",0,'Eurostat EB TJ'!G118) -> 0 | I111: =IF('Eurostat EB TJ'!H118=":",0,'Eurostat EB TJ'!H118) -> 0 | J111: =IF('Eurostat EB TJ'!I118=":",0,'Eurostat EB TJ'!I118) -> 0 | ... BV111: =IF('Eurostat EB TJ'!BU118=":",0,'Eurostat EB TJ'!BU118) -> 225846.82
A112: Final consumption - industry sector - non-ferrous metals - energy use | C112: =IF('Eurostat EB TJ'!B119=":",0,'Eurostat EB TJ'!B119) -> 5653.901 | D112: =IF('Eurostat EB TJ'!C119=":",0,'Eurostat EB TJ'!C119) -> 0 | E112: =IF('Eurostat EB TJ'!D119=":",0,'Eurostat EB TJ'!D119) -> 0 | F112: =IF('Eurostat EB TJ'!E119=":",0,'Eurostat EB TJ'!E119) -> 0 | G112: =IF('Eurostat EB TJ'!F119=":",0,'Eurostat EB TJ'!F119) -> 0 | H112: =IF('Eurostat EB TJ'!G119=":",0,'Eurostat EB TJ'!G119) -> 0 | I112: =IF('Eurostat EB TJ'!H119=":",0,'Eurostat EB TJ'!H119) -> 0 | J112: =IF('Eurostat EB TJ'!I119=":",0,'Eurostat EB TJ'!I119) -> 0 | ... BV112: =IF('Eurostat EB TJ'!BU119=":",0,'Eurostat EB TJ'!BU119) -> 3706.463
A113: Final consumption - industry sector - non-metallic minerals - energy use | C113: =IF('Eurostat EB TJ'!B120=":",0,'Eurostat EB TJ'!B120) -> 21286.021 | D113: =IF('Eurostat EB TJ'!C120=":",0,'Eurostat EB TJ'!C120) -> 734.59 | E113: =IF('Eurostat EB TJ'!D120=":",0,'Eurostat EB TJ'!D120) -> 0 | F113: =IF('Eurostat EB TJ'!E120=":",0,'Eurostat EB TJ'!E120) -> 12.941 | G113: =IF('Eurostat EB TJ'!F120=":",0,'Eurostat EB TJ'!F120) -> 0 | H113: =IF('Eurostat EB TJ'!G120=":",0,'Eurostat EB TJ'!G120) -> 0 | I113: =IF('Eurostat EB TJ'!H120=":",0,'Eurostat EB TJ'!H120) -> 0 | J113: =IF('Eurostat EB TJ'!I120=":",0,'Eurostat EB TJ'!I120) -> 721.649 | ... BV113: =IF('Eurostat EB TJ'!BU120=":",0,'Eurostat EB TJ'!BU120) -> 19131.202
A114: Final consumption - industry sector - transport equipment - energy use | C114: =IF('Eurostat EB TJ'!B121=":",0,'Eurostat EB TJ'!B121) -> 3403.297 | D114: =IF('Eurostat EB TJ'!C121=":",0,'Eurostat EB TJ'!C121) -> 0 | E114: =IF('Eurostat EB TJ'!D121=":",0,'Eurostat EB TJ'!D121) -> 0 | F114: =IF('Eurostat EB TJ'!E121=":",0,'Eurostat EB TJ'!E121) -> 0 | G114: =IF('Eurostat EB TJ'!F121=":",0,'Eurostat EB TJ'!F121) -> 0 | H114: =IF('Eurostat EB TJ'!G121=":",0,'Eurostat EB TJ'!G121) -> 0 | I114: =IF('Eurostat EB TJ'!H121=":",0,'Eurostat EB TJ'!H121) -> 0 | J114: =IF('Eurostat EB TJ'!I121=":",0,'Eurostat EB TJ'!I121) -> 0 | ... BV114: =IF('Eurostat EB TJ'!BU121=":",0,'Eurostat EB TJ'!BU121) -> 2428.218
A115: Final consumption - industry sector - machinery - energy use | C115: =IF('Eurostat EB TJ'!B122=":",0,'Eurostat EB TJ'!B122) -> 19007.415 | D115: =IF('Eurostat EB TJ'!C122=":",0,'Eurostat EB TJ'!C122) -> 0 | E115: =IF('Eurostat EB TJ'!D122=":",0,'Eurostat EB TJ'!D122) -> 0 | F115: =IF('Eurostat EB TJ'!E122=":",0,'Eurostat EB TJ'!E122) -> 0 | G115: =IF('Eurostat EB TJ'!F122=":",0,'Eurostat EB TJ'!F122) -> 0 | H115: =IF('Eurostat EB TJ'!G122=":",0,'Eurostat EB TJ'!G122) -> 0 | I115: =IF('Eurostat EB TJ'!H122=":",0,'Eurostat EB TJ'!H122) -> 0 | J115: =IF('Eurostat EB TJ'!I122=":",0,'Eurostat EB TJ'!I122) -> 0 | ... BV115: =IF('Eurostat EB TJ'!BU122=":",0,'Eurostat EB TJ'!BU122) -> 13262.754
A116: Final consumption - industry sector - mining and quarrying - energy use | C116: =IF('Eurostat EB TJ'!B123=":",0,'Eurostat EB TJ'!B123) -> 4442.103 | D116: =IF('Eurostat EB TJ'!C123=":",0,'Eurostat EB TJ'!C123) -> 0 | E116: =IF('Eurostat EB TJ'!D123=":",0,'Eurostat EB TJ'!D123) -> 0 | F116: =IF('Eurostat EB TJ'!E123=":",0,'Eurostat EB TJ'!E123) -> 0 | G116: =IF('Eurostat EB TJ'!F123=":",0,'Eurostat EB TJ'!F123) -> 0 | H116: =IF('Eurostat EB TJ'!G123=":",0,'Eurostat EB TJ'!G123) -> 0 | I116: =IF('Eurostat EB TJ'!H123=":",0,'Eurostat EB TJ'!H123) -> 0 | J116: =IF('Eurostat EB TJ'!I123=":",0,'Eurostat EB TJ'!I123) -> 0 | ... BV116: =IF('Eurostat EB TJ'!BU123=":",0,'Eurostat EB TJ'!BU123) -> 3399.476
A117: Final consumption - industry sector - food, beverages and tobacco - energy use | C117: =IF('Eurostat EB TJ'!B124=":",0,'Eurostat EB TJ'!B124) -> 77915.43 | D117: =IF('Eurostat EB TJ'!C124=":",0,'Eurostat EB TJ'!C124) -> 294.525 | E117: =IF('Eurostat EB TJ'!D124=":",0,'Eurostat EB TJ'!D124) -> 0 | F117: =IF('Eurostat EB TJ'!E124=":",0,'Eurostat EB TJ'!E124) -> 0 | G117: =IF('Eurostat EB TJ'!F124=":",0,'Eurostat EB TJ'!F124) -> 294.525 | H117: =IF('Eurostat EB TJ'!G124=":",0,'Eurostat EB TJ'!G124) -> 0 | I117: =IF('Eurostat EB TJ'!H124=":",0,'Eurostat EB TJ'!H124) -> 0 | J117: =IF('Eurostat EB TJ'!I124=":",0,'Eurostat EB TJ'!I124) -> 0 | ... BV117: =IF('Eurostat EB TJ'!BU124=":",0,'Eurostat EB TJ'!BU124) -> 63389.208
... A136: Statistical differences | C136: =IF('Eurostat EB TJ'!B143=":",0,'Eurostat EB TJ'!B143) -> -193.008 | D136: =IF('Eurostat EB TJ'!C143=":",0,'Eurostat EB TJ'!C143) -> 176.273 | E136: =IF('Eurostat EB TJ'!D143=":",0,'Eurostat EB TJ'!D143) -> 0 | F136: =IF('Eurostat EB TJ'!E143=":",0,'Eurostat EB TJ'!E143) -> 0 | G136: =IF('Eurostat EB TJ'!F143=":",0,'Eurostat EB TJ'!F143) -> 176.274 | H136: =IF('Eurostat EB TJ'!G143=":",0,'Eurostat EB TJ'!G143) -> 0 | I136: =IF('Eurostat EB TJ'!H143=":",0,'Eurostat EB TJ'!H143) -> 0 | J136: =IF('Eurostat EB TJ'!I143=":",0,'Eurostat EB TJ'!I143) -> 0 | ... BV136: =IF('Eurostat EB TJ'!BU143=":",0,'Eurostat EB TJ'!BU143) -> 0
A137: Gross electricity production | B137: CONVERTED TO GWH | C137: =IF('Eurostat EB TJ'!B144=":",0,'Eurostat EB TJ'!B144/Contents!$C$6) -> 121330.59 | D137: =IF('Eurostat EB TJ'!C144=":",0,'Eurostat EB TJ'!C144/Contents!$C$6) -> 8711.7561 | E137: =IF('Eurostat EB TJ'!D144=":",0,'Eurostat EB TJ'!D144/Contents!$C$6) -> 0 | F137: =IF('Eurostat EB TJ'!E144=":",0,'Eurostat EB TJ'!E144/Contents!$C$6) -> 0 | G137: =IF('Eurostat EB TJ'!F144=":",0,'Eurostat EB TJ'!F144/Contents!$C$6) -> 8711.7561 | H137: =IF('Eurostat EB TJ'!G144=":",0,'Eurostat EB TJ'!G144/Contents!$C$6) -> 0 | I137: =IF('Eurostat EB TJ'!H144=":",0,'Eurostat EB TJ'!H144/Contents!$C$6) -> 0 | J137: =IF('Eurostat EB TJ'!I144=":",0,'Eurostat EB TJ'!I144/Contents!$C$6) -> 0 | ... BV137: =IF('Eurostat EB TJ'!BU144=":",0,'Eurostat EB TJ'!BU144/Contents!$C$6) -> 59524.554
A138: Gross electricity production - main activity producer electricity only | B138: CONVERTED TO GWH | C138: =IF('Eurostat EB TJ'!B145=":",0,'Eurostat EB TJ'!B145/Contents!$C$6) -> 64936.044 | D138: =IF('Eurostat EB TJ'!C145=":",0,'Eurostat EB TJ'!C145/Contents!$C$6) -> 5132.1619 | E138: =IF('Eurostat EB TJ'!D145=":",0,'Eurostat EB TJ'!D145/Contents!$C$6) -> 0 | F138: =IF('Eurostat EB TJ'!E145=":",0,'Eurostat EB TJ'!E145/Contents!$C$6) -> 0 | G138: =IF('Eurostat EB TJ'!F145=":",0,'Eurostat EB TJ'!F145/Contents!$C$6) -> 5132.1619 | H138: =IF('Eurostat EB TJ'!G145=":",0,'Eurostat EB TJ'!G145/Contents!$C$6) -> 0 | I138: =IF('Eurostat EB TJ'!H145=":",0,'Eurostat EB TJ'!H145/Contents!$C$6) -> 0 | J138: =IF('Eurostat EB TJ'!I145=":",0,'Eurostat EB TJ'!I145/Contents!$C$6) -> 0 | ... BV138: =IF('Eurostat EB TJ'!BU145=":",0,'Eurostat EB TJ'!BU145/Contents!$C$6) -> 27617.904
A139: Gross electricity production - main activity producer combined heat and power | B139: CONVERTED TO GWH | C139: =IF('Eurostat EB TJ'!B146=":",0,'Eurostat EB TJ'!B146/Contents!$C$6) -> 16182.612 | D139: =IF('Eurostat EB TJ'!C146=":",0,'Eurostat EB TJ'!C146/Contents!$C$6) -> 3579.5939 | E139: =IF('Eurostat EB TJ'!D146=":",0,'Eurostat EB TJ'!D146/Contents!$C$6) -> 0 | F139: =IF('Eurostat EB TJ'!E146=":",0,'Eurostat EB TJ'!E146/Contents!$C$6) -> 0 | G139: =IF('Eurostat EB TJ'!F146=":",0,'Eurostat EB TJ'!F146/Contents!$C$6) -> 3579.5939 | H139: =IF('Eurostat EB TJ'!G146=":",0,'Eurostat EB TJ'!G146/Contents!$C$6) -> 0 | I139: =IF('Eurostat EB TJ'!H146=":",0,'Eurostat EB TJ'!H146/Contents!$C$6) -> 0 | J139: =IF('Eurostat EB TJ'!I146=":",0,'Eurostat EB TJ'!I146/Contents!$C$6) -> 0 | ... BV139: =IF('Eurostat EB TJ'!BU146=":",0,'Eurostat EB TJ'!BU146/Contents!$C$6) -> 13031.043
A140: Gross electricity production - autoproducer electricity only | B140: CONVERTED TO GWH | C140: =IF('Eurostat EB TJ'!B147=":",0,'Eurostat EB TJ'!B147/Contents!$C$6) -> 18397.346 | D140: =IF('Eurostat EB TJ'!C147=":",0,'Eurostat EB TJ'!C147/Contents!$C$6) -> 0 | E140: =IF('Eurostat EB TJ'!D147=":",0,'Eurostat EB TJ'!D147/Contents!$C$6) -> 0 | F140: =IF('Eurostat EB TJ'!E147=":",0,'Eurostat EB TJ'!E147/Contents!$C$6) -> 0 | G140: =IF('Eurostat EB TJ'!F147=":",0,'Eurostat EB TJ'!F147/Contents!$C$6) -> 0 | H140: =IF('Eurostat EB TJ'!G147=":",0,'Eurostat EB TJ'!G147/Contents!$C$6) -> 0 | I140: =IF('Eurostat EB TJ'!H147=":",0,'Eurostat EB TJ'!H147/Contents!$C$6) -> 0 | J140: =IF('Eurostat EB TJ'!I147=":",0,'Eurostat EB TJ'!I147/Contents!$C$6) -> 0 | ... BV140: =IF('Eurostat EB TJ'!BU147=":",0,'Eurostat EB TJ'!BU147/Contents!$C$6) -> 367.75194
A141: Gross electricity production - autoproducer combined heat and power | B141: CONVERTED TO GWH | C141: =IF('Eurostat EB TJ'!B148=":",0,'Eurostat EB TJ'!B148/Contents!$C$6) -> 21814.584 | D141: =IF('Eurostat EB TJ'!C148=":",0,'Eurostat EB TJ'!C148/Contents!$C$6) -> 0 | E141: =IF('Eurostat EB TJ'!D148=":",0,'Eurostat EB TJ'!D148/Contents!$C$6) -> 0 | F141: =IF('Eurostat EB TJ'!E148=":",0,'Eurostat EB TJ'!E148/Contents!$C$6) -> 0 | G141: =IF('Eurostat EB TJ'!F148=":",0,'Eurostat EB TJ'!F148/Contents!$C$6) -> 0 | H141: =IF('Eurostat EB TJ'!G148=":",0,'Eurostat EB TJ'!G148/Contents!$C$6) -> 0 | I141: =IF('Eurostat EB TJ'!H148=":",0,'Eurostat EB TJ'!H148/Contents!$C$6) -> 0 | J141: =IF('Eurostat EB TJ'!I148=":",0,'Eurostat EB TJ'!I148/Contents!$C$6) -> 0 | ... BV141: =IF('Eurostat EB TJ'!BU148=":",0,'Eurostat EB TJ'!BU148/Contents!$C$6) -> 18507.855
A142: Gross heat production | C142: =IF('Eurostat EB TJ'!B149=":",0,'Eurostat EB TJ'!B149) -> 93299.154 | D142: =IF('Eurostat EB TJ'!C149=":",0,'Eurostat EB TJ'!C149) -> 749.7 | E142: =IF('Eurostat EB TJ'!D149=":",0,'Eurostat EB TJ'!D149) -> 0 | F142: =IF('Eurostat EB TJ'!E149=":",0,'Eurostat EB TJ'!E149) -> 0 | G142: =IF('Eurostat EB TJ'!F149=":",0,'Eurostat EB TJ'!F149) -> 749.7 | H142: =IF('Eurostat EB TJ'!G149=":",0,'Eurostat EB TJ'!G149) -> 0 | I142: =IF('Eurostat EB TJ'!H149=":",0,'Eurostat EB TJ'!H149) -> 0 | J142: =IF('Eurostat EB TJ'!I149=":",0,'Eurostat EB TJ'!I149) -> 0 | ... BV142: =IF('Eurostat EB TJ'!BU149=":",0,'Eurostat EB TJ'!BU149) -> 64787.081
A143: Gross heat production - main activity producer combined heat and power | C143: =IF('Eurostat EB TJ'!B150=":",0,'Eurostat EB TJ'!B150) -> 31806.675 | D143: =IF('Eurostat EB TJ'!C150=":",0,'Eurostat EB TJ'!C150) -> 749.7 | E143: =IF('Eurostat EB TJ'!D150=":",0,'Eurostat EB TJ'!D150) -> 0 | F143: =IF('Eurostat EB TJ'!E150=":",0,'Eurostat EB TJ'!E150) -> 0 | G143: =IF('Eurostat EB TJ'!F150=":",0,'Eurostat EB TJ'!F150) -> 749.7 | H143: =IF('Eurostat EB TJ'!G150=":",0,'Eurostat EB TJ'!G150) -> 0 | I143: =IF('Eurostat EB TJ'!H150=":",0,'Eurostat EB TJ'!H150) -> 0 | J143: =IF('Eurostat EB TJ'!I150=":",0,'Eurostat EB TJ'!I150) -> 0 | ... BV143: =IF('Eurostat EB TJ'!BU150=":",0,'Eurostat EB TJ'!BU150) -> 26197.125
A144: Gross heat production - main activity producer heat only | C144: =IF('Eurostat EB TJ'!B151=":",0,'Eurostat EB TJ'!B151) -> 17195.844 | D144: =IF('Eurostat EB TJ'!C151=":",0,'Eurostat EB TJ'!C151) -> 0 | E144: =IF('Eurostat EB TJ'!D151=":",0,'Eurostat EB TJ'!D151) -> 0 | F144: =IF('Eurostat EB TJ'!E151=":",0,'Eurostat EB TJ'!E151) -> 0 | G144: =IF('Eurostat EB TJ'!F151=":",0,'Eurostat EB TJ'!F151) -> 0 | H144: =IF('Eurostat EB TJ'!G151=":",0,'Eurostat EB TJ'!G151) -> 0 | I144: =IF('Eurostat EB TJ'!H151=":",0,'Eurostat EB TJ'!H151) -> 0 | J144: =IF('Eurostat EB TJ'!I151=":",0,'Eurostat EB TJ'!I151) -> 0 | ... BV144: =IF('Eurostat EB TJ'!BU151=":",0,'Eurostat EB TJ'!BU151) -> 13340.22
A145: Gross heat production - autoproducer combined heat and power | C145: =IF('Eurostat EB TJ'!B152=":",0,'Eurostat EB TJ'!B152) -> 33365.032 | D145: =IF('Eurostat EB TJ'!C152=":",0,'Eurostat EB TJ'!C152) -> 0 | E145: =IF('Eurostat EB TJ'!D152=":",0,'Eurostat EB TJ'!D152) -> 0 | F145: =IF('Eurostat EB TJ'!E152=":",0,'Eurostat EB TJ'!E152) -> 0 | G145: =IF('Eurostat EB TJ'!F152=":",0,'Eurostat EB TJ'!F152) -> 0 | H145: =IF('Eurostat EB TJ'!G152=":",0,'Eurostat EB TJ'!G152) -> 0 | I145: =IF('Eurostat EB TJ'!H152=":",0,'Eurostat EB TJ'!H152) -> 0 | J145: =IF('Eurostat EB TJ'!I152=":",0,'Eurostat EB TJ'!I152) -> 0 | ... BV145: =IF('Eurostat EB TJ'!BU152=":",0,'Eurostat EB TJ'!BU152) -> 22370.759
A146: Gross heat production - autoproducer heat only | C146: =IF('Eurostat EB TJ'!B153=":",0,'Eurostat EB TJ'!B153) -> 10931.603 | D146: =IF('Eurostat EB TJ'!C153=":",0,'Eurostat EB TJ'!C153) -> 0 | E146: =IF('Eurostat EB TJ'!D153=":",0,'Eurostat EB TJ'!D153) -> 0 | F146: =IF('Eurostat EB TJ'!E153=":",0,'Eurostat EB TJ'!E153) -> 0 | G146: =IF('Eurostat EB TJ'!F153=":",0,'Eurostat EB TJ'!F153) -> 0 | H146: =IF('Eurostat EB TJ'!G153=":",0,'Eurostat EB TJ'!G153) -> 0 | I146: =IF('Eurostat EB TJ'!H153=":",0,'Eurostat EB TJ'!H153) -> 0 | J146: =IF('Eurostat EB TJ'!I153=":",0,'Eurostat EB TJ'!I153) -> 0 | ... BV146: =IF('Eurostat EB TJ'!BU153=":",0,'Eurostat EB TJ'!BU153) -> 2878.977

Sheet Eurostat EB products IEA
B1: EXCLUDE | C1: EXCLUDE | R1: SUM | T1: EXCLUDE | AV1: SUM | AW1: SUM | AY1: SET TO 0 | BA1: SET TO 0 | BB1: SET TO 0 | BJ1: SET TO 0
A2: EUROSTAT PRODUCTS | R2: Peat | AV2: Blended biogasoline | AW2: Blended biodiesels
A3: EUROSTAT PRODUCTS | D3: Anthracite | E3: Coking coal | F3: Other bituminous coal | G3: Sub-bituminous coal | H3: Lignite | I3: Patent fuel | J3: Coke oven coke | K3: Gas coke | L3: Coal tar | M3: Brown coal briquettes | N3: Gas works gas | O3: Coke oven gas | P3: Blast furnace gas | Q3: Other recovered gases | R3: Peat products | S3: Natural gas | U3: Crude oil | V3: Natural gas liquids | W3: Refinery feedstocks | X3: Additives and oxygenates (excluding biofuel portion) | Y3: Other hydrocarbons | Z3: Refinery gas | AA3: Ethane | AB3: Liquefied petroleum gases | AC3: Motor gasoline (excluding biofuel portion) | AD3: Aviation gasoline | AE3: Gasoline-type jet fuel | AF3: Kerosene-type jet fuel (excluding biofuel portion) | AG3: Other kerosene | AH3: Gas oil and diesel oil (excluding biofuel portion) | AI3: Fuel oil | AJ3: Naphtha | AK3: White spirit and special boiling point industrial spirits | AL3: Lubricants | AM3: Bitumen | AN3: Paraffin waxes | AO3: Petroleum coke | AP3: Other oil products n.e.c. | AQ3: Industrial waste (non-renewable) | AR3: Renewable municipal waste | AS3: Non-renewable municipal waste | AT3: Primary solid biofuels | AU3: Biogases | AV3: Pure biogasoline | AW3: Pure biodiesels | AX3: Other liquid biofuels | AZ3: Charcoal | BC3: Nuclear heat | BD3: Hydro | BE3: Geothermal | BF3: Solar photovoltaic | BG3: Solar thermal | BH3: Tide, wave, ocean | BI3: Wind | BK3: Electricity | BL3: Heat | BM3: Total | BN3: Bioenergy
