Workbook
Name ap_subfuel_allo: '[1]CEB allocation factors'!$F$12:$BC$12
Name base_year: [1]Dashboard!$E$13
Name country: [1]Dashboard!$E$12
Name Eff_cooking_biomass: [2]technical_specs!$M$50
Name Eff_cooking_electric: [2]technical_specs!$M$47
Name Eff_cooking_gas: [2]technical_specs!$M$46
Name Eff_cooking_halogen: [2]technical_specs!$M$48
Name Eff_cooking_induction: [2]technical_specs!$M$49
Name Eff_cooling_airco: [2]technical_specs!$M$43
Name Eff_cooling_pump_air: [2]technical_specs!$M$42
Name Eff_cooling_pump_ground: [2]technical_specs!$M$41
Name Eff_hot_water_coal: [2]technical_specs!$M$36
Name Eff_hot_water_combi_boiler: [2]technical_specs!$M$26
Name Eff_hot_water_district: [2]technical_specs!$M$30
Name Eff_hot_water_electric: [2]technical_specs!$M$33
Name Eff_hot_water_fuel_cell: [2]technical_specs!$M$37
Name Eff_hot_water_gas: [2]technical_specs!$M$34
Name Eff_hot_water_micro_CHP: [2]technical_specs!$M$29
Name Eff_hot_water_oil: [2]technical_specs!$M$35
Name Eff_hot_water_pump_air: [2]technical_specs!$M$31
Name Eff_hot_water_pump_ground: [2]technical_specs!$M$28
Name Eff_hot_water_solar_thermal_panel: [2]technical_specs!$M$27
Name Eff_hot_water_woodpellets: [2]technical_specs!$M$32
Name Eff_lighting_fluorescent: [2]technical_specs!$M$54
Name Eff_lighting_incandescent: [2]technical_specs!$M$53
Name Eff_lighting_led: [2]technical_specs!$M$55
Name Eff_space_heating_coal: [2]technical_specs!$M$21
Name Eff_space_heating_combi_boiler: [2]technical_specs!$M$11
Name Eff_space_heating_district: [2]technical_specs!$M$15
Name Eff_space_heating_electric: [2]technical_specs!$M$18
Name Eff_space_heating_gas: [2]technical_specs!$M$19
Name Eff_space_heating_micro_CHP: [2]technical_specs!$M$14
Name Eff_space_heating_oil: [2]technical_specs!$M$20
Name Eff_space_heating_pump_add_on: [2]technical_specs!$M$22
Name Eff_space_heating_pump_air: [2]technical_specs!$M$16
Name Eff_space_heating_pump_ground: [2]technical_specs!$M$13
Name Eff_space_heating_solar_thermal: [2]technical_specs!$M$12
Name Eff_space_heating_woodpellets: [2]technical_specs!$M$17
Name ei_subsector_allo: '[1]CEB allocation factors'!$D$17:$D$33
Name Final_demand_appliances: [2]Dashboard!$E$25
Name Final_demand_coal: '[2]Fuel aggregation'!$C$11
Name Final_demand_cooking: [2]Dashboard!$E$24
Name Final_demand_cooling: [2]Dashboard!$E$22
Name Final_demand_electricity: '[2]Fuel aggregation'!$I$11
Name Final_demand_gas: '[2]Fuel aggregation'!$D$11
Name Final_demand_heat: '[2]Fuel aggregation'!$J$11
Name Final_demand_hot_water: [2]Dashboard!$E$21
Name Final_demand_lighting: [2]Dashboard!$E$23
Name Final_demand_oil: '[2]Fuel aggregation'!$E$11
Name Final_demand_residences: '[2]Fuel aggregation'!$L$11
Name Final_demand_solar_thermal: '[2]Fuel aggregation'!$G$11
Name Final_demand_space_heating: [2]Dashboard!$E$20
Name Final_demand_woodpellets: '[2]Fuel aggregation'!$F$11
Name i_subsector_allo: '[1]CEB allocation factors'!$D$37:$D$49
Name kWh_MJ_conversion: [1]Assumptions!$C$174
Name net_gross_conv: '[1]AP net-gross conversion'!$D$12
Name switch_decc: '[1]Fuel allocation'!$C$130
Name switch_iea: '[1]Fuel allocation'!$C$89
Name switch_protermo: '[1]Fuel allocation'!$C$48

Sheet Cover sheet
B2: Cover sheet
B4: Document | C4: Transport source analysis
B5: Version # | C5: 1
B6: Country | C6: nl
B7: Year data | C7: 2023
B8: Date | C8: 45812
B9: Author | C9: Max Kerpel
B10: Organisation | C10: Quintel Intelligence
B12: Legend
B14: Cells | C14: Intermediate (calculation)
C15: Result
C16: Manual input
C17: Reference to manual input or data input
B19: Tabs | C19: Introductory
C20: Dashboard
C21: Research data
C22: Sources
C23: Results
C24: Main calculations
C25: Additional calculations
C26: Output to csv
B29: Comments

Sheet Assumptions
B6: Assumptions - general
B7: Emissions per application type from Emissieregistratie are used to calculate split of cars and vans, which is the same category in Eurostat
B8: Number of electric vehicles is used to find the split in cars and vans.
B9: Number of vehicles from Klimaatmonitor and typical energy consumption are used to calculate the road application shares for electricity and hydrogen transport.
B10: Eurostat data is used to split carriers to rails, motorcycles, trucks, buses, and cars and vans.
B12: Assumptions - debts that might be furhter investigated
B13: According to Emissieregistratie gas is only used by buses, even though e.g. cars using CNG also exist.
B14: Emissieregistratie offers no further split of fuel consumption by trucks, which is why it is assumed that they only use diesel.
B15: Emissieregistratie offers no further split of fuel consumption by mobile machinery, which is why it is assumed that they only use diesel.
B16: Vans are part of trucks fuel consumption.
B17: Mobile machinery is part of trucks fuel consumption.
B18: Specifications of electric vehicles have some missing sources, meaning that the data may be outdated.
B19: Specifications of hydrogen vehicles have some missing sources, meaning that the data may be outdated.

Sheet Dashboard
C4: Values used in transport analysis=
C5: Road Transport
D6: Percentage of gasoline mix delivered to cars | E6: Share | F6: ='Analysis - transport'!AQ28 -> 0.96857162 | I6: 0.96857162
D7: Percentage of gasoline mix delivered to trucks | E7: Share | F7: ='Analysis - transport'!AQ23 -> 0.00015938225 | I7: 0.00015938225
D8: Percentage of gasoline mix delivered to vans | E8: Share | F8: ='Analysis - transport'!AQ29 -> 0.0043171341 | I8: 0.0043171341
D9: Percentage of gasoline mix delivered to busses | E9: Share | F9: ='Analysis - transport'!AQ24 -> 0.0010611656 | I9: 0.0010611656
D10: Percentage of gasoline mix delivered to motorcycles | E10: Share | F10: ='Analysis - transport'!AQ26 -> 0.025890701 | I10: 0.025890701
D12: Percentage of diesel mix delivered to cars | E12: Share | F12: ='Analysis - transport'!AP28 -> 0.19779589 | I12: 0.19779589
D13: Percentage of diesel mix delivered to trucks | E13: Share | F13: ='Analysis - transport'!AP23 -> 0.4845082 | I13: 0.4845082
D14: Percentage of diesel mix delivered to vans | E14: Share | F14: ='Analysis - transport'!AP29 -> 0.29651866 | I14: 0.29651866
D15: Percentage of diesel mix delivered to busses | E15: Share | F15: ='Analysis - transport'!AP24 -> 0.021177248 | I15: 0.021177248
D17: Percentage of electricity delivered to cars | E17: Share | F17: ='Analysis - transport'!AO28 -> 0.86987754 | I17: 0.86987754
D18: Percentage of electricity delivered to trucks | E18: Share | F18: ='Analysis - transport'!AO23 -> 0.0019772237 | I18: 0.0019772237
D19: Percentage of electricity delivered to vans | E19: Share | F19: ='Analysis - transport'!AO29 -> 0.030580376 | I19: 0.030580376
D20: Percentage of electricity delivered to busses | E20: Share | F20: ='Analysis - transport'!AO24 -> 0.086465611 | I20: 0.086465611
D21: Percentage of electricity delivered to motorcycles | E21: Share | F21: ='Analysis - transport'!AV26 -> 0.010147355 | I21: 0.010147355
D22: Percentage of electricity delivered to bicycles | E22: Share | F22: ='Analysis - transport'!AV27 -> 0.00095189452 | I22: 0.00095189452
D24: Percentage of natural gas that is liquefied natural gas | E24: Share | F24: 0 | I24: 0
D25: Percentage of natural gas that is compressed natural gas | E25: Share | F25: 1 | I25: 1
D27: Percentage of lng that is delivered to trucks | E27: Share | F27: 0 | I27: 0
D28: Percentage of lng that is delivered to busses | E28: Share | F28: 1 | I28: 1
D30: Percentage of compressed network gas delivered to cars | E30: Share | F30: ='Analysis - transport'!AR28 -> 0.18003911 | I30: 0.18003911
D31: Percentage of compressed network gas delivered to trucks | E31: Share | F31: ='Analysis - transport'!AR23 -> 0.57136248 | I31: 0.57136248
D32: Percentage of compressed network gas delivered to vans | E32: Share | F32: ='Analysis - transport'!AR29 -> 0.045588414 | I32: 0.045588414
D33: Percentage of compressed network gas delivered to busses | E33: Share | F33: ='Analysis - transport'!AR24 -> 0.20301 | I33: 0.20301
D35: Percentage of lpg delivered to cars | E35: Share | F35: ='Analysis - transport'!AS28 -> 0.71263697 | I35: 0.71263697
D36: Percentage of lpg delivered to vans | E36: Share | F36: ='Analysis - transport'!AS29 -> 0.28736303 | I36: 0.28736303
D38: Biogases in road transport | E38: TJ | F38: 0 | I38: 0
D39: Percentage of bio lng | E39: Share | F39: 0 | I39: 0
D40: Percentage of bio cng | E40: Share | F40: 1 | I40: 1
D42: Passenger kilometers bicycles | E42: million pkm | F42: ='Analysis - transport'!AO38 -> 17800 | I42: 17800
C44: Domestic navigation transport
D46: LNG shipping | E46: TJ | F46: 0 | I46: 0
D47: Percentage of lng for shipping to (pure) lng ship | E47: Share | F47: 0 | I47: 0
D48: Percentage of lng for shipping to hybrid diesel ship | E48: Share | F48: 1 | I48: 1
D50: Bio LNG shipping | E50: TJ | F50: 0 | I50: 0
D51: Percentage of bio lng for shipping to (pure) lng ship | E51: Share | F51: 0 | I51: 0
D52: Percentage of bio lng for shipping to hybrid diesel ship | E52: Share | F52: 1 | I52: 1
C54: Rail transport
D55: Electricity rail | E55: TJ
D56: Percentage of electricity delivered to trams/metro | E56: Share | F56: ='Analysis - transport'!AP34 -> 0.077788142 | I56: 0.077788142
D57: Percentage of electricity delivered to passenger trains | E57: Share | F57: ='Analysis - transport'!AP32 -> 0.82045252 | I57: 0.82045252
D58: Percentage of electricity delivered to freight trains | E58: Share | F58: ='Analysis - transport'!AP33 -> 0.10175934 | I58: 0.10175934
D60: Diesel rail | E60: TJ
D61: Percentage of diesel delivered to passenger trains | E61: Share | F61: ='Analysis - transport'!AO32 -> 0.48183768 | I61: 0.48183768
D62: Percentage of diesel delivered to freight trains | E62: Share | F62: ='Analysis - transport'!AO33 -> 0.51816232 | I62: 0.51816232

Sheet Analysis - transport
A1: Data extracted on 03/06/2025 09:58:14 from [ESTAT]
A2: Dataset: | B2: Disaggregated final energy consumption in transport by mode of transport - quantities [nrg_d_traq__custom_16868870]
A3: Last updated: | B3: 25/09/2024 23:00
A5: Time frequency | C5: Annual
A6: Unit of measure | C6: Terajoule
A7: Geopolitical entity (reporting) | C7: Netherlands
A8: Time | C8: 2022
A10: SIEC (Labels) | B10: SIEC (Labels) | C10: Solid fossil fuels | E10: Natural gas | G10: Oil and petroleum products (excluding biofuel portion) | I10: Liquefied petroleum gases | K10: Aviation gasoline | M10: Motor gasoline (excluding biofuel portion) | O10: Kerosene-type jet fuel (excluding biofuel portion) | Q10: Gas oil and diesel oil (excluding biofuel portion) | S10: Fuel oil | U10: Renewables and biofuels | W10: Pure biogasoline | Y10: Blended biogasoline | AA10: Pure biodiesels | AC10: Blended biodiesels | AE10: Pure bio jet kerosene | AG10: Blended bio jet kerosene | AI10: Biogases | AK10: Electricity
A11: TRA_MODE (Labels) | B11: NRG_BAL (Labels)
A12: Total | B12: Final consumption - transport sector - rail - energy use | C12: 0 | E12: 0 | G12: 886.946 | H12: p | I12: 0 | K12: 0 | M12: 0 | O12: 0 | Q12: 0 | S12: 0 | U12: 1.522 | W12: 0 | Y12: 0 | AA12: 0 | AC12: 0 | AE12: 0 | AG12: 0 | AI12: 0 | AK12: 6114.172
A13: Total | B13: Final consumption - transport sector - rail - high speed - energy use | C13: 0 | E13: 0 | G13: 0 | H13: p | I13: 0 | K13: 0 | M13: 0 | O13: 0 | Q13: 0 | S13: 0 | U13: 0 | W13: 0 | Y13: 0 | AA13: 0 | AC13: 0 | AE13: 0 | AG13: 0 | AI13: 0 | AK13: 213.271
A14: Total | B14: Final consumption - transport sector - rail - conventional - energy use | C14: 0 | E14: 0 | G14: 886.946 | H14: p | I14: 0 | K14: 0 | M14: 0 | O14: 0 | Q14: 0 | S14: 0 | U14: 1.522 | W14: 0 | Y14: 0 | AA14: 0 | AC14: 0 | AE14: 0 | AG14: 0 | AI14: 0 | AK14: 5425.29
A15: Total | B15: Final consumption - transport sector - rail - metro and tram - energy use | C15: 0 | E15: 0 | G15: 0 | H15: p | I15: 0 | K15: 0 | M15: 0 | O15: 0 | Q15: 0 | S15: 0 | U15: 0 | W15: 0 | Y15: 0 | AA15: 0 | AC15: 0 | AE15: 0 | AG15: 0 | AI15: 0 | AK15: 475.61
A16: Total | B16: Final consumption - transport sector - road - fuel used | C16: 0 | E16: 2656.935 | G16: 353092.08 | H16: p | I16: 4084.319 | K16: 0 | M16: 160956.49 | O16: 0 | Q16: 175608.93 | S16: 0 | U16: 23442.149 | W16: 0 | Y16: 10998.849 | AA16: 0 | AC16: 12442.346 | AE16: 0 | AG16: 0 | AI16: 0 | AK16: 5925.986
A17: Total | B17: Final consumption - transport sector - road - heavy-duty vehicles - fuel used | C17: 0 | E17: 1535.094 | G17: 90699.744 | H17: p | I17: 28.42 | K17: 0 | M17: 24.514 | O17: 0 | Q17: 84649.159 | S17: 0 | U17: 5999.367 | W17: 0 | Y17: 1.675 | AA17: 0 | AC17: 5997.651 | AE17: 0 | AG17: 0 | AI17: 0 | AK17: 11.717
A18: Total | B18: Final consumption - transport sector - road - public - fuel used | C18: 0 | E18: 549.677 | G18: 4199.266 | H18: p | I18: 0.04 | K18: 0 | M18: 163.214 | O18: 0 | Q18: 3769.051 | S18: 0 | U18: 279.031 | W18: 0 | Y18: 11.156 | AA18: 0 | AC18: 266.961 | AE18: 0 | AG18: 0 | AI18: 0 | AK18: 512.394
A19: Total | B19: Final consumption - transport sector - road - cars and vans - fuel used | C19: 0 | E19: 572.164 | G19: 254189.36 | H19: p | I19: 4055.858 | K19: 0 | M19: 156786.61 | O19: 0 | Q19: 87170.594 | S19: 0 | U19: 16890.149 | W19: 0 | Y19: 10713.842 | AA19: 0 | AC19: 6176.307 | AE19: 0 | AG19: 0 | AI19: 0 | AK19: 5336.101
A20: Total | B20: Final consumption - transport sector - road - other - fuel used | C20: 0 | E20: 0 | G20: 4003.704 | H20: p | I20: 0.001 | K20: 0 | M20: 3982.154 | O20: 0 | Q20: 20.122 | S20: 0 | U20: 273.602 | W20: 0 | Y20: 272.176 | AA20: 0 | AC20: 1.427 | AE20: 0 | AG20: 0 | AI20: 0 | AK20: 65.774
A21: Total | B21: Final consumption - transport sector - road - other - 2-wheeled vehicles - fuel used | C21: 0 | E21: 0 | G21: 4003.704 | H21: p | I21: 0.001 | K21: 0 | M21: 3982.154 | O21: 0 | Q21: 20.122 | S21: 0 | U21: 273.602 | W21: 0 | Y21: 272.176 | AA21: 0 | AC21: 1.427 | AE21: 0 | AG21: 0 | AI21: 0 | AK21: 65.774 | AN21: Eurostat data voor splits wegtransport per drager=
A22: Total | B22: Final consumption - transport sector - road - energy use | C22: 0 | E22: 2585.251 | G22: 347934.68 | H22: p | I22: 5208.454 | K22: 0 | M22: 153806.34 | O22: 0 | Q22: 176414.05 | S22: 0 | U22: 23018.331 | W22: 0 | Y22: 10512.494 | AA22: 0 | AC22: 12505.837 | AE22: 0 | AG22: 0 | AI22: 0 | AK22: 5925.986 | AO22: electricity | AP22: diesel | AQ22: gasoline | AR22: natural gas | AS22: lpg
A23: Total | B23: Final consumption - transport sector - road - heavy-duty vehicles - energy use | C23: 0 | E23: 1477.116 | G23: 91582.958 | H23: p | I23: 35.65 | K23: 0 | M23: 24.514 | O23: 0 | Q23: 85464.305 | S23: 0 | U23: 6060.165 | W23: 0 | Y23: 1.675 | AA23: 0 | AC23: 6058.489 | AE23: 0 | AG23: 0 | AI23: 0 | AK23: 11.717 | AN23: trucks | AO23: =AK23/SUM($AK$23:$AK$26) -> 0.0019772237 | AP23: =Q23/SUM($Q$23:$Q$25) -> 0.4845082 | AQ23: =M23/SUM($M$23:$M$26) -> 0.00015938225 | AR23: =E23/SUM($E$23:$E$26) -> 0.57136248 | AS23: 0
A24: Total | B24: Final consumption - transport sector - road - public - energy use | C24: 0 | E24: 524.832 | G24: 4163.611 | H24: p | I24: 0.05 | K24: 0 | M24: 163.214 | O24: 0 | Q24: 3735.538 | S24: 0 | U24: 275.964 | W24: 0 | Y24: 11.156 | AA24: 0 | AC24: 264.809 | AE24: 0 | AG24: 0 | AI24: 0 | AK24: 512.394 | AN24: busses | AO24: =AK24/SUM($AK$23:$AK$26) -> 0.086465611 | AP24: =Q24/SUM($Q$23:$Q$25) -> 0.021177248 | AQ24: =M24/SUM($M$23:$M$26) -> 0.0010611656 | AR24: =E24/SUM($E$23:$E$26) -> 0.20301 | AS24: =I24/SUM($I$23:$I$26) -> 9.5997776e-06 | AU24: klimaatmonitor data voor split 2 wielers=
A25: Total | B25: Final consumption - transport sector - road - cars and vans - energy use | C25: 0 | E25: 583.304 | G25: 248184.41 | H25: p | I25: 5172.753 | K25: 0 | M25: 149636.46 | O25: 0 | Q25: 87194.085 | S25: 0 | U25: 16408.598 | W25: 0 | Y25: 10227.487 | AA25: 0 | AC25: 6181.112 | AE25: 0 | AG25: 0 | AI25: 0 | AK25: 5336.101 | AN25: cars and vans | AO25: =AK25/SUM($AK$23:$AK$26) -> 0.90045792 | AP25: =Q25/SUM($Q$23:$Q$25) -> 0.49431455 | AQ25: =M25/SUM($M$23:$M$26) -> 0.97288875 | AR25: =E25/SUM($E$23:$E$26) -> 0.22562752 | AS25: 1 | AV25: electricity
A26: Total | B26: Final consumption - transport sector - road - other - energy use | C26: 0 | E26: 0 | G26: 4003.704 | H26: p | I26: 0.001 | K26: 0 | M26: 3982.154 | O26: 0 | Q26: 20.122 | S26: 0 | U26: 273.603 | W26: 0 | Y26: 272.176 | AA26: 0 | AC26: 1.427 | AE26: 0 | AG26: 0 | AI26: 0 | AK26: 65.774 | AN26: motorcycles and bicycles | AO26: =AK26/SUM($AK$23:$AK$26) -> 0.01109925 | AP26: - | AQ26: =M26/SUM($M$23:$M$26) -> 0.025890701 | AR26: =E26/SUM($E$23:$E$26) -> 0 | AS26: =I26/SUM($I$23:$I$26) -> 1.9199555e-07 | AU26: motorcycles | AV26: =AX90/(AX90+AX91)*AO26 -> 0.010147355
A27: Total | B27: Final consumption - transport sector - road - other - 2-wheeled vehicles - energy use | C27: 0 | E27: 0 | G27: 4003.704 | H27: p | I27: 0.001 | K27: 0 | M27: 3982.154 | O27: 0 | Q27: 20.122 | S27: 0 | U27: 273.603 | W27: 0 | Y27: 272.176 | AA27: 0 | AC27: 1.427 | AE27: 0 | AG27: 0 | AI27: 0 | AK27: 65.774 | AU27: bicycles | AV27: =AX91/(AX90+AX91)*AO26 -> 0.00095189452
A28: Total | B28: Final consumption - transport sector - aviation - energy use | C28: 0 | E28: 0 | G28: 0 | H28: p | I28: 0 | K28: 0 | M28: 0 | O28: 0 | Q28: 0 | S28: 0 | U28: 0 | W28: 0 | Y28: 0 | AA28: 0 | AC28: 0 | AE28: 0 | AG28: 0 | AI28: 0 | AK28: 0 | AN28: cars | AO28: =AR60/(AR60+AR61)*AO25 -> 0.86987754 | AP28: =AW35/(AW35+AW36)*AP25 -> 0.19779589 | AQ28: =AV35/(AV35+AV36)*AQ25 -> 0.96857162 | AR28: =AY35/(AY35+AY36)*AR25 -> 0.18003911 | AS28: =AX35/(AX35+AX36)*AS25 -> 0.71263697
A29: Total | B29: Final consumption - transport sector - domestic aviation - energy use | C29: 0 | E29: 0 | G29: 0 | H29: p | I29: 0 | K29: 0 | M29: 0 | O29: 0 | Q29: 0 | S29: 0 | U29: 0 | W29: 0 | Y29: 0 | AA29: 0 | AC29: 0 | AE29: 0 | AG29: 0 | AI29: 0 | AK29: 0 | AN29: vans | AO29: =AR61/(AR60+AR61)*AO25 -> 0.030580376 | AP29: =AW36/(AW36+AW35)*AP25 -> 0.29651866 | AQ29: =AV36/(AV36+AV35)*AQ25 -> 0.0043171341 | AR29: =AY36/(AY35+AY36)*AR25 -> 0.045588414 | AS29: =AX36/(AX36+AX35)*AS25 -> 0.28736303
A30: Total | B30: Final consumption - transport sector - international aviation - energy use | C30: 0 | E30: 0 | G30: 0 | H30: p | I30: 0 | K30: 0 | M30: 0 | O30: 0 | Q30: 0 | S30: 0 | U30: 0 | W30: 0 | Y30: 0 | AA30: 0 | AC30: 0 | AE30: 0 | AG30: 0 | AI30: 0 | AK30: 0 | AN30: Eurostat data voor splits railtransport per drager=
A31: Total | B31: Final consumption - transport sector - domestic navigation - energy use | C31: 0 | E31: 0 | G31: 0 | H31: p | I31: 0 | K31: 0 | M31: 0 | O31: 0 | Q31: 0 | S31: 0 | U31: 0 | W31: 0 | Y31: 0 | AA31: 0 | AC31: 0 | AE31: 0 | AG31: 0 | AI31: 0 | AK31: 0 | AO31: diesel | AP31: electricity
A32: Total | B32: Final consumption - transport sector - domestic navigation - maritime - energy use | C32: 0 | E32: 0 | G32: 0 | H32: p | I32: 0 | K32: 0 | M32: 0 | O32: 0 | Q32: 0 | S32: 0 | U32: 0 | W32: 0 | Y32: 0 | AA32: 0 | AC32: 0 | AE32: 0 | AG32: 0 | AI32: 0 | AK32: 0 | AN32: rail passengers | AO32: =G36/(G36+G58) -> 0.48183768 | AP32: =(AK13+AK36)/AQ32 -> 0.82045252 | AQ32: =AK13+AK15+AK58+AK36 -> 6114.171
A33: Total | B33: Final consumption - transport sector - domestic navigation - inland waterways - energy use | C33: 0 | E33: 0 | G33: 0 | H33: p | I33: 0 | K33: 0 | M33: 0 | O33: 0 | Q33: 0 | S33: 0 | U33: 0 | W33: 0 | Y33: 0 | AA33: 0 | AC33: 0 | AE33: 0 | AG33: 0 | AI33: 0 | AK33: 0 | AN33: rail freight | AO33: =G58/(G58+G36) -> 0.51816232 | AP33: =AK58/AQ32 -> 0.10175934 | AU33: emissieregistraties om verhouding auto en busjes te bepalen=
A34: Passenger | B34: Final consumption - transport sector - rail - energy use | C34: : | E34: : | G34: : | I34: : | K34: : | M34: : | O34: : | Q34: : | S34: : | U34: : | W34: : | Y34: : | AA34: : | AC34: : | AE34: : | AG34: : | AI34: : | AK34: : | AN34: metro tram | AP34: =AK15/AQ32 -> 0.077788142 | AV34: gasoline | AW34: diesel | AX34: lpg | AY34: totaal
A35: Passenger | B35: Final consumption - transport sector - rail - high speed - energy use | C35: : | E35: : | G35: : | I35: : | K35: : | M35: : | O35: : | Q35: : | S35: : | U35: : | W35: : | Y35: : | AA35: : | AC35: : | AE35: : | AG35: : | AI35: : | AK35: : | AU35: cars | AV35: 12870250000 | AW35: 2542692000 | AX35: 224099100 | AY35: =SUM(AV35:AX35) -> 15637041100 | AZ35: Bron: Emissie registratie: Datadump - Road fuels
A36: Passenger | B36: Final consumption - transport sector - rail - conventional - energy use | C36: 0 | E36: 0 | G36: 427.364 | H36: p | I36: 0 | K36: 0 | M36: 0 | O36: 0 | Q36: 0 | S36: 0 | U36: 0.733 | W36: 0 | Y36: 0 | AA36: 0 | AC36: 0 | AE36: 0 | AG36: 0 | AI36: 0 | AK36: 4803.116 | AU36: vans | AV36: 57365500 | AW36: 3811786000 | AX36: 90365500 | AY36: =SUM(AV36:AX36) -> 3959517000
A37: Passenger | B37: Final consumption - transport sector - rail - metro and tram - energy use | C37: : | E37: : | G37: : | I37: : | K37: : | M37: : | O37: : | Q37: : | S37: : | U37: : | W37: : | Y37: : | AA37: : | AC37: : | AE37: : | AG37: : | AI37: : | AK37: :
A38: Passenger | B38: Final consumption - transport sector - road - fuel used | C38: : | E38: : | G38: : | I38: : | K38: : | M38: : | O38: : | Q38: : | S38: : | U38: : | W38: : | Y38: : | AA38: : | AC38: : | AE38: : | AG38: : | AI38: : | AK38: : | AN38: fietskilometers in mln | AO38: 17800 | AP38: https://opendata.cbs.nl/statline/#/CBS/nl/dataset/84687NED/table?dl=5526A
A39: Passenger | B39: Final consumption - transport sector - road - heavy-duty vehicles - fuel used | C39: : | E39: : | G39: : | I39: : | K39: : | M39: : | O39: : | Q39: : | S39: : | U39: : | W39: : | Y39: : | AA39: : | AC39: : | AE39: : | AG39: : | AI39: : | AK39: :
A40: Passenger | B40: Final consumption - transport sector - road - public - fuel used | C40: : | E40: : | G40: : | I40: : | K40: : | M40: : | O40: : | Q40: : | S40: : | U40: : | W40: : | Y40: : | AA40: : | AC40: : | AE40: : | AG40: : | AI40: : | AK40: :
A41: Passenger | B41: Final consumption - transport sector - road - cars and vans - fuel used | C41: 0 | E41: 0 | G41: 0 | H41: p | I41: 0 | K41: 0 | M41: 0 | O41: 0 | Q41: 0 | S41: 0 | U41: 0 | W41: 0 | Y41: 0 | AA41: 0 | AC41: 0 | AE41: 0 | AG41: 0 | AI41: 0 | AK41: 0
A42: Passenger | B42: Final consumption - transport sector - road - other - fuel used | C42: : | E42: : | G42: : | I42: : | K42: : | M42: : | O42: : | Q42: : | S42: : | U42: : | W42: : | Y42: : | AA42: : | AC42: : | AE42: : | AG42: : | AI42: : | AK42: :
A43: Passenger | B43: Final consumption - transport sector - road - other - 2-wheeled vehicles - fuel used | C43: : | E43: : | G43: : | I43: : | K43: : | M43: : | O43: : | Q43: : | S43: : | U43: : | W43: : | Y43: : | AA43: : | AC43: : | AE43: : | AG43: : | AI43: : | AK43: :
A44: Passenger | B44: Final consumption - transport sector - road - energy use | C44: : | E44: : | G44: : | I44: : | K44: : | M44: : | O44: : | Q44: : | S44: : | U44: : | W44: : | Y44: : | AA44: : | AC44: : | AE44: : | AG44: : | AI44: : | AK44: :
A45: Passenger | B45: Final consumption - transport sector - road - heavy-duty vehicles - energy use | C45: : | E45: : | G45: : | I45: : | K45: : | M45: : | O45: : | Q45: : | S45: : | U45: : | W45: : | Y45: : | AA45: : | AC45: : | AE45: : | AG45: : | AI45: : | AK45: :
A46: Passenger | B46: Final consumption - transport sector - road - public - energy use | C46: : | E46: : | G46: : | I46: : | K46: : | M46: : | O46: : | Q46: : | S46: : | U46: : | W46: : | Y46: : | AA46: : | AC46: : | AE46: : | AG46: : | AI46: : | AK46: :
A47: Passenger | B47: Final consumption - transport sector - road - cars and vans - energy use | C47: 0 | E47: 0 | G47: 0 | H47: p | I47: 0 | K47: 0 | M47: 0 | O47: 0 | Q47: 0 | S47: 0 | U47: 0 | W47: 0 | Y47: 0 | AA47: 0 | AC47: 0 | AE47: 0 | AG47: 0 | AI47: 0 | AK47: 0
A48: Passenger | B48: Final consumption - transport sector - road - other - energy use | C48: : | E48: : | G48: : | I48: : | K48: : | M48: : | O48: : | Q48: : | S48: : | U48: : | W48: : | Y48: : | AA48: : | AC48: : | AE48: : | AG48: : | AI48: : | AK48: :
A49: Passenger | B49: Final consumption - transport sector - road - other - 2-wheeled vehicles - energy use | C49: : | E49: : | G49: : | I49: : | K49: : | M49: : | O49: : | Q49: : | S49: : | U49: : | W49: : | Y49: : | AA49: : | AC49: : | AE49: : | AG49: : | AI49: : | AK49: :
A50: Passenger | B50: Final consumption - transport sector - aviation - energy use | C50: : | E50: : | G50: : | I50: : | K50: : | M50: : | O50: : | Q50: : | S50: : | U50: : | W50: : | Y50: : | AA50: : | AC50: : | AE50: : | AG50: : | AI50: : | AK50: :
A51: Passenger | B51: Final consumption - transport sector - domestic aviation - energy use | C51: 0 | E51: 0 | G51: 0 | H51: p | I51: 0 | K51: 0 | M51: 0 | O51: 0 | Q51: 0 | S51: 0 | U51: 0 | W51: 0 | Y51: 0 | AA51: 0 | AC51: 0 | AE51: 0 | AG51: 0 | AI51: 0 | AK51: 0
A52: Passenger | B52: Final consumption - transport sector - international aviation - energy use | C52: 0 | E52: 0 | G52: 0 | H52: p | I52: 0 | K52: 0 | M52: 0 | O52: 0 | Q52: 0 | S52: 0 | U52: 0 | W52: 0 | Y52: 0 | AA52: 0 | AC52: 0 | AE52: 0 | AG52: 0 | AI52: 0 | AK52: 0
A53: Passenger | B53: Final consumption - transport sector - domestic navigation - energy use | C53: : | E53: : | G53: : | I53: : | K53: : | M53: : | O53: : | Q53: : | S53: : | U53: : | W53: : | Y53: : | AA53: : | AC53: : | AE53: : | AG53: : | AI53: : | AK53: :
A54: Passenger | B54: Final consumption - transport sector - domestic navigation - maritime - energy use | C54: 0 | E54: 0 | G54: 0 | H54: p | I54: 0 | K54: 0 | M54: 0 | O54: 0 | Q54: 0 | S54: 0 | U54: 0 | W54: 0 | Y54: 0 | AA54: 0 | AC54: 0 | AE54: 0 | AG54: 0 | AI54: 0 | AK54: 0
A55: Passenger | B55: Final consumption - transport sector - domestic navigation - inland waterways - energy use | C55: 0 | E55: 0 | G55: 0 | H55: p | I55: 0 | K55: 0 | M55: 0 | O55: 0 | Q55: 0 | S55: 0 | U55: 0 | W55: 0 | Y55: 0 | AA55: 0 | AC55: 0 | AE55: 0 | AG55: 0 | AI55: 0 | AK55: 0
A56: Freight | B56: Final consumption - transport sector - rail - energy use | C56: : | E56: : | G56: : | I56: : | K56: : | M56: : | O56: : | Q56: : | S56: : | U56: : | W56: : | Y56: : | AA56: : | AC56: : | AE56: : | AG56: : | AI56: : | AK56: :
A57: Freight | B57: Final consumption - transport sector - rail - high speed - energy use | C57: : | E57: : | G57: : | I57: : | K57: : | M57: : | O57: : | Q57: : | S57: : | U57: : | W57: : | Y57: : | AA57: : | AC57: : | AE57: : | AG57: : | AI57: : | AK57: :
A58: Freight | B58: Final consumption - transport sector - rail - conventional - energy use | C58: 0 | E58: 0 | G58: 459.582 | H58: p | I58: 0 | K58: 0 | M58: 0 | O58: 0 | Q58: 0 | S58: 0 | U58: 0.789 | W58: 0 | Y58: 0 | AA58: 0 | AC58: 0 | AE58: 0 | AG58: 0 | AI58: 0 | AK58: 622.174 | AO58: aantal e-voertuigen om verhouding auto en busjes te bepalen=
A59: Freight | B59: Final consumption - transport sector - rail - metro and tram - energy use | C59: : | E59: : | G59: : | I59: : | K59: : | M59: : | O59: : | Q59: : | S59: : | U59: : | W59: : | Y59: : | AA59: : | AC59: : | AE59: : | AG59: : | AI59: : | AK59: : | AP59: PHEV | AQ59: BEV | AR59: totaal
A60: Freight | B60: Final consumption - transport sector - road - fuel used | C60: : | E60: : | G60: : | I60: : | K60: : | M60: : | O60: : | Q60: : | S60: : | U60: : | W60: : | Y60: : | AA60: : | AC60: : | AE60: : | AG60: : | AI60: : | AK60: : | AO60: elektrische autos per 31 december 2023 | AP60: 262317 | AQ60: 435653 | AR60: =AQ60+AP60 -> 697970 | AT60: bron: https://duurzamemobiliteit.databank.nl/mosaic/nl-nl/elektrisch-vervoer/personenauto-s
A61: Freight | B61: Final consumption - transport sector - road - heavy-duty vehicles - fuel used | C61: : | E61: : | G61: : | I61: : | K61: : | M61: : | O61: : | Q61: : | S61: : | U61: : | W61: : | Y61: : | AA61: : | AC61: : | AE61: : | AG61: : | AI61: : | AK61: : | AO61: elektrische busjes per 31 december 2023 | AP61: 158 | AQ61: 24379 | AR61: =AQ61+AP61 -> 24537 | AT61: bron: https://duurzamemobiliteit.databank.nl/mosaic/nl-nl/elektrisch-vervoer/lichte-bedrijfsvoertuigen
A62: Freight | B62: Final consumption - transport sector - road - public - fuel used | C62: : | E62: : | G62: : | I62: : | K62: : | M62: : | O62: : | Q62: : | S62: : | U62: : | W62: : | Y62: : | AA62: : | AC62: : | AE62: : | AG62: : | AI62: : | AK62: :
A63: Freight | B63: Final consumption - transport sector - road - cars and vans - fuel used | C63: 0 | E63: 0 | G63: 0 | H63: p | I63: 0 | K63: 0 | M63: 0 | O63: 0 | Q63: 0 | S63: 0 | U63: 0 | W63: 0 | Y63: 0 | AA63: 0 | AC63: 0 | AE63: 0 | AG63: 0 | AI63: 0 | AK63: 0
A64: Freight | B64: Final consumption - transport sector - road - other - fuel used | C64: : | E64: : | G64: : | I64: : | K64: : | M64: : | O64: : | Q64: : | S64: : | U64: : | W64: : | Y64: : | AA64: : | AC64: : | AE64: : | AG64: : | AI64: : | AK64: :
A65: Freight | B65: Final consumption - transport sector - road - other - 2-wheeled vehicles - fuel used | C65: : | E65: : | G65: : | I65: : | K65: : | M65: : | O65: : | Q65: : | S65: : | U65: : | W65: : | Y65: : | AA65: : | AC65: : | AE65: : | AG65: : | AI65: : | AK65: :
A66: Freight | B66: Final consumption - transport sector - road - energy use | C66: : | E66: : | G66: : | I66: : | K66: : | M66: : | O66: : | Q66: : | S66: : | U66: : | W66: : | Y66: : | AA66: : | AC66: : | AE66: : | AG66: : | AI66: : | AK66: :
A67: Freight | B67: Final consumption - transport sector - road - heavy-duty vehicles - energy use | C67: : | E67: : | G67: : | I67: : | K67: : | M67: : | O67: : | Q67: : | S67: : | U67: : | W67: : | Y67: : | AA67: : | AC67: : | AE67: : | AG67: : | AI67: : | AK67: :
A68: Freight | B68: Final consumption - transport sector - road - public - energy use | C68: : | E68: : | G68: : | I68: : | K68: : | M68: : | O68: : | Q68: : | S68: : | U68: : | W68: : | Y68: : | AA68: : | AC68: : | AE68: : | AG68: : | AI68: : | AK68: :
A69: Freight | B69: Final consumption - transport sector - road - cars and vans - energy use | C69: 0 | E69: 0 | G69: 0 | H69: p | I69: 0 | K69: 0 | M69: 0 | O69: 0 | Q69: 0 | S69: 0 | U69: 0 | W69: 0 | Y69: 0 | AA69: 0 | AC69: 0 | AE69: 0 | AG69: 0 | AI69: 0 | AK69: 0
A70: Freight | B70: Final consumption - transport sector - road - other - energy use | C70: : | E70: : | G70: : | I70: : | K70: : | M70: : | O70: : | Q70: : | S70: : | U70: : | W70: : | Y70: : | AA70: : | AC70: : | AE70: : | AG70: : | AI70: : | AK70: :
A71: Freight | B71: Final consumption - transport sector - road - other - 2-wheeled vehicles - energy use | C71: : | E71: : | G71: : | I71: : | K71: : | M71: : | O71: : | Q71: : | S71: : | U71: : | W71: : | Y71: : | AA71: : | AC71: : | AE71: : | AG71: : | AI71: : | AK71: :
A72: Freight | B72: Final consumption - transport sector - aviation - energy use | C72: : | E72: : | G72: : | I72: : | K72: : | M72: : | O72: : | Q72: : | S72: : | U72: : | W72: : | Y72: : | AA72: : | AC72: : | AE72: : | AG72: : | AI72: : | AK72: :
A73: Freight | B73: Final consumption - transport sector - domestic aviation - energy use | C73: 0 | E73: 0 | G73: 0 | H73: p | I73: 0 | K73: 0 | M73: 0 | O73: 0 | Q73: 0 | S73: 0 | U73: 0 | W73: 0 | Y73: 0 | AA73: 0 | AC73: 0 | AE73: 0 | AG73: 0 | AI73: 0 | AK73: 0
A74: Freight | B74: Final consumption - transport sector - international aviation - energy use | C74: 0 | E74: 0 | G74: 0 | H74: p | I74: 0 | K74: 0 | M74: 0 | O74: 0 | Q74: 0 | S74: 0 | U74: 0 | W74: 0 | Y74: 0 | AA74: 0 | AC74: 0 | AE74: 0 | AG74: 0 | AI74: 0 | AK74: 0
A75: Freight | B75: Final consumption - transport sector - domestic navigation - energy use | C75: : | E75: : | G75: : | I75: : | K75: : | M75: : | O75: : | Q75: : | S75: : | U75: : | W75: : | Y75: : | AA75: : | AC75: : | AE75: : | AG75: : | AI75: : | AK75: :
A76: Freight | B76: Final consumption - transport sector - domestic navigation - maritime - energy use | C76: 0 | E76: 0 | G76: 0 | H76: p | I76: 0 | K76: 0 | M76: 0 | O76: 0 | Q76: 0 | S76: 0 | U76: 0 | W76: 0 | Y76: 0 | AA76: 0 | AC76: 0 | AE76: 0 | AG76: 0 | AI76: 0 | AK76: 0
A77: Freight | B77: Final consumption - transport sector - domestic navigation - inland waterways - energy use | C77: 0 | E77: 0 | G77: 0 | H77: p | I77: 0 | K77: 0 | M77: 0 | O77: 0 | Q77: 0 | S77: 0 | U77: 0 | W77: 0 | Y77: 0 | AA77: 0 | AC77: 0 | AE77: 0 | AG77: 0 | AI77: 0 | AK77: 0
A79: Special value
A80: : | B80: not available
A81: Observation flags:
A82: p | B82: provisional | AN82: Klimaatmonitor data en recente fietsdata om verhouding e-fiets en e-motor te bepalen=
AN83: Road transport electricity analysis | AO83: Input | AS83: Calculations | AW83: Output
C85: electricity | D85: diesel | E85: gasoline | F85: natural gas | G85: lpg | H85: compressed network gas | AO85: number of electric vehicles (2019) | AP85: value [-] | AQ85: comment | AS85: electricity consumption per vehicle type | AT85: value [tj] | AU85: comment | AW85: share of application per vehicle type | AX85: value [%] | AY85: comment
B86: trucks | C86: 0.19772237 | D86: 48.445294 | E86: 0.015938225 | F86: 57.136248 | G86: 0.68446414 | AO86: tp_car_bev_nr | AP86: 442409 | AS86: car_bev_tj | AT86: 1433.4052 | AW86: electricity_share_cars | AX86: 0.46966711
B87: busses | C87: 8.6465611 | D87: 2.1174833 | E87: 0.10611656 | F87: 20.301 | G87: 0.00095997776 | AO87: tp_van_bev_nr | AP87: 23555 | AS87: car_phev_tj | AT87: 853.37388 | AW87: electricity_share_trucks | AX87: 0.054747486
B88: cars and vans | C88: 90.045792 | D88: 49.425817 | E88: 97.288875 | F88: 22.562752 | G88: 99.314557 | AO88: tp_truck_bev_nr | AP88: 1459 | AS88: truck_bev_tj | AT88: 262.62 | AW88: electricity_share_vans | AX88: 0.23448246
B89: motorcycles and bicycles | C89: 1.109925 | D89: 0.011406121 | E89: 2.5890701 | F89: 0 | G89: 1.9199555e-05 | AO89: tp_bus_bev_nr | AP89: 1554 | AS89: van_bev_tj | AT89: 1139.4307 | AW89: electricity_share_buses | AX89: 0.14046174
AO90: tp_motorcycle_bev_nr | AP90: 115025 | AQ90: Excluding speed pedelecs, which the ETM considers part of electric bicycles | AS90: truck_phev_tj | AT90: 3.942 | AW90: electricity_share_motorcycles | AX90: 0.092010006
B91: cars | C91: 86.424805 | D91: 19.777333 | E91: 96.857162 | G91: 70.775225 | AO91: tp_quadricycle_bev_nr | AP91: 6753 | AS91: van_phev_tj | AT91: 2.2493538 | AW91: electricity_share_bicycles | AX91: 0.0086311966
B92: vans | C92: 3.6209867 | D92: 29.648484 | E92: 0.43171341 | G92: 28.539332 | AO92: tp_bicycle_bev_nr | AP92: 3834042 | AQ92: Speed pedelecs from Klimaatmonitor, electric bycicles from Bovag Rai (2023) Fietsenpark (schatting), electric bicycles value from 2022: https://cdn.sanity.io/files/j02l2p79/production_mijnbovag/d0ee946324243bf06e36983f5bd35cc35c98c871.pdf | AS92: bus_bev_tj | AT92: 671.328
AO93: tp_car_phev_nr | AP93: 263387 | AS93: bus_phev_tj | AT93: 12.5712
C94: diesel | D94: electricity | AO94: tp_van_phev_nr | AP94: 155 | AS94: motorcycle_bev_tj | AT94: 447.99082
B95: rail passengers | C95: 48.183768 | D95: 82.045239 | AO95: tp_truck_phev_nr | AP95: 73 | AS95: bicycle_electric_tj | AT95: 42.024743
B96: rail freight | C96: 51.816232 | D96: 10.175932 | H96: emissieregistratie (Kyra) | AO96: tp_bus_phev_nr | AP96: 97
B97: metro tram | D97: 7.7788129 | I97: electricity | J97: gasoline | K97: diesel | L97: lpg | AO97: tp_pedelec_bev_nr | AP97: 34042
H98: cars | J98: 12870250000 | K98: 2542692000 | L98: 224099100 | AS98: total electricity consumption per vehicle type | AT98: value [tj] | AU98: comment
H99: vans | J99: 57365500 | K99: 3811786000 | L99: 90365500 | AO99: Source | AP99: Klimaatmonitor | AQ99: Datadump - e and h2 road | AS99: car_ev_tj | AT99: 2286.779 | AU99: combination of bev and phev
B100: fietskilometers in mln | C100: 18200 | AS100: truck_ev_tj | AT100: 266.562 | AU100: combination of bev and phev
AS101: van_ev_tj | AT101: 1141.6801 | AU101: combination of bev and phev
AO102: specifications of electricic vehicles | AP102: value [-] | AQ102: comment | AS102: bus_ev_tj | AT102: 683.8992 | AU102: combination of bev and phev
AO103: phev_relative_bev_annual_electric_kms | AP103: 0.3 | AQ103: relative electricity use plug-in electric vehicle compared to battery electric vehicle | AS103: motorcycle_ev_tj | AT103: 447.99082
AO104: car_bev_annual_kms | AP104: 16332 | AQ104: https://opendata.cbs.nl/#/CBS/nl/dataset/85396NED/table?dl=AB187 | AS104: bicycle_electric_tj | AT104: 42.024743
...

Sheet Datadump - Eurostat
A1: Data extracted on 03/06/2025 09:58:14 from [ESTAT]
A2: Dataset: | B2: Disaggregated final energy consumption in transport by mode of transport - quantities [nrg_d_traq__custom_16868870]
A3: Last updated: | B3: 25/09/2024 23:00
A5: Time frequency | C5: Annual
A6: Unit of measure | C6: Terajoule
A7: Geopolitical entity (reporting) | C7: Netherlands
A8: Time | C8: 2022
A10: SIEC (Labels) | B10: SIEC (Labels) | C10: Solid fossil fuels | E10: Natural gas | G10: Oil and petroleum products (excluding biofuel portion) | I10: Liquefied petroleum gases | K10: Aviation gasoline | M10: Motor gasoline (excluding biofuel portion) | O10: Kerosene-type jet fuel (excluding biofuel portion) | Q10: Gas oil and diesel oil (excluding biofuel portion) | S10: Fuel oil | U10: Renewables and biofuels | W10: Pure biogasoline | Y10: Blended biogasoline | AA10: Pure biodiesels | AC10: Blended biodiesels | AE10: Pure bio jet kerosene | AG10: Blended bio jet kerosene | AI10: Biogases | AK10: Electricity
A11: TRA_MODE (Labels) | B11: NRG_BAL (Labels)
A12: Total | B12: Final consumption - transport sector - rail - energy use | C12: 0 | E12: 0 | G12: 886.946 | H12: p | I12: 0 | K12: 0 | M12: 0 | O12: 0 | Q12: 0 | S12: 0 | U12: 1.522 | W12: 0 | Y12: 0 | AA12: 0 | AC12: 0 | AE12: 0 | AG12: 0 | AI12: 0 | AK12: 6114.172
A13: Total | B13: Final consumption - transport sector - rail - high speed - energy use | C13: 0 | E13: 0 | G13: 0 | H13: p | I13: 0 | K13: 0 | M13: 0 | O13: 0 | Q13: 0 | S13: 0 | U13: 0 | W13: 0 | Y13: 0 | AA13: 0 | AC13: 0 | AE13: 0 | AG13: 0 | AI13: 0 | AK13: 213.271
A14: Total | B14: Final consumption - transport sector - rail - conventional - energy use | C14: 0 | E14: 0 | G14: 886.946 | H14: p | I14: 0 | K14: 0 | M14: 0 | O14: 0 | Q14: 0 | S14: 0 | U14: 1.522 | W14: 0 | Y14: 0 | AA14: 0 | AC14: 0 | AE14: 0 | AG14: 0 | AI14: 0 | AK14: 5425.29
A15: Total | B15: Final consumption - transport sector - rail - metro and tram - energy use | C15: 0 | E15: 0 | G15: 0 | H15: p | I15: 0 | K15: 0 | M15: 0 | O15: 0 | Q15: 0 | S15: 0 | U15: 0 | W15: 0 | Y15: 0 | AA15: 0 | AC15: 0 | AE15: 0 | AG15: 0 | AI15: 0 | AK15: 475.61
A16: Total | B16: Final consumption - transport sector - road - fuel used | C16: 0 | E16: 2656.935 | G16: 353092.08 | H16: p | I16: 4084.319 | K16: 0 | M16: 160956.49 | O16: 0 | Q16: 175608.93 | S16: 0 | U16: 23442.149 | W16: 0 | Y16: 10998.849 | AA16: 0 | AC16: 12442.346 | AE16: 0 | AG16: 0 | AI16: 0 | AK16: 5925.986
A17: Total | B17: Final consumption - transport sector - road - heavy-duty vehicles - fuel used | C17: 0 | E17: 1535.094 | G17: 90699.744 | H17: p | I17: 28.42 | K17: 0 | M17: 24.514 | O17: 0 | Q17: 84649.159 | S17: 0 | U17: 5999.367 | W17: 0 | Y17: 1.675 | AA17: 0 | AC17: 5997.651 | AE17: 0 | AG17: 0 | AI17: 0 | AK17: 11.717
A18: Total | B18: Final consumption - transport sector - road - public - fuel used | C18: 0 | E18: 549.677 | G18: 4199.266 | H18: p | I18: 0.04 | K18: 0 | M18: 163.214 | O18: 0 | Q18: 3769.051 | S18: 0 | U18: 279.031 | W18: 0 | Y18: 11.156 | AA18: 0 | AC18: 266.961 | AE18: 0 | AG18: 0 | AI18: 0 | AK18: 512.394
A19: Total | B19: Final consumption - transport sector - road - cars and vans - fuel used | C19: 0 | E19: 572.164 | G19: 254189.36 | H19: p | I19: 4055.858 | K19: 0 | M19: 156786.61 | O19: 0 | Q19: 87170.594 | S19: 0 | U19: 16890.149 | W19: 0 | Y19: 10713.842 | AA19: 0 | AC19: 6176.307 | AE19: 0 | AG19: 0 | AI19: 0 | AK19: 5336.101
A20: Total | B20: Final consumption - transport sector - road - other - fuel used | C20: 0 | E20: 0 | G20: 4003.704 | H20: p | I20: 0.001 | K20: 0 | M20: 3982.154 | O20: 0 | Q20: 20.122 | S20: 0 | U20: 273.602 | W20: 0 | Y20: 272.176 | AA20: 0 | AC20: 1.427 | AE20: 0 | AG20: 0 | AI20: 0 | AK20: 65.774
A21: Total | B21: Final consumption - transport sector - road - other - 2-wheeled vehicles - fuel used | C21: 0 | E21: 0 | G21: 4003.704 | H21: p | I21: 0.001 | K21: 0 | M21: 3982.154 | O21: 0 | Q21: 20.122 | S21: 0 | U21: 273.602 | W21: 0 | Y21: 272.176 | AA21: 0 | AC21: 1.427 | AE21: 0 | AG21: 0 | AI21: 0 | AK21: 65.774
A22: Total | B22: Final consumption - transport sector - road - energy use | C22: 0 | E22: 2585.251 | G22: 347934.68 | H22: p | I22: 5208.454 | K22: 0 | M22: 153806.34 | O22: 0 | Q22: 176414.05 | S22: 0 | U22: 23018.331 | W22: 0 | Y22: 10512.494 | AA22: 0 | AC22: 12505.837 | AE22: 0 | AG22: 0 | AI22: 0 | AK22: 5925.986 | AN22: electricity | AO22: diesel | AP22: gasoline | AQ22: natural gas | AR22: lpg | AS22: compressed network gas
A23: Total | B23: Final consumption - transport sector - road - heavy-duty vehicles - energy use | C23: 0 | E23: 1477.116 | G23: 91582.958 | H23: p | I23: 35.65 | K23: 0 | M23: 24.514 | O23: 0 | Q23: 85464.305 | S23: 0 | U23: 6060.165 | W23: 0 | Y23: 1.675 | AA23: 0 | AC23: 6058.489 | AE23: 0 | AG23: 0 | AI23: 0 | AK23: 11.717 | AM23: trucks | AN23: =AK23/SUM($AK$23:$AK$26)*100 -> 0.19772237 | AO23: =Q23/SUM($Q$23:$Q$26)*100 -> 48.445294 | AP23: =M23/SUM($M$23:$M$26)*100 -> 0.015938225 | AQ23: =E23/SUM($E$23:$E$26)*100 -> 57.136248 | AR23: =I23/SUM($I$23:$I$26)*100 -> 0.68446414
A24: Total | B24: Final consumption - transport sector - road - public - energy use | C24: 0 | E24: 524.832 | G24: 4163.611 | H24: p | I24: 0.05 | K24: 0 | M24: 163.214 | O24: 0 | Q24: 3735.538 | S24: 0 | U24: 275.964 | W24: 0 | Y24: 11.156 | AA24: 0 | AC24: 264.809 | AE24: 0 | AG24: 0 | AI24: 0 | AK24: 512.394 | AM24: busses | AN24: =AK24/SUM($AK$23:$AK$26)*100 -> 8.6465611 | AO24: =Q24/SUM($Q$23:$Q$26)*100 -> 2.1174833 | AP24: =M24/SUM($M$23:$M$26)*100 -> 0.10611656 | AQ24: =E24/SUM($E$23:$E$26)*100 -> 20.301 | AR24: =I24/SUM($I$23:$I$26)*100 -> 0.00095997776
A25: Total | B25: Final consumption - transport sector - road - cars and vans - energy use | C25: 0 | E25: 583.304 | G25: 248184.41 | H25: p | I25: 5172.753 | K25: 0 | M25: 149636.46 | O25: 0 | Q25: 87194.085 | S25: 0 | U25: 16408.598 | W25: 0 | Y25: 10227.487 | AA25: 0 | AC25: 6181.112 | AE25: 0 | AG25: 0 | AI25: 0 | AK25: 5336.101 | AM25: cars and vans | AN25: =AK25/SUM($AK$23:$AK$26)*100 -> 90.045792 | AO25: =Q25/SUM($Q$23:$Q$26)*100 -> 49.425817 | AP25: =M25/SUM($M$23:$M$26)*100 -> 97.288875 | AQ25: =E25/SUM($E$23:$E$26)*100 -> 22.562752 | AR25: =I25/SUM($I$23:$I$26)*100 -> 99.314557
A26: Total | B26: Final consumption - transport sector - road - other - energy use | C26: 0 | E26: 0 | G26: 4003.704 | H26: p | I26: 0.001 | K26: 0 | M26: 3982.154 | O26: 0 | Q26: 20.122 | S26: 0 | U26: 273.603 | W26: 0 | Y26: 272.176 | AA26: 0 | AC26: 1.427 | AE26: 0 | AG26: 0 | AI26: 0 | AK26: 65.774 | AM26: motorcycles and bicycles | AN26: =AK26/SUM($AK$23:$AK$26)*100 -> 1.109925 | AO26: =Q26/SUM($Q$23:$Q$26)*100 -> 0.011406121 | AP26: =M26/SUM($M$23:$M$26)*100 -> 2.5890701 | AQ26: =E26/SUM($E$23:$E$26)*100 -> 0 | AR26: =I26/SUM($I$23:$I$26)*100 -> 1.9199555e-05
A27: Total | B27: Final consumption - transport sector - road - other - 2-wheeled vehicles - energy use | C27: 0 | E27: 0 | G27: 4003.704 | H27: p | I27: 0.001 | K27: 0 | M27: 3982.154 | O27: 0 | Q27: 20.122 | S27: 0 | U27: 273.603 | W27: 0 | Y27: 272.176 | AA27: 0 | AC27: 1.427 | AE27: 0 | AG27: 0 | AI27: 0 | AK27: 65.774
A28: Total | B28: Final consumption - transport sector - aviation - energy use | C28: 0 | E28: 0 | G28: 0 | H28: p | I28: 0 | K28: 0 | M28: 0 | O28: 0 | Q28: 0 | S28: 0 | U28: 0 | W28: 0 | Y28: 0 | AA28: 0 | AC28: 0 | AE28: 0 | AG28: 0 | AI28: 0 | AK28: 0 | AM28: cars | AN28: =AR77/(AR77+AR78)*AN25 -> 86.424805 | AO28: =AV35/(AV35+AV36)*AO25 -> 19.777333 | AP28: =AU35/(AU35+AU36)*AP25 -> 96.857162 | AR28: =AW35/(AW35+AW36)*AR25 -> 70.775225
A29: Total | B29: Final consumption - transport sector - domestic aviation - energy use | C29: 0 | E29: 0 | G29: 0 | H29: p | I29: 0 | K29: 0 | M29: 0 | O29: 0 | Q29: 0 | S29: 0 | U29: 0 | W29: 0 | Y29: 0 | AA29: 0 | AC29: 0 | AE29: 0 | AG29: 0 | AI29: 0 | AK29: 0 | AM29: vans | AN29: =AR78/(AR78+AR77)*AN25 -> 3.6209867 | AO29: =AV36/(AV36+AV35)*AO25 -> 29.648484 | AP29: =AU36/(AU36+AU35)*AP25 -> 0.43171341 | AR29: =AW36/(AW36+AW35)*AR25 -> 28.539332
A30: Total | B30: Final consumption - transport sector - international aviation - energy use | C30: 0 | E30: 0 | G30: 0 | H30: p | I30: 0 | K30: 0 | M30: 0 | O30: 0 | Q30: 0 | S30: 0 | U30: 0 | W30: 0 | Y30: 0 | AA30: 0 | AC30: 0 | AE30: 0 | AG30: 0 | AI30: 0 | AK30: 0
A31: Total | B31: Final consumption - transport sector - domestic navigation - energy use | C31: 0 | E31: 0 | G31: 0 | H31: p | I31: 0 | K31: 0 | M31: 0 | O31: 0 | Q31: 0 | S31: 0 | U31: 0 | W31: 0 | Y31: 0 | AA31: 0 | AC31: 0 | AE31: 0 | AG31: 0 | AI31: 0 | AK31: 0 | AN31: diesel | AO31: electricity
A32: Total | B32: Final consumption - transport sector - domestic navigation - maritime - energy use | C32: 0 | E32: 0 | G32: 0 | H32: p | I32: 0 | K32: 0 | M32: 0 | O32: 0 | Q32: 0 | S32: 0 | U32: 0 | W32: 0 | Y32: 0 | AA32: 0 | AC32: 0 | AE32: 0 | AG32: 0 | AI32: 0 | AK32: 0 | AM32: rail passengers | AN32: =G36/(G36+G58)*100 -> 48.183768 | AO32: =(AK13+AK36)/AK12*100 -> 82.045239
A33: Total | B33: Final consumption - transport sector - domestic navigation - inland waterways - energy use | C33: 0 | E33: 0 | G33: 0 | H33: p | I33: 0 | K33: 0 | M33: 0 | O33: 0 | Q33: 0 | S33: 0 | U33: 0 | W33: 0 | Y33: 0 | AA33: 0 | AC33: 0 | AE33: 0 | AG33: 0 | AI33: 0 | AK33: 0 | AM33: rail freight | AN33: =G58/(G58+G36)*100 -> 51.816232 | AO33: =AK58/AK12*100 -> 10.175932 | AS33: emissieregistratie (Kyra)
A34: Passenger | B34: Final consumption - transport sector - rail - energy use | C34: : | E34: : | G34: : | I34: : | K34: : | M34: : | O34: : | Q34: : | S34: : | U34: : | W34: : | Y34: : | AA34: : | AC34: : | AE34: : | AG34: : | AI34: : | AK34: : | AM34: metro tram | AO34: =AK15/AK12*100 -> 7.7788129 | AT34: electricity | AU34: gasoline | AV34: diesel | AW34: lpg
A35: Passenger | B35: Final consumption - transport sector - rail - high speed - energy use | C35: : | E35: : | G35: : | I35: : | K35: : | M35: : | O35: : | Q35: : | S35: : | U35: : | W35: : | Y35: : | AA35: : | AC35: : | AE35: : | AG35: : | AI35: : | AK35: : | AS35: cars | AU35: 12870250000 | AV35: 2542692000 | AW35: 224099100
A36: Passenger | B36: Final consumption - transport sector - rail - conventional - energy use | C36: 0 | E36: 0 | G36: 427.364 | H36: p | I36: 0 | K36: 0 | M36: 0 | O36: 0 | Q36: 0 | S36: 0 | U36: 0.733 | W36: 0 | Y36: 0 | AA36: 0 | AC36: 0 | AE36: 0 | AG36: 0 | AI36: 0 | AK36: 4803.116 | AS36: vans | AU36: 57365500 | AV36: 3811786000 | AW36: 90365500
A37: Passenger | B37: Final consumption - transport sector - rail - metro and tram - energy use | C37: : | E37: : | G37: : | I37: : | K37: : | M37: : | O37: : | Q37: : | S37: : | U37: : | W37: : | Y37: : | AA37: : | AC37: : | AE37: : | AG37: : | AI37: : | AK37: : | AM37: fietskilometers in mln | AN37: 18200
A38: Passenger | B38: Final consumption - transport sector - road - fuel used | C38: : | E38: : | G38: : | I38: : | K38: : | M38: : | O38: : | Q38: : | S38: : | U38: : | W38: : | Y38: : | AA38: : | AC38: : | AE38: : | AG38: : | AI38: : | AK38: :
A39: Passenger | B39: Final consumption - transport sector - road - heavy-duty vehicles - fuel used | C39: : | E39: : | G39: : | I39: : | K39: : | M39: : | O39: : | Q39: : | S39: : | U39: : | W39: : | Y39: : | AA39: : | AC39: : | AE39: : | AG39: : | AI39: : | AK39: :
A40: Passenger | B40: Final consumption - transport sector - road - public - fuel used | C40: : | E40: : | G40: : | I40: : | K40: : | M40: : | O40: : | Q40: : | S40: : | U40: : | W40: : | Y40: : | AA40: : | AC40: : | AE40: : | AG40: : | AI40: : | AK40: :
A41: Passenger | B41: Final consumption - transport sector - road - cars and vans - fuel used | C41: 0 | E41: 0 | G41: 0 | H41: p | I41: 0 | K41: 0 | M41: 0 | O41: 0 | Q41: 0 | S41: 0 | U41: 0 | W41: 0 | Y41: 0 | AA41: 0 | AC41: 0 | AE41: 0 | AG41: 0 | AI41: 0 | AK41: 0
A42: Passenger | B42: Final consumption - transport sector - road - other - fuel used | C42: : | E42: : | G42: : | I42: : | K42: : | M42: : | O42: : | Q42: : | S42: : | U42: : | W42: : | Y42: : | AA42: : | AC42: : | AE42: : | AG42: : | AI42: : | AK42: :
A43: Passenger | B43: Final consumption - transport sector - road - other - 2-wheeled vehicles - fuel used | C43: : | E43: : | G43: : | I43: : | K43: : | M43: : | O43: : | Q43: : | S43: : | U43: : | W43: : | Y43: : | AA43: : | AC43: : | AE43: : | AG43: : | AI43: : | AK43: :
A44: Passenger | B44: Final consumption - transport sector - road - energy use | C44: : | E44: : | G44: : | I44: : | K44: : | M44: : | O44: : | Q44: : | S44: : | U44: : | W44: : | Y44: : | AA44: : | AC44: : | AE44: : | AG44: : | AI44: : | AK44: :
A45: Passenger | B45: Final consumption - transport sector - road - heavy-duty vehicles - energy use | C45: : | E45: : | G45: : | I45: : | K45: : | M45: : | O45: : | Q45: : | S45: : | U45: : | W45: : | Y45: : | AA45: : | AC45: : | AE45: : | AG45: : | AI45: : | AK45: :
A46: Passenger | B46: Final consumption - transport sector - road - public - energy use | C46: : | E46: : | G46: : | I46: : | K46: : | M46: : | O46: : | Q46: : | S46: : | U46: : | W46: : | Y46: : | AA46: : | AC46: : | AE46: : | AG46: : | AI46: : | AK46: :
A47: Passenger | B47: Final consumption - transport sector - road - cars and vans - energy use | C47: 0 | E47: 0 | G47: 0 | H47: p | I47: 0 | K47: 0 | M47: 0 | O47: 0 | Q47: 0 | S47: 0 | U47: 0 | W47: 0 | Y47: 0 | AA47: 0 | AC47: 0 | AE47: 0 | AG47: 0 | AI47: 0 | AK47: 0
A48: Passenger | B48: Final consumption - transport sector - road - other - energy use | C48: : | E48: : | G48: : | I48: : | K48: : | M48: : | O48: : | Q48: : | S48: : | U48: : | W48: : | Y48: : | AA48: : | AC48: : | AE48: : | AG48: : | AI48: : | AK48: :
A49: Passenger | B49: Final consumption - transport sector - road - other - 2-wheeled vehicles - energy use | C49: : | E49: : | G49: : | I49: : | K49: : | M49: : | O49: : | Q49: : | S49: : | U49: : | W49: : | Y49: : | AA49: : | AC49: : | AE49: : | AG49: : | AI49: : | AK49: :
A50: Passenger | B50: Final consumption - transport sector - aviation - energy use | C50: : | E50: : | G50: : | I50: : | K50: : | M50: : | O50: : | Q50: : | S50: : | U50: : | W50: : | Y50: : | AA50: : | AC50: : | AE50: : | AG50: : | AI50: : | AK50: :
A51: Passenger | B51: Final consumption - transport sector - domestic aviation - energy use | C51: 0 | E51: 0 | G51: 0 | H51: p | I51: 0 | K51: 0 | M51: 0 | O51: 0 | Q51: 0 | S51: 0 | U51: 0 | W51: 0 | Y51: 0 | AA51: 0 | AC51: 0 | AE51: 0 | AG51: 0 | AI51: 0 | AK51: 0
A52: Passenger | B52: Final consumption - transport sector - international aviation - energy use | C52: 0 | E52: 0 | G52: 0 | H52: p | I52: 0 | K52: 0 | M52: 0 | O52: 0 | Q52: 0 | S52: 0 | U52: 0 | W52: 0 | Y52: 0 | AA52: 0 | AC52: 0 | AE52: 0 | AG52: 0 | AI52: 0 | AK52: 0
A53: Passenger | B53: Final consumption - transport sector - domestic navigation - energy use | C53: : | E53: : | G53: : | I53: : | K53: : | M53: : | O53: : | Q53: : | S53: : | U53: : | W53: : | Y53: : | AA53: : | AC53: : | AE53: : | AG53: : | AI53: : | AK53: :
A54: Passenger | B54: Final consumption - transport sector - domestic navigation - maritime - energy use | C54: 0 | E54: 0 | G54: 0 | H54: p | I54: 0 | K54: 0 | M54: 0 | O54: 0 | Q54: 0 | S54: 0 | U54: 0 | W54: 0 | Y54: 0 | AA54: 0 | AC54: 0 | AE54: 0 | AG54: 0 | AI54: 0 | AK54: 0
A55: Passenger | B55: Final consumption - transport sector - domestic navigation - inland waterways - energy use | C55: 0 | E55: 0 | G55: 0 | H55: p | I55: 0 | K55: 0 | M55: 0 | O55: 0 | Q55: 0 | S55: 0 | U55: 0 | W55: 0 | Y55: 0 | AA55: 0 | AC55: 0 | AE55: 0 | AG55: 0 | AI55: 0 | AK55: 0
A56: Freight | B56: Final consumption - transport sector - rail - energy use | C56: : | E56: : | G56: : | I56: : | K56: : | M56: : | O56: : | Q56: : | S56: : | U56: : | W56: : | Y56: : | AA56: : | AC56: : | AE56: : | AG56: : | AI56: : | AK56: :
A57: Freight | B57: Final consumption - transport sector - rail - high speed - energy use | C57: : | E57: : | G57: : | I57: : | K57: : | M57: : | O57: : | Q57: : | S57: : | U57: : | W57: : | Y57: : | AA57: : | AC57: : | AE57: : | AG57: : | AI57: : | AK57: :
A58: Freight | B58: Final consumption - transport sector - rail - conventional - energy use | C58: 0 | E58: 0 | G58: 459.582 | H58: p | I58: 0 | K58: 0 | M58: 0 | O58: 0 | Q58: 0 | S58: 0 | U58: 0.789 | W58: 0 | Y58: 0 | AA58: 0 | AC58: 0 | AE58: 0 | AG58: 0 | AI58: 0 | AK58: 622.174
A59: Freight | B59: Final consumption - transport sector - rail - metro and tram - energy use | C59: : | E59: : | G59: : | I59: : | K59: : | M59: : | O59: : | Q59: : | S59: : | U59: : | W59: : | Y59: : | AA59: : | AC59: : | AE59: : | AG59: : | AI59: : | AK59: :
A60: Freight | B60: Final consumption - transport sector - road - fuel used | C60: : | E60: : | G60: : | I60: : | K60: : | M60: : | O60: : | Q60: : | S60: : | U60: : | W60: : | Y60: : | AA60: : | AC60: : | AE60: : | AG60: : | AI60: : | AK60: :
A61: Freight | B61: Final consumption - transport sector - road - heavy-duty vehicles - fuel used | C61: : | E61: : | G61: : | I61: : | K61: : | M61: : | O61: : | Q61: : | S61: : | U61: : | W61: : | Y61: : | AA61: : | AC61: : | AE61: : | AG61: : | AI61: : | AK61: :
A62: Freight | B62: Final consumption - transport sector - road - public - fuel used | C62: : | E62: : | G62: : | I62: : | K62: : | M62: : | O62: : | Q62: : | S62: : | U62: : | W62: : | Y62: : | AA62: : | AC62: : | AE62: : | AG62: : | AI62: : | AK62: :
A63: Freight | B63: Final consumption - transport sector - road - cars and vans - fuel used | C63: 0 | E63: 0 | G63: 0 | H63: p | I63: 0 | K63: 0 | M63: 0 | O63: 0 | Q63: 0 | S63: 0 | U63: 0 | W63: 0 | Y63: 0 | AA63: 0 | AC63: 0 | AE63: 0 | AG63: 0 | AI63: 0 | AK63: 0
A64: Freight | B64: Final consumption - transport sector - road - other - fuel used | C64: : | E64: : | G64: : | I64: : | K64: : | M64: : | O64: : | Q64: : | S64: : | U64: : | W64: : | Y64: : | AA64: : | AC64: : | AE64: : | AG64: : | AI64: : | AK64: :
A65: Freight | B65: Final consumption - transport sector - road - other - 2-wheeled vehicles - fuel used | C65: : | E65: : | G65: : | I65: : | K65: : | M65: : | O65: : | Q65: : | S65: : | U65: : | W65: : | Y65: : | AA65: : | AC65: : | AE65: : | AG65: : | AI65: : | AK65: :
A66: Freight | B66: Final consumption - transport sector - road - energy use | C66: : | E66: : | G66: : | I66: : | K66: : | M66: : | O66: : | Q66: : | S66: : | U66: : | W66: : | Y66: : | AA66: : | AC66: : | AE66: : | AG66: : | AI66: : | AK66: :
A67: Freight | B67: Final consumption - transport sector - road - heavy-duty vehicles - energy use | C67: : | E67: : | G67: : | I67: : | K67: : | M67: : | O67: : | Q67: : | S67: : | U67: : | W67: : | Y67: : | AA67: : | AC67: : | AE67: : | AG67: : | AI67: : | AK67: : | AO67: file:///Users/maxkerpel/Downloads/KiM+brochure_Fietsfeiten_2023_digiT_def.pdf
A68: Freight | B68: Final consumption - transport sector - road - public - energy use | C68: : | E68: : | G68: : | I68: : | K68: : | M68: : | O68: : | Q68: : | S68: : | U68: : | W68: : | Y68: : | AA68: : | AC68: : | AE68: : | AG68: : | AI68: : | AK68: : | AO68: https://www.google.com/url?sa=t&source=web&rct=j&opi=89978449&url=https://www.kimnet.nl/binaries/kimnet/documenten/publicaties/2023/11/28/fietsfeiten-2023/KiM%2Bbrochure_Fietsfeiten_2023_digiT_def.pdf&ved=2ahUKEwjA-eqd-9SNAxWLgv0HHb80OJIQFnoECAwQAQ&usg=AOvVaw1wxXHvP1OmYRG1r76FDlWN
A69: Freight | B69: Final consumption - transport sector - road - cars and vans - energy use | C69: 0 | E69: 0 | G69: 0 | H69: p | I69: 0 | K69: 0 | M69: 0 | O69: 0 | Q69: 0 | S69: 0 | U69: 0 | W69: 0 | Y69: 0 | AA69: 0 | AC69: 0 | AE69: 0 | AG69: 0 | AI69: 0 | AK69: 0
A70: Freight | B70: Final consumption - transport sector - road - other - energy use | C70: : | E70: : | G70: : | I70: : | K70: : | M70: : | O70: : | Q70: : | S70: : | U70: : | W70: : | Y70: : | AA70: : | AC70: : | AE70: : | AG70: : | AI70: : | AK70: :
A71: Freight | B71: Final consumption - transport sector - road - other - 2-wheeled vehicles - energy use | C71: : | E71: : | G71: : | I71: : | K71: : | M71: : | O71: : | Q71: : | S71: : | U71: : | W71: : | Y71: : | AA71: : | AC71: : | AE71: : | AG71: : | AI71: : | AK71: :
A72: Freight | B72: Final consumption - transport sector - aviation - energy use | C72: : | E72: : | G72: : | I72: : | K72: : | M72: : | O72: : | Q72: : | S72: : | U72: : | W72: : | Y72: : | AA72: : | AC72: : | AE72: : | AG72: : | AI72: : | AK72: :
A73: Freight | B73: Final consumption - transport sector - domestic aviation - energy use | C73: 0 | E73: 0 | G73: 0 | H73: p | I73: 0 | K73: 0 | M73: 0 | O73: 0 | Q73: 0 | S73: 0 | U73: 0 | W73: 0 | Y73: 0 | AA73: 0 | AC73: 0 | AE73: 0 | AG73: 0 | AI73: 0 | AK73: 0
A74: Freight | B74: Final consumption - transport sector - international aviation - energy use | C74: 0 | E74: 0 | G74: 0 | H74: p | I74: 0 | K74: 0 | M74: 0 | O74: 0 | Q74: 0 | S74: 0 | U74: 0 | W74: 0 | Y74: 0 | AA74: 0 | AC74: 0 | AE74: 0 | AG74: 0 | AI74: 0 | AK74: 0
A75: Freight | B75: Final consumption - transport sector - domestic navigation - energy use | C75: : | E75: : | G75: : | I75: : | K75: : | M75: : | O75: : | Q75: : | S75: : | U75: : | W75: : | Y75: : | AA75: : | AC75: : | AE75: : | AG75: : | AI75: : | AK75: :
A76: Freight | B76: Final consumption - transport sector - domestic navigation - maritime - energy use | C76: 0 | E76: 0 | G76: 0 | H76: p | I76: 0 | K76: 0 | M76: 0 | O76: 0 | Q76: 0 | S76: 0 | U76: 0 | W76: 0 | Y76: 0 | AA76: 0 | AC76: 0 | AE76: 0 | AG76: 0 | AI76: 0 | AK76: 0
A77: Freight | B77: Final consumption - transport sector - domestic navigation - inland waterways - energy use | C77: 0 | E77: 0 | G77: 0 | H77: p | I77: 0 | K77: 0 | M77: 0 | O77: 0 | Q77: 0 | S77: 0 | U77: 0 | W77: 0 | Y77: 0 | AA77: 0 | AC77: 0 | AE77: 0 | AG77: 0 | AI77: 0 | AK77: 0 | AN77: Elektrische autos | AO77: 588935 | AP77: 634 | AQ77: 417841 | AR77: =SUM(AO77:AQ77) -> 1007410
AN78: Elektrische busjes | AO78: 41475 | AP78: 37 | AQ78: 696 | AR78: =SUM(AO78:AQ78) -> 42208
A79: Special value
A80: : | B80: not available
A81: Observation flags:
A82: p | B82: provisional
C85: electricity | D85: diesel | E85: gasoline | F85: natural gas | G85: lpg | H85: compressed network gas
B86: trucks | C86: 0.19772237 | D86: 48.445294 | E86: 0.015938225 | F86: 57.136248 | G86: 0.68446414
B87: busses | C87: 8.6465611 | D87: 2.1174833 | E87: 0.10611656 | F87: 20.301 | G87: 0.00095997776
B88: cars and vans | C88: 90.045792 | D88: 49.425817 | E88: 97.288875 | F88: 22.562752 | G88: 99.314557
B89: motorcycles and bicycles | C89: 1.109925 | D89: 0.011406121 | E89: 2.5890701 | F89: 0 | G89: 1.9199555e-05
B91: cars | C91: 86.424805 | D91: 19.777333 | E91: 96.857162 | G91: 70.775225
B92: vans | C92: 3.6209867 | D92: 29.648484 | E92: 0.43171341 | G92: 28.539332
C94: diesel | D94: electricity
B95: rail passengers | C95: 48.183768 | D95: 82.045239
B96: rail freight | C96: 51.816232 | D96: 10.175932 | H96: emissieregistratie (Kyra)
B97: metro tram | D97: 7.7788129 | I97: electricity | J97: gasoline | K97: diesel | L97: lpg
H98: cars | J98: 12870250000 | K98: 2542692000 | L98: 224099100
H99: vans | J99: 57365500 | K99: 3811786000 | L99: 90365500
B100: fietskilometers in mln | C100: 18200

Sheet Datadump - Emissieregistratie
A3: Road transport fuels analysis
B5: Input | G5: Calculations | M5: Output
B7: Road type combined CO2 emissions (2023) | C7: Value (kg) | D7: Old value (2019) | E7: Comment | G7: (1) | H7: application type combined CO2 emissions | I7: Value (tonne) | J7: Old value (2019) | K7: Comment | M7: (1) | N7: Share LNG and CNG | O7: Value (%) | P7: Old value (2019) | Q7: Comment
A8: Cars | B8: tp_car_gasoline_co2 | C8: =SUMIF('Datadump - road fuels'!$AR$4:$AR$73,_xlfn.CONCAT($B8,"*"),'Datadump - road fuels'!$AQ$4:$AQ$73) -> 12870250000 | D8: 13380790000 | H8: tp_car_gasoline_co2 | I8: =C8*0.001 -> 12870250 | J8: 13380790 | N8: share_lng_total_ng | P8: 0.002962963
B9: tp_car_diesel_co2 | C9: =SUMIF('Datadump - road fuels'!$AR$4:$AR$73,_xlfn.CONCAT($B9,"*"),'Datadump - road fuels'!$AQ$4:$AQ$73) -> 2542692000 | D9: 4905092000 | H9: tp_car_diesel_co2 | I9: =C9*0.001 -> 2542692 | J9: 4905092 | N9: share_cng_total_ng | P9: 0.99703704
B10: tp_car_lpg_co2 | C10: =SUMIF('Datadump - road fuels'!$AR$4:$AR$73,_xlfn.CONCAT($B10,"*"),'Datadump - road fuels'!$AQ$4:$AQ$73) -> 224099100 | D10: 310594800 | H10: tp_car_lpg_co2 | I10: =C10*0.001 -> 224099.1 | J10: 310594.8
A11: Vans | B11: tp_van_gasoline_co2 | C11: =SUMIF('Datadump - road fuels'!$AR$4:$AR$73,_xlfn.CONCAT($B11,"*"),'Datadump - road fuels'!$AQ$4:$AQ$73) -> 57365500 | D11: 33927760 | H11: tp_van_gasoline_co2 | I11: =C11*0.001 -> 57365.5 | J11: 33927.76 | M11: (2) | N11: Share of application per fuel type | O11: Value (%) | P11: Old value (2019) | Q11: Comment
B12: tp_van_diesel_co2 | C12: =SUMIF('Datadump - road fuels'!$AR$4:$AR$73,_xlfn.CONCAT($B12,"*"),'Datadump - road fuels'!$AQ$4:$AQ$73) -> 3811786000 | D12: 3700794000 | H12: tp_van_diesel_co2 | I12: =C12*0.001 -> 3811786 | J12: 3700794 | N12: gasoline_mix_share_cars | O12: =I8/I24 -> 0.97033632 | P12: 0.96255621
B13: tp_van_lpg_co2 | C13: =SUMIF('Datadump - road fuels'!$AR$4:$AR$73,_xlfn.CONCAT($B13,"*"),'Datadump - road fuels'!$AQ$4:$AQ$73) -> 90365500 | D13: 53079900 | H13: tp_van_lpg_co2 | I13: =C13*0.001 -> 90365.5 | J13: 53079.9 | N13: gasoline_mix_share_trucks | O13: =I14/I24 -> 0.00030637605 | P13: 0
A14: Trucks | B14: tp_truck_gasoline_co2 | C14: =SUMIF('Datadump - road fuels'!$AR$4:$AR$73,_xlfn.CONCAT($B14,"*"),'Datadump - road fuels'!$AQ$4:$AQ$73) -> 4063680 | D14: 6388474000 | H14: tp_truck_gasoline_co2 | I14: =C14*0.001 -> 4063.68 | J14: 6388474 | N14: gasoline_mix_share_buses | O14: =I18/I24 -> 0.00097654915 | P14: 0.00014845093
B15: tp_truck_diesel_co2 | C15: =SUMIF('Datadump - road fuels'!$AR$4:$AR$73,_xlfn.CONCAT($B15,"*"),'Datadump - road fuels'!$AQ$4:$AQ$73) -> 6430257000 | H15: tp_truck_diesel_co2 | I15: =C15*0.001 -> 6430257 | N15: gasoline_mix_share_motorcycles | O15: =I17/I24 -> 0.024055753 | P15: 0.034854722
B16: tp_truck_lpg_co2 | C16: =SUMIF('Datadump - road fuels'!$AR$4:$AR$73,_xlfn.CONCAT($B16,"*"),'Datadump - road fuels'!$AQ$4:$AQ$73) -> 96211300 | H16: tp_truck_lpg_co2 | I16: =C16*0.001 -> 96211.3 | N16: gasoline_mix_share_vans | O16: =I11/I24 -> 0.0043249998 | P16: 0.0024406164
A17: Motorcycle | B17: tp_motorcycle_co2 | C17: =SUMIF('Datadump - road fuels'!$AR$4:$AR$73,_xlfn.CONCAT($B17,"*"),'Datadump - road fuels'!$AQ$4:$AQ$73) -> 257530500 | D17: 300991100 | H17: tp_motorcycle_gasoline_co2 | I17: =SUM(C17:C19)*0.001 -> 319068.29 | J17: 484526.22 | K17: Kyra de Haan | N17: diesel_mix_share_cars | O17: =I9/I25 -> 0.19484285 | P17: 0.26059226
A18: Moped | B18: tp_moped_co2 | C18: =SUMIF('Datadump - road fuels'!$AR$4:$AR$73,_xlfn.CONCAT($B18,"*"),'Datadump - road fuels'!$AQ$4:$AQ$73) -> 59956600 | D18: 174521500 | H18: tp_bus_gasoline_co2 | I18: =(C20+C23)*0.001 -> 12952.655 | J18: 478752.94 | K18: Combination of touring cars and public transport buses | N18: diesel_mix_share_trucks | O18: =I15/I25 -> 0.4927414 | P18: 0.51736143 | Q18: tp_mm_diesel used to take part in here - but there is no value in this dataset.
A19: Quadricycle | B19: tp_quadricycle_co2 | C19: =SUMIF('Datadump - road fuels'!$AR$4:$AR$73,_xlfn.CONCAT($B19,"*"),'Datadump - road fuels'!$AQ$4:$AQ$73) -> 1581194 | D19: 9013620 | H19: tp_bus_diesel_co2 | I19: =(C21+C24)*0.001 -> 265227.91 | J19: 41338.268 | K19: Combination of touring cars and public transport buses | N19: diesel_mix_share_vans | O19: =I12/I25 -> 0.29209171 | P19: 0.19661166
A20: Bus touring car | B20: tp_bus_tc_gasoline_co2 | C20: =SUMIF('Datadump - road fuels'!$AR$4:$AR$73,_xlfn.CONCAT($B20,"*"),'Datadump - road fuels'!$AQ$4:$AQ$73) -> 340678.1 | H20: tp_bus_lpg_co2 | I20: =(C22+C25)*0.001 -> 34345.693 | J20: 2063.6621 | K20: Combination of touring cars and public transport buses | N20: diesel_mix_share_buses | O20: =I19/I25 -> 0.020324036 | P20: 0.025434652
B21: tp_bus_tc_diesel_co2 | C21: =SUMIF('Datadump - road fuels'!$AR$4:$AR$73,_xlfn.CONCAT($B21,"*"),'Datadump - road fuels'!$AQ$4:$AQ$73) -> 61348700 | D21: 104463300 | H21: tp_mm_diesel_co2 | J21: 3349748.7 | N21: lpg_mix_share_cars | O21: =I10/I26 -> 0.50356905 | P21: 0.85404566
B22: tp_bus_tc_lpg_co2 | C22: =SUMIF('Datadump - road fuels'!$AR$4:$AR$73,_xlfn.CONCAT($B22,"*"),'Datadump - road fuels'!$AQ$4:$AQ$73) -> 40687.96 | N22: lpg_mix_share_trucks | O22: =I16/I26 -> 0.21619468
A23: Bus OV | B23: tp_bus_ov_gasoline_co2 | C23: =SUMIF('Datadump - road fuels'!$AR$4:$AR$73,_xlfn.CONCAT($B23,"*"),'Datadump - road fuels'!$AQ$4:$AQ$73) -> 12611977 | G23: (2) | H23: total CO2 emissions per fuel type | I23: Value (tonne) | J23: Old value (2019) | K23: Comment | N23: lpg_mix_share_buses | O23: =I20/I26 -> 0.077177588
B24: tp_bus_ov_diesel_co2 | C24: =SUMIF('Datadump - road fuels'!$AR$4:$AR$73,_xlfn.CONCAT($B24,"*"),'Datadump - road fuels'!$AQ$4:$AQ$73) -> 203879210 | D24: 374289640 | H24: gasoline_co2_total | I24: =I8+I11+I14+I17+I18 -> 13263700 | J24: 13901308 | K24: assumed that all applications of a specific fuel use the same fuel mix, with the same energy content and emission factor | N24: lpg_mix_share_vans | O24: =I13/I26 -> 0.20305869 | P24: 0.14595434
B25: tp_bus_ov_lpg_co2 | C25: =SUMIF('Datadump - road fuels'!$AR$4:$AR$73,_xlfn.CONCAT($B25,"*"),'Datadump - road fuels'!$AQ$4:$AQ$73) -> 34305005 | H25: diesel_co2_total | I25: =I9+I12+I15+I19 -> 13049963 | J25: 18822862 | K25: assumed that all applications of a specific fuel use the same fuel mix, with the same energy content and emission factor | N25: lng_share_trucks | P25: 0
A26: Mobile machine sectors | B26: tp_mm_diesel_co2 | E26: No values in new dataset | H26: lpg_co2_total | I26: =I10+I13+I16+I20 -> 445021.59 | J26: 363674.7 | K26: assumed that all applications of a specific fuel use the same fuel mix, with the same energy content and emission factor | N26: lng_share_buses | P26: 1
N27: cng_share_cars | P27: 0
N28: cng_share_trucks | P28: 0
N29: cng_share_buses | P29: 1
N30: cng_share_vans | P30: 0
A33: Results | B33: Use in transport analysis | D33: Share (%) | E33: Old value (2019)
B34: Percentage of gasoline mix delivered to cars | C34: Share | D34: =O12 -> 0.97033632 | E34: 0.96255621
B35: Percentage of gasoline mix delivered to trucks | C35: Share | D35: =O13 -> 0.00030637605 | E35: 0
B36: Percentage of gasoline mix delivered to vans | C36: Share | D36: =O16 -> 0.0043249998 | E36: 0.0024406164
B37: Percentage of gasoline mix delivered to buses | C37: Share | D37: =O14 -> 0.00097654915 | E37: 0.00014845093
B38: Percentage of gasoline mix delivered to motorcycles | C38: Share | D38: =O15 -> 0.024055753 | E38: 0.034854722
B40: Percentage of diesel mix delivered to cars | C40: Share | D40: =O17 -> 0.19484285 | E40: 0.26059226
B41: Percentage of diesel mix delivered to trucks | C41: Share | D41: =O18 -> 0.4927414 | E41: 0.51736143
B42: Percentage of diesel mix delivered to vans | C42: Share | D42: =O19 -> 0.29209171 | E42: 0.19661166
B43: Percentage of diesel mix delivered to buses | C43: Share | D43: =O20 -> 0.020324036 | E43: 0.025434652
B45: Percentage of LPG delivered to cars | C45: Share | D45: =O21 -> 0.50356905 | E45: 0.85404566
B46: Percentage of LPG delivered to vans | C46: Share | D46: =O24 -> 0.20305869 | E46: 0.14595434
B47: Percentage of LPG delivered to trucks | C47: Share | D47: =O22 -> 0.21619468
B48: Percentage of LPG delivered to buses | C48: Share | D48: =O23 -> 0.077177588

Sheet Datadump - road E and H2
A1: Code | C1: 2023 | D1: Beschrijving | E1: variable for calculations
A2: wpelek | B2: Elektrische personenauto's (BEV), geregistreerd bij eigenaar | C2: 442409 | E2: tp_car_bev_nr
A3: wbelek | B3: Elektrische bussen, geregistreerd bij eigenaar | C3: 1554 | E3: tp_bus_bev_nr
A4: wb23whelek | B4: Elektrische twee- en driewielige voertuigen, geregistreerd bij eigenaar | C4: 149067 | D4: driewielig motorvoertuig + trike + light moped 25 + light moped 45 + speedpedelec + motorfiets | E4: tp_motorcycle_bev_nr
A5: wb4whelek | B5: Elektrische vierwielige light voertuigen (quadricycle en microcar), geregistreerd bij eigenaar | C5: 6753 | D5: Quadricycle + microcar | E5: tp_quadricycle_bev_nr
A6: wpphev | B6: Plug-in hybride personenauto's (PHEV), geregistreerd bij eigenaar | C6: 263387 | D6: was eerder 'rangeextend' | E6: tp_car_phev_nr
A7: wbzphev | B7: Plug-in hybride Zware bedrijfsauto (>= 3500 kg, PHEV), geregistreerd bij eigenaar | C7: 73 | E7: tp_truck_phev_nr
A8: wbusphev | B8: Plug-in hybride bussen (PHEV), geregistreerd bij eigenaar | C8: 97 | E8: tp_bus_phev_nr
A9: wpfcev | B9: Personenauto's op waterstof (FCEV), geregistreerd bij eigenaar | C9: 615 | E9: tp_car_fcev_nr
A10: wblfcev | B10: Lichte bedrijfsauto's op waterstof (<3500 kg, FCEV), geregistreerd bij eigenaar | C10: 13 | E10: tp_van_fcev_nr
A11: wbzfcev | B11: Zware bedrijfsauto's op waterstof (>= 3500 kg, FCEV), geregistreerd bij eigenaar | C11: 35 | E11: tp_truck_fcev_nr
A12: wbusfcev | B12: Bussen op waterstof (FCEV), geregistreerd bij eigenaar | C12: 64 | E12: tp_bus_fcev_nr
A13: wblelek | B13: Lichte elektrische bedrijfsauto's (< 3500 kg), geregistreerd bij eigenaar | C13: 23555 | E13: tp_van_bev_nr
A14: wbzelek | B14: Zware elektrische bedrijfsauto's (>= 3500 kg), geregistreerd bij eigenaar | C14: 1459 | E14: tp_truck_bev_nr
A15: wblphev | B15: Plug-in hybride lichte bedrijfsauto (<3500 kg, PHEV), geregistreerd bij eigenaar | C15: 155 | E15: tp_van_phev_nr
A16: wbfsped | B16: Speed pedelecs, geregistreerd bij eigenaar | C16: 34042 | E16: tp_pedelec_bev_nr
B19: Eenheid | C19: aantal
B20: Bron | C20: RVO - Monitoring elektrisch vervoer o.b.v. gegevens RDW
B22: klimaatmonitor.databank.nl

Sheet Datadump - road fuels
A1: Full dataset from emissieregistratie.nl is not available anymore. Emissieregistratie has been contacted and full dataset has been provided over email (Claudia). Units have not been provided, but seems like 'kg'.
A3: EMISSIEBRON | B3: TYPE_DATASET | C3: DATASET | D3: EMISSIEOORZAAK | E3: LOCATIE | F3: GEPRESENTEERDE_STOF | G3: COMPARTIMENT | H3: SOORTEN_EMISSIES | I3: EVE_NAAM | J3: 1990 | K3: 1991 | L3: 1992 | M3: 1993 | N3: 1994 | O3: 1995 | P3: 1996 | Q3: 1997 | R3: 1998 | S3: 1999 | T3: 2000 | U3: 2001 | V3: 2002 | W3: 2003 | X3: 2004 | Y3: 2005 | Z3: 2006 | AA3: 2007 | AB3: 2008 | AC3: 2009 | AD3: 2010 | AE3: 2011 | AF3: 2012 | AG3: 2013 | AH3: 2014 | AI3: 2015 | AJ3: 2016 | AK3: 2017 | AL3: 2018 | AM3: 2019 | AN3: 2020 | AO3: 2021 | AP3: 2022 | AQ3: 2023 | AR3: variable for calculation | AT3: comment
A4: Uitlaatgassen autobussen touringcars, bebouwde kom:diesel | B4: ER | C4: ER Reeks 1990-2023 Definitief (open) | D4: Uitlaatgassen autobussen touringcars | E4: bebouwde kom | F4: Koolstofdioxide | G4: Lucht | H4: Verbranding,Verbranding verkeer,Verbranding kort cyclisch,Proces,Proces feedstock,Proces biogeen | I4: diesel | J4: 26020500 | K4: 23940800 | L4: 23907700 | M4: 21092900 | N4: 20214200 | O4: 26236800 | P4: 25655000 | Q4: 23026100 | R4: 26022900 | S4: 28035500 | T4: 31683900 | U4: 33017900 | V4: 30152600 | W4: 27735500 | X4: 27593600 | Y4: 26354500 | Z4: 25572800 | AA4: 25299900 | AB4: 25112000 | AC4: 23851400 | AD4: 22789600 | AE4: 22294000 | AF4: 22743400 | AG4: 20826300 | AH4: 20787500 | AI4: 21274300 | AJ4: 21732200 | AK4: 23320800 | AL4: 24240400 | AM4: 22307000 | AN4: 8613640 | AO4: 9448210 | AP4: 13541400 | AQ4: 14867400 | AR4: tp_bus_tc_diesel_co2_built_env
A5: Uitlaatgassen zware bedrijfsvoertuigen excl. autobussen, buitenweg:Ureum | B5: ER | C5: ER Reeks 1990-2023 Definitief (open) | D5: Uitlaatgassen zware bedrijfsvoertuigen excl. autobussen | E5: buitenweg | F5: Koolstofdioxide | G5: Lucht | H5: Verbranding,Verbranding verkeer,Verbranding kort cyclisch,Proces,Proces feedstock,Proces biogeen | I5: Ureum | Y5: 627713 | Z5: 1285900 | AA5: 1977700 | AB5: 2700320 | AC5: 3315850 | AD5: 3716590 | AE5: 4116350 | AF5: 4454710 | AG5: 4496370 | AH5: 4731330 | AI5: 5166740 | AJ5: 5670290 | AK5: 5911920 | AL5: 6097680 | AM5: 6320530 | AN5: 6457160 | AO5: 6640590 | AP5: 6920410 | AQ5: 6810970
A6: Uitlaatgassen lichte bedrijfsvoertuigen, bebouwde kom:diesel | B6: ER | C6: ER Reeks 1990-2023 Definitief (open) | D6: Uitlaatgassen lichte bedrijfsvoertuigen | E6: bebouwde kom | F6: Koolstofdioxide | G6: Lucht | H6: Verbranding,Verbranding verkeer,Verbranding kort cyclisch,Proces,Proces feedstock,Proces biogeen | I6: diesel | J6: 883031000 | K6: 872876000 | L6: 918402000 | M6: 952115000 | N6: 914909000 | O6: 857742000 | P6: 822701000 | Q6: 805934000 | R6: 790248000 | S6: 763922000 | T6: 658337000 | U6: 723197000 | V6: 741851000 | W6: 767594000 | X6: 803210000 | Y6: 751676000 | Z6: 676046000 | AA6: 639009000 | AB6: 600069000 | AC6: 537002000 | AD6: 549677000 | AE6: 552517000 | AF6: 551403000 | AG6: 550646000 | AH6: 558897000 | AI6: 572314000 | AJ6: 593181000 | AK6: 612411000 | AL6: 644939000 | AM6: 660282000 | AN6: 640547000 | AO6: 667190000 | AP6: 676212000 | AQ6: 675986000 | AR6: tp_van_diesel_co2_built_env
A7: Uitlaatgassen lichte bedrijfsvoertuigen, autosnelweg:lpg | B7: ER | C7: ER Reeks 1990-2023 Definitief (open) | D7: Uitlaatgassen lichte bedrijfsvoertuigen | E7: autosnelweg | F7: Koolstofdioxide | G7: Lucht | H7: Verbranding,Verbranding verkeer,Verbranding kort cyclisch,Proces,Proces feedstock,Proces biogeen | I7: lpg | J7: 15200800 | K7: 17051400 | L7: 19747700 | M7: 22730300 | N7: 24507800 | O7: 25935700 | P7: 28113100 | Q7: 31144400 | R7: 34795300 | S7: 39048400 | T7: 39561800 | U7: 38884900 | V7: 35555400 | W7: 32319100 | X7: 30225100 | Y7: 27970900 | Z7: 26983000 | AA7: 27256600 | AB7: 28956800 | AC7: 30190400 | AD7: 30287200 | AE7: 30908800 | AF7: 30404500 | AG7: 31226400 | AH7: 31241700 | AI7: 31267800 | AJ7: 31914600 | AK7: 35160400 | AL7: 36749200 | AM7: 40458600 | AN7: 39825900 | AO7: 41306100 | AP7: 43264300 | AQ7: 46112500 | AR7: tp_van_lpg_co2_motorway
A8: Uitlaatgassen autobussen ov, autosnelweg:Ureum | B8: ER | C8: ER Reeks 1990-2023 Definitief (open) | D8: Uitlaatgassen autobussen ov | E8: autosnelweg | F8: Koolstofdioxide | G8: Lucht | H8: Verbranding,Verbranding verkeer,Verbranding kort cyclisch,Proces,Proces feedstock,Proces biogeen | I8: Ureum | Y8: 4841.54 | Z8: 9561.88 | AA8: 15155.8 | AB8: 20861 | AC8: 27421.5 | AD8: 28391.6 | AE8: 25985.3 | AF8: 25928.7 | AG8: 25562.6 | AH8: 24232.6 | AI8: 24186.1 | AJ8: 23058.5 | AK8: 23926 | AL8: 23700.8 | AM8: 22220.4 | AN8: 18720.1 | AO8: 15846.7 | AP8: 14393.3 | AQ8: 13283.5
A9: Uitlaatgassen lichte bedrijfsvoertuigen, buitenweg:benzine | B9: ER | C9: ER Reeks 1990-2023 Definitief (open) | D9: Uitlaatgassen lichte bedrijfsvoertuigen | E9: buitenweg | F9: Koolstofdioxide | G9: Lucht | H9: Verbranding,Verbranding verkeer,Verbranding kort cyclisch,Proces,Proces feedstock,Proces biogeen | I9: benzine | J9: 76311100 | K9: 72902900 | L9: 74117600 | M9: 75075300 | N9: 70661400 | O9: 65363300 | P9: 61751500 | Q9: 59610800 | R9: 57324200 | S9: 53984600 | T9: 45244700 | U9: 35939300 | V9: 31032300 | W9: 26976900 | X9: 27083700 | Y9: 22079400 | Z9: 18431500 | AA9: 16205700 | AB9: 14568800 | AC9: 14078200 | AD9: 12913700 | AE9: 11314400 | AF9: 9448570 | AG9: 9119440 | AH9: 8715720 | AI9: 8226230 | AJ9: 8372470 | AK9: 8841480 | AL9: 9383680 | AM9: 10165600 | AN9: 10395300 | AO9: 12709000 | AP9: 14532000 | AQ9: 17040000 | AR9: tp_van_gasoline_co2_road
A10: Uitlaatgassen motorfietsen, bebouwde kom:verkeersprestatie | B10: ER | C10: ER Reeks 1990-2023 Definitief (open) | D10: Uitlaatgassen motorfietsen | E10: bebouwde kom | F10: Koolstofdioxide | G10: Lucht | H10: Verbranding,Verbranding verkeer,Verbranding kort cyclisch,Proces,Proces feedstock,Proces biogeen | I10: verkeersprestatie | J10: 19101200 | K10: 22252500 | L10: 26669500 | M10: 30480000 | N10: 32815000 | O10: 34632900 | P10: 38464300 | Q10: 40096300 | R10: 41567900 | S10: 43390400 | T10: 45526000 | U10: 47526400 | V10: 50490600 | W10: 52173900 | X10: 53524700 | Y10: 54361400 | Z10: 54826600 | AA10: 55344200 | AB10: 56143700 | AC10: 56545200 | AD10: 56509700 | AE10: 55962300 | AF10: 55032100 | AG10: 53607800 | AH10: 52005600 | AI10: 50438500 | AJ10: 49964600 | AK10: 49839800 | AL10: 49789100 | AM10: 50353600 | AN10: 49967900 | AO10: 49717200 | AP10: 49306100 | AQ10: 48990600 | AR10: tp_motorcycle_co2_built_env
A11: Koelaggregaten zware bedrijfsvoertuigen excl. autobussen, buitenweg:diesel | B11: ER | C11: ER Reeks 1990-2023 Definitief (open) | D11: Koelaggregaten zware bedrijfsvoertuigen excl. autobussen | E11: buitenweg | F11: Koolstofdioxide | G11: Lucht | H11: Verbranding,Verbranding verkeer,Verbranding kort cyclisch,Proces,Proces feedstock,Proces biogeen | I11: diesel | J11: 35907100 | K11: 36958700 | L11: 37753100 | M11: 37495800 | N11: 37635700 | O11: 39224400 | P11: 40276000 | Q11: 40555900 | R11: 42144600 | S11: 43962600 | T11: 45205500 | U11: 45899200 | V11: 45999500 | W11: 45606400 | X11: 45580200 | Y11: 45579800 | Z11: 47500200 | AA11: 48285100 | AB11: 48948600 | AC11: 47319700 | AD11: 46686100 | AE11: 46276700 | AF11: 45563300 | AG11: 45860800 | AH11: 45790100 | AI11: 46465300 | AJ11: 47796500 | AK11: 49597300 | AL11: 51161800 | AM11: 53000500 | AN11: 53342200 | AO11: 54586700 | AP11: 56013700 | AQ11: 58131500
A12: Uitlaatgassen lichte bedrijfsvoertuigen, autosnelweg:Ureum | B12: ER | C12: ER Reeks 1990-2023 Definitief (open) | D12: Uitlaatgassen lichte bedrijfsvoertuigen | E12: autosnelweg | F12: Koolstofdioxide | G12: Lucht | H12: Verbranding,Verbranding verkeer,Verbranding kort cyclisch,Proces,Proces feedstock,Proces biogeen | I12: Ureum | Y12: 568.732 | Z12: 1118.19 | AA12: 1724.26 | AB12: 2365.07 | AC12: 2915.84 | AD12: 9815.6 | AE12: 14899.4 | AF12: 26057.2 | AG12: 34605.2 | AH12: 37708.6 | AI12: 46007.9 | AJ12: 56239.2 | AK12: 61421.3 | AL12: 47626.1 | AM12: 53939.1 | AN12: 125380 | AO12: 425935 | AP12: 1088190 | AQ12: 2048210
A13: Uitlaatgassen brommobielen, bebouwde kom:verkeersprestatie | B13: ER | C13: ER Reeks 1990-2023 Definitief (open) | D13: Uitlaatgassen brommobielen | E13: bebouwde kom | F13: Koolstofdioxide | G13: Lucht | H13: Verbranding,Verbranding verkeer,Verbranding kort cyclisch,Proces,Proces feedstock,Proces biogeen | I13: verkeersprestatie | O13: 35173.5 | P13: 75757.2 | Q13: 190121 | R13: 301021 | S13: 406136 | T13: 497394 | U13: 579701 | V13: 673778 | W13: 705864 | X13: 729020 | Y13: 744787 | Z13: 760445 | AA13: 764473 | AB13: 877904 | AC13: 955120 | AD13: 1148460 | AE13: 1139210 | AF13: 1108880 | AG13: 1059330 | AH13: 1034550 | AI13: 980983 | AJ13: 933396 | AK13: 910921 | AL13: 885435 | AM13: 857280 | AN13: 835579 | AO13: 841313 | AP13: 846858 | AQ13: 833179 | AR13: tp_quadricycle_co2_built_env
A14: Uitlaatgassen autobussen ov, autosnelweg:diesel | B14: ER | C14: ER Reeks 1990-2023 Definitief (open) | D14: Uitlaatgassen autobussen ov | E14: autosnelweg | F14: Koolstofdioxide | G14: Lucht | H14: Verbranding,Verbranding verkeer,Verbranding kort cyclisch,Proces,Proces feedstock,Proces biogeen | I14: diesel | J14: 8227690 | K14: 8442860 | L14: 8379230 | M14: 8622150 | N14: 8745960 | O14: 8496400 | P14: 8521620 | Q14: 8336750 | R14: 7978400 | S14: 7687820 | T14: 7398040 | U14: 7011600 | V14: 7408240 | W14: 7250290 | X14: 6949640 | Y14: 6529790 | Z14: 6393650 | AA14: 6699550 | AB14: 6865440 | AC14: 7157320 | AD14: 7143370 | AE14: 7081030 | AF14: 6673110 | AG14: 6576050 | AH14: 6157010 | AI14: 6081730 | AJ14: 5704360 | AK14: 6024180 | AL14: 5937090 | AM14: 5535670 | AN14: 4646330 | AO14: 3792830 | AP14: 3355080 | AQ14: 3114310 | AR14: tp_bus_ov_diesel_co2_motorway
A15: Uitlaatgassen autobussen ov, bebouwde kom:lpg | B15: ER | C15: ER Reeks 1990-2023 Definitief (open) | D15: Uitlaatgassen autobussen ov | E15: bebouwde kom | F15: Koolstofdioxide | G15: Lucht | H15: Verbranding,Verbranding verkeer,Verbranding kort cyclisch,Proces,Proces feedstock,Proces biogeen | I15: lpg | J15: 0 | K15: 0 | L15: 0 | M15: 0 | N15: 0 | O15: 0 | P15: 0 | Q15: 0 | R15: 0 | S15: 0 | T15: 0 | U15: 0 | V15: 52330.9 | W15: 0 | X15: 0 | Y15: 3623330 | Z15: 6861670 | AA15: 7122070 | AB15: 9967820 | AC15: 16501700 | AD15: 27959100 | AE15: 30749000 | AF15: 31106800 | AG15: 41218500 | AH15: 39099100 | AI15: 35356900 | AJ15: 34616300 | AK15: 34027400 | AL15: 33080700 | AM15: 32991800 | AN15: 26037000 | AO15: 28926700 | AP15: 27651300 | AQ15: 26168800 | AR15: tp_bus_ov_lpg_co2_built_env
A16: Uitlaatgassen personenauto's, bebouwde kom:Ureum | B16: ER | C16: ER Reeks 1990-2023 Definitief (open) | D16: Uitlaatgassen personenauto's | E16: bebouwde kom | F16: Koolstofdioxide | G16: Lucht | H16: Verbranding,Verbranding verkeer,Verbranding kort cyclisch,Proces,Proces feedstock,Proces biogeen | I16: Ureum | Y16: 0 | Z16: 0 | AA16: 0 | AB16: 0 | AC16: 0 | AD16: 0 | AE16: 0 | AF16: 0 | AG16: 0 | AH16: 0 | AI16: 0 | AJ16: 0 | AK16: 0 | AL16: 0 | AM16: 690.004 | AN16: 8933.19 | AO16: 32799.4 | AP16: 65182.4 | AQ16: 99724.5
A17: Uitlaatgassen lichte bedrijfsvoertuigen, bebouwde kom:benzine | B17: ER | C17: ER Reeks 1990-2023 Definitief (open) | D17: Uitlaatgassen lichte bedrijfsvoertuigen | E17: bebouwde kom | F17: Koolstofdioxide | G17: Lucht | H17: Verbranding,Verbranding verkeer,Verbranding kort cyclisch,Proces,Proces feedstock,Proces biogeen | I17: benzine | J17: 308846000 | K17: 276592000 | L17: 257586000 | M17: 241228000 | N17: 206745000 | O17: 172487000 | P17: 145170000 | Q17: 122909000 | R17: 101591000 | S17: 79913700 | T17: 53744400 | U17: 40842600 | V17: 35196100 | W17: 30685800 | X17: 30683400 | Y17: 23272700 | Z17: 18036000 | AA17: 14686100 | AB17: 12194100 | AC17: 10851300 | AD17: 10039300 | AE17: 8886970 | AF17: 7524940 | AG17: 7357190 | AH17: 7098710 | AI17: 6748630 | AJ17: 6874420 | AK17: 7224190 | AL17: 7620180 | AM17: 8327040 | AN17: 8645810 | AO17: 10797200 | AP17: 12697300 | AQ17: 15371300 | AR17: tp_van_gasoline_co2_built_env
A18: Uitlaatgassen zware bedrijfsvoertuigen excl. autobussen, bebouwde kom:Ureum | B18: ER | C18: ER Reeks 1990-2023 Definitief (open) | D18: Uitlaatgassen zware bedrijfsvoertuigen excl. autobussen | E18: bebouwde kom | F18: Koolstofdioxide | G18: Lucht | H18: Verbranding,Verbranding verkeer,Verbranding kort cyclisch,Proces,Proces feedstock,Proces biogeen | I18: Ureum | Y18: 496378 | Z18: 981847 | AA18: 1449880 | AB18: 1892830 | AC18: 2210980 | AD18: 2396290 | AE18: 2608660 | AF18: 2764810 | AG18: 2694700 | AH18: 2686330 | AI18: 2813230 | AJ18: 2984510 | AK18: 2990810 | AL18: 3883240 | AM18: 4019570 | AN18: 4087330 | AO18: 4213850 | AP18: 4371020 | AQ18: 4316620
A19: Uitlaatgassen personenauto's, buitenweg:Ureum | B19: ER | C19: ER Reeks 1990-2023 Definitief (open) | D19: Uitlaatgassen personenauto's | E19: buitenweg | F19: Koolstofdioxide | G19: Lucht | H19: Verbranding,Verbranding verkeer,Verbranding kort cyclisch,Proces,Proces feedstock,Proces biogeen | I19: Ureum | Y19: 0 | Z19: 0 | AA19: 0 | AB19: 0 | AC19: 0 | AD19: 0 | AE19: 0 | AF19: 0 | AG19: 0 | AH19: 0 | AI19: 0 | AJ19: 0 | AK19: 0 | AL19: 0 | AM19: 715.097 | AN19: 15468.3 | AO19: 61532.3 | AP19: 127761 | AQ19: 196766
A20: Uitlaatgassen autobussen touringcars, buitenweg:benzine | B20: ER | C20: ER Reeks 1990-2023 Definitief (open) | D20: Uitlaatgassen autobussen touringcars | E20: buitenweg | F20: Koolstofdioxide | G20: Lucht | H20: Verbranding,Verbranding verkeer,Verbranding kort cyclisch,Proces,Proces feedstock,Proces biogeen | I20: benzine | J20: 58645.4 | K20: 30866 | L20: 30866 | M20: 30866 | N20: 37039.2 | O20: 23149.5 | P20: 21606.2 | Q20: 20062.9 | R20: 19291.3 | S20: 24692.8 | T20: 22377.9 | U20: 24692.8 | V20: 95546.1 | W20: 108607 | X20: 103019 | Y20: 11667.2 | Z20: 3218.3 | AA20: 9840.3 | AB20: 12158.7 | AC20: 6999.59 | AD20: 4303.07 | AE20: 6167.95 | AF20: 2315.77 | AG20: 4567.02 | AH20: 2398.67 | AI20: 257.597 | AJ20: 444.802 | AK20: 312.083 | AL20: 830.385 | AM20: 692.782 | AN20: 4543.27 | AO20: 116169 | AP20: 129052 | AQ20: 136263 | AR20: tp_bus_tc_gasoline_co2_road
A21: Uitlaatgassen bromfietsen, buitenweg:verkeersprestatie | B21: ER | C21: ER Reeks 1990-2023 Definitief (open) | D21: Uitlaatgassen bromfietsen | E21: buitenweg | F21: Koolstofdioxide | G21: Lucht | H21: Verbranding,Verbranding verkeer,Verbranding kort cyclisch,Proces,Proces feedstock,Proces biogeen | I21: verkeersprestatie | J21: 36936300 | K21: 37234500 | L21: 37103600 | M21: 36411100 | N21: 35988500 | O21: 35462000 | P21: 35011400 | Q21: 35042500 | R21: 34826800 | S21: 33841500 | T21: 32107300 | U21: 30667400 | V21: 28982300 | W21: 26916300 | X21: 22959700 | Y21: 22713100 | Z21: 22867200 | AA21: 24347100 | AB21: 26472500 | AC21: 29198800 | AD21: 26870200 | AE21: 27037500 | AF21: 26563700 | AG21: 25720500 | AH21: 25428800 | AI21: 24770800 | AJ21: 24366600 | AK21: 24788200 | AL21: 24266300 | AM21: 23135800 | AN21: 22153600 | AO21: 21514300 | AP21: 19999600 | AQ21: 18151100 | AR21: tp_moped_co2_road
A22: Uitlaatgassen autobussen ov, bebouwde kom:diesel | B22: ER | C22: ER Reeks 1990-2023 Definitief (open) | D22: Uitlaatgassen autobussen ov | E22: bebouwde kom | F22: Koolstofdioxide | G22: Lucht | H22: Verbranding,Verbranding verkeer,Verbranding kort cyclisch,Proces,Proces feedstock,Proces biogeen | I22: diesel | J22: 368555000 | K22: 378194000 | L22: 375344000 | M22: 386225000 | N22: 391771000 | O22: 380592000 | P22: 381722000 | Q22: 373441000 | R22: 357389000 | S22: 344372000 | T22: 331392000 | U22: 314082000 | V22: 331849000 | W22: 324773000 | X22: 311306000 | Y22: 291171000 | Z22: 283808000 | AA22: 296041000 | AB22: 302000000 | AC22: 313418000 | AD22: 314293000 | AE22: 312275000 | AF22: 294865000 | AG22: 293257000 | AH22: 282277000 | AI22: 280420000 | AJ22: 268708000 | AK22: 288332000 | AL22: 285033000 | AM22: 268690000 | AN22: 230113000 | AO22: 190593000 | AP22: 169048000 | AQ22: 157601000 | AR22: tp_bus_ov_diesel_co2_built_env
A23: Uitlaatgassen lichte bedrijfsvoertuigen, buitenweg:Ureum | B23: ER | C23: ER Reeks 1990-2023 Definitief (open) | D23: Uitlaatgassen lichte bedrijfsvoertuigen | E23: buitenweg | F23: Koolstofdioxide | G23: Lucht | H23: Verbranding,Verbranding verkeer,Verbranding kort cyclisch,Proces,Proces feedstock,Proces biogeen | I23: Ureum | Y23: 198.679 | Z23: 386.436 | AA23: 589.85 | AB23: 800.861 | AC23: 977.591 | AD23: 3316.25 | AE23: 5185.34 | AF23: 9111.23 | AG23: 12329.7 | AH23: 13841.5 | AI23: 17030.3 | AJ23: 20879.8 | AK23: 23187.8 | AL23: 36463.1 | AM23: 40931.4 | AN23: 73897.5 | AO23: 213728 | AP23: 515574 | AQ23: 957206
A24: Uitlaatgassen zware bedrijfsvoertuigen excl. autobussen, autosnelweg:Ureum | B24: ER | C24: ER Reeks 1990-2023 Definitief (open) | D24: Uitlaatgassen zware bedrijfsvoertuigen excl. autobussen | E24: autosnelweg | F24: Koolstofdioxide | G24: Lucht | H24: Verbranding,Verbranding verkeer,Verbranding kort cyclisch,Proces,Proces feedstock,Proces biogeen | I24: Ureum | Y24: 1835250 | Z24: 3812380 | AA24: 5951830 | AB24: 8259750 | AC24: 10307300 | AD24: 11319400 | AE24: 12380100 | AF24: 13253600 | AG24: 13291900 | AH24: 13853100 | AI24: 15045300 | AJ24: 16412500 | AK24: 16956100 | AL24: 17731500 | AM24: 18369400 | AN24: 18775300 | AO24: 19313700 | AP24: 20126300 | AQ24: 19794300
A25: Uitlaatgassen personenauto's, bebouwde kom:benzine | B25: ER | C25: ER Reeks 1990-2023 Definitief (open) | D25: Uitlaatgassen personenauto's | E25: bebouwde kom | F25: Koolstofdioxide | G25: Lucht | H25: Verbranding,Verbranding verkeer,Verbranding kort cyclisch,Proces,Proces feedstock,Proces biogeen | I25: benzine | J25: 4305990000 | K25: 3731620000 | L25: 3947930000 | M25: 3826320000 | N25: 3946820000 | O25: 4237410000 | P25: 4169800000 | Q25: 4091040000 | R25: 3999070000 | S25: 3946820000 | T25: 3764690000 | U25: 3628490000 | V25: 3698670000 | W25: 3733090000 | X25: 3830820000 | Y25: 3658440000 | Z25: 3556500000 | AA25: 3507900000 | AB25: 3365770000 | AC25: 3318250000 | AD25: 3357600000 | AE25: 3365290000 | AF25: 3335050000 | AG25: 3335150000 | AH25: 3368540000 | AI25: 3383490000 | AJ25: 3469830000 | AK25: 3543120000 | AL25: 3665850000 | AM25: 3708650000 | AN25: 3243960000 | AO25: 3479890000 | AP25: 3685750000 | AQ25: 3885090000 | AR25: tp_car_gasoline_co2_built_env
A26: Uitlaatgassen lichte bedrijfsvoertuigen, buitenweg:diesel | B26: ER | C26: ER Reeks 1990-2023 Definitief (open) | D26: Uitlaatgassen lichte bedrijfsvoertuigen | E26: buitenweg | F26: Koolstofdioxide | G26: Lucht | H26: Verbranding,Verbranding verkeer,Verbranding kort cyclisch,Proces,Proces feedstock,Proces biogeen | I26: diesel | J26: 417205000 | K26: 439344000 | L26: 492858000 | M26: 552356000 | N26: 576942000 | O26: 593146000 | P26: 630460000 | Q26: 693540000 | R26: 776645000 | S26: 877014000 | T26: 910145000 | U26: 988912000 | V26: 1010680000 | W26: 1043060000 | X26: 1090240000 | Y26: 1075640000 | Z26: 1022880000 | AA26: 1025780000 | AB26: 1025720000 | AC26: 981402000 | AD26: 978954000 | AE26: 972566000 | AF26: 957473000 | AG26: 942644000 | AH26: 946812000 | AI26: 964243000 | AJ26: 1000590000 | AK26: 1032000000 | AL26: 1070730000 | AM26: 1096510000 | AN26: 1064660000 | AO26: 1109550000 | AP26: 1124890000 | AQ26: 1123920000 | AR26: tp_van_diesel_co2_road
A27: Koelaggregaten zware bedrijfsvoertuigen excl. autobussen, bebouwde kom:diesel | B27: ER | C27: ER Reeks 1990-2023 Definitief (open) | D27: Koelaggregaten zware bedrijfsvoertuigen excl. autobussen | E27: bebouwde kom | F27: Koolstofdioxide | G27: Lucht | H27: Verbranding,Verbranding verkeer,Verbranding kort cyclisch,Proces,Proces feedstock,Proces biogeen | I27: diesel | J27: 29321200 | K27: 29965900 | L27: 30342200 | M27: 30073800 | N27: 29993500 | O27: 30746000 | P27: 31390700 | Q27: 31230100 | R27: 31982700 | S27: 33019700 | T27: 33637800 | U27: 33863800 | V27: 33764700 | W27: 33241300 | X27: 32965100 | Y27: 32715700 | Z27: 33610700 | AA27: 33909200 | AB27: 34194200 | AC27: 33173500 | AD27: 32580200 | AE27: 32107800 | AF27: 31612200 | AG27: 31764300 | AH27: 31826300 | AI27: 32146100 | AJ27: 33082500 | AK27: 34207200 | AL27: 35273600 | AM27: 36516300 | AN27: 36640100 | AO27: 37457700 | AP27: 37947300 | AQ27: 39583600
A28: Uitlaatgassen lichte bedrijfsvoertuigen, buitenweg:lpg | B28: ER | C28: ER Reeks 1990-2023 Definitief (open) | D28: Uitlaatgassen lichte bedrijfsvoertuigen | E28: buitenweg | F28: Koolstofdioxide | G28: Lucht | H28: Verbranding,Verbranding verkeer,Verbranding kort cyclisch,Proces,Proces feedstock,Proces biogeen | I28: lpg | J28: 21404400 | K28: 20453900 | L28: 20835700 | M28: 21533100 | N28: 21054700 | O28: 20402400 | P28: 20420000 | Q28: 21035700 | R28: 22004000 | S28: 23232800 | T28: 22260100 | U28: 21900500 | V28: 20320200 | W28: 18716700 | X28: 17675800 | Y28: 16242400 | Z28: 15541100 | AA28: 15555600 | AB28: 16363100 | AC28: 16882500 | AD28: 16949100 | AE28: 17245400 | AF28: 16897900 | AG28: 17365800 | AH28: 17223600 | AI28: 17289600 | AJ28: 17593900 | AK28: 19158300 | AL28: 20586200 | AM28: 22666000 | AN28: 22298100 | AO28: 23053700 | AP28: 24120300 | AQ28: 25690400 | AR28: tp_van_lpg_co2_road
A29: Uitlaatgassen personenauto's, autosnelweg:Ureum | B29: ER | C29: ER Reeks 1990-2023 Definitief (open) | D29: Uitlaatgassen personenauto's | E29: autosnelweg | F29: Koolstofdioxide | G29: Lucht | H29: Verbranding,Verbranding verkeer,Verbranding kort cyclisch,Proces,Proces feedstock,Proces biogeen | I29: Ureum | Y29: 0 | Z29: 0 | AA29: 0 | AB29: 0 | AC29: 0 | AD29: 0 | AE29: 0 | AF29: 0 | AG29: 0 | AH29: 0 | AI29: 0 | AJ29: 0 | AK29: 0 | AL29: 0 | AM29: 943.74 | AN29: 26372.2 | AO29: 105330 | AP29: 224231 | AQ29: 345255
A30: Uitlaatgassen autobussen touringcars, buitenweg:lpg | B30: ER | C30: ER Reeks 1990-2023 Definitief (open) | D30: Uitlaatgassen autobussen touringcars | E30: buitenweg | F30: Koolstofdioxide | G30: Lucht | H30: Verbranding,Verbranding verkeer,Verbranding kort cyclisch,Proces,Proces feedstock,Proces biogeen | I30: lpg | J30: 0 | K30: 0 | L30: 0 | M30: 0 | N30: 0 | O30: 0 | P30: 0 | Q30: 0 | R30: 0 | S30: 0 | T30: 0 | U30: 0 | V30: 10735.8 | W30: 7040.07 | X30: 0 | Y30: 22207.7 | Z30: 19343.7 | AA30: 29354.6 | AB30: 20740.2 | AC30: 18953.8 | AD30: 38601.4 | AE30: 26370.2 | AF30: 33116.8 | AG30: 18683.1 | AH30: 19570 | AI30: 30166.7 | AJ30: 11636.9 | AK30: 40704.8 | AL30: 18751.3 | AM30: 27755.8 | AN30: 3614.28 | AO30: 9024.66 | AP30: 9776.25 | AQ30: 16173.3 | AR30: tp_bus_tc_lpg_co2_road
A31: Uitlaatgassen lichte bedrijfsvoertuigen, bebouwde kom:Ureum | B31: ER | C31: ER Reeks 1990-2023 Definitief (open) | D31: Uitlaatgassen lichte bedrijfsvoertuigen | E31: bebouwde kom | F31: Koolstofdioxide | G31: Lucht | H31: Verbranding,Verbranding verkeer,Verbranding kort cyclisch,Proces,Proces feedstock,Proces biogeen | I31: Ureum | Y31: 295.563 | Z31: 566.129 | AA31: 852.169 | AB31: 1140.14 | AC31: 1371.07 | AD31: 4581.04 | AE31: 6794.57 | AF31: 11844.4 | AG31: 15412.9 | AH31: 16287.8 | AI31: 19644.7 | AJ31: 23615.2 | AK31: 24603.7 | AL31: 19485.2 | AM31: 20974.6 | AN31: 33062.4 | AO31: 89671.4 | AP31: 212601 | AQ31: 401848
A32: Uitlaatgassen autobussen ov, buitenweg:benzine | B32: ER | C32: ER Reeks 1990-2023 Definitief (open) | D32: Uitlaatgassen autobussen ov | E32: buitenweg | F32: Koolstofdioxide | G32: Lucht | H32: Verbranding,Verbranding verkeer,Verbranding kort cyclisch,Proces,Proces feedstock,Proces biogeen | I32: benzine | J32: 239483 | K32: 1036350 | L32: 1029930 | M32: 1062050 | N32: 524632 | O32: 891142 | P32: 1220380 | Q32: 1404530 | R32: 1419850 | S32: 2908610 | T32: 2873730 | U32: 3232870 | V32: 2892950 | W32: 2510880 | X32: 2203230 | Y32: 537019 | Z32: 480744 | AA32: 452873 | AB32: 191717 | AC32: 163314 | AD32: 493655 | AE32: 560888 | AF32: 560984 | AG32: 385901 | AH32: 404746 | AI32: 523839 | AJ32: 242583 | AK32: 233278 | AL32: 386883 | AM32: 965024 | AN32: 2616030 | AO32: 2743540 | AP32: 2687230 | AQ32: 2595990 | AR32: tp_bus_ov_gasoline_co2_road
A33: Uitlaatgassen autobussen touringcars, autosnelweg:benzine | B33: ER | C33: ER Reeks 1990-2023 Definitief (open) | D33: Uitlaatgassen autobussen touringcars | E33: autosnelweg | F33: Koolstofdioxide | G33: Lucht | H33: Verbranding,Verbranding verkeer,Verbranding kort cyclisch,Proces,Proces feedstock,Proces biogeen | I33: benzine | J33: 56438.6 | K33: 29704.5 | L33: 29704.5 | M33: 29704.5 | N33: 35645.4 | O33: 22278.4 | P33: 20793.2 | Q33: 19307.9 | R33: 18565.3 | S33: 23763.6 | T33: 21535.8 | U33: 23763.6 | V33: 91950.7 | W33: 104520 | X33: 99141.9 | Y33: 11876.1 | Z33: 3456.97 | AA33: 11130.7 | AB33: 14454.9 | AC33: 8730.75 | AD33: 5367.32 | AE33: 7693.43 | AF33: 2888.51 | AG33: 5696.54 | AH33: 2991.92 | AI33: 321.307 | AJ33: 554.812 | AK33: 389.269 | AL33: 1035.77 | AM33: 864.132 | AN33: 4427.94 | AO33: 102636 | AP33: 113543 | AQ33: 120065 | AR33: tp_bus_tc_gasoline_co2_motorway
A34: Uitlaatgassen personenauto's, autosnelweg:diesel | B34: ER | C34: ER Reeks 1990-2023 Definitief (open) | D34: Uitlaatgassen personenauto's | E34: autosnelweg | F34: Koolstofdioxide | G34: Lucht | H34: Verbranding,Verbranding verkeer,Verbranding kort cyclisch,Proces,Proces feedstock,Proces biogeen | I34: diesel | J34: 1184930000 | K34: 1291190000 | L34: 1325010000 | M34: 1263680000 | N34: 1289580000 | O34: 1329040000 | P34: 1379670000 | Q34: 1524830000 | R34: 1727840000 | S34: 2032510000 | T34: 2189490000 | U34: 2387360000 | V34: 2527160000 | W34: 2660330000 | X34: 2797310000 | Y34: 2803630000 | Z34: 2862680000 | AA34: 2897560000 | AB34: 2829850000 | AC34: 2717220000 | AD34: 2631380000 | AE34: 2559030000 | AF34: 2555300000 | AG34: 2500120000 | AH34: 2445680000 | AI34: 2461350000 | AJ34: 2498910000 | AK34: 2449040000 | AL34: 2429830000 | AM34: 2263300000 | AN34: 1627250000 | AO34: 1524330000 | AP34: 1450410000 | AQ34: 1261150000 | AR34: tp_car_diesel_co2_motorway
A35: Uitlaatgassen autobussen ov, buitenweg:diesel | B35: ER | C35: ER Reeks 1990-2023 Definitief (open) | D35: Uitlaatgassen autobussen ov | E35: buitenweg | F35: Koolstofdioxide | G35: Lucht | H35: Verbranding,Verbranding verkeer,Verbranding kort cyclisch,Proces,Proces feedstock,Proces biogeen | I35: diesel | J35: 107402000 | K35: 110211000 | L35: 109380000 | M35: 112551000 | N35: 114167000 | O35: 110910000 | P35: 111239000 | Q35: 108826000 | R35: 104148000 | S35: 100355000 | T35: 96571900 | U35: 91527500 | V35: 96705000 | W35: 94643300 | X35: 90718600 | Y35: 84943700 | Z35: 82887300 | AA35: 86557200 | AB35: 88400500 | AC35: 91849300 | AD35: 92074400 | AE35: 91468200 | AF35: 86354800 | AG35: 85504100 | AH35: 81127100 | AI35: 80354300 | AJ35: 76161100 | AK35: 81062200 | AL35: 80098800 | AM35: 75072300 | AN35: 63703700 | AO35: 52389000 | AP35: 46402700 | AQ35: 43163900 | AR35: tp_bus_ov_diesel_co2_road
A36: Uitlaatgassen personenauto's, buitenweg:benzine | B36: ER | C36: ER Reeks 1990-2023 Definitief (open) | D36: Uitlaatgassen personenauto's | E36: buitenweg | F36: Koolstofdioxide | G36: Lucht | H36: Verbranding,Verbranding verkeer,Verbranding kort cyclisch,Proces,Proces feedstock,Proces biogeen | I36: benzine | J36: 2971830000 | K36: 3105710000 | L36: 3305460000 | M36: 3513670000 | N36: 3643420000 | O36: 3294160000 | P36: 3451150000 | Q36: 3492260000 | R36: 3522280000 | S36: 3588070000 | T36: 3544910000 | U36: 3410700000 | V36: 3469080000 | W36: 3492990000 | X36: 3583510000 | Y36: 3500770000 | Z36: 3480880000 | AA36: 3511290000 | AB36: 3445200000 | AC36: 3473070000 | AD36: 3489910000 | AE36: 3482090000 | AF36: 3437130000 | AG36: 3430480000 | AH36: 3453760000 | AI36: 3481170000 | AJ36: 3571450000 | AK36: 3637390000 | AL36: 3754170000 | AM36: 3790350000 | AN36: 3302640000 | AO36: 3541400000 | AP36: 3742970000 | AQ36: 3944180000 | AR36: tp_car_gasoline_co2_road
A37: Uitlaatgassen autobussen touringcars, bebouwde kom:Ureum | B37: ER | C37: ER Reeks 1990-2023 Definitief (open) | D37: Uitlaatgassen autobussen touringcars | E37: bebouwde kom | F37: Koolstofdioxide | G37: Lucht | H37: Verbranding,Verbranding verkeer,Verbranding kort cyclisch,Proces,Proces feedstock,Proces biogeen | I37: Ureum | Y37: 7053.36 | Z37: 13833.2 | AA37: 20748.1 | AB37: 27755.6 | AC37: 33313.1 | AD37: 44629.9 | AE37: 50093.1 | AF37: 56642.6 | AG37: 57789.8 | AH37: 63058.4 | AI37: 71329.9 | AJ37: 78178.4 | AK37: 88564.8 | AL37: 94791 | AM37: 92265.5 | AN37: 36875.8 | AO37: 41667.1 | AP37: 61275.9 | AQ37: 68964.2
A38: Uitlaatgassen lichte bedrijfsvoertuigen, bebouwde kom:lpg | B38: ER | C38: ER Reeks 1990-2023 Definitief (open) | D38: Uitlaatgassen lichte bedrijfsvoertuigen | E38: bebouwde kom | F38: Koolstofdioxide | G38: Lucht | H38: Verbranding,Verbranding verkeer,Verbranding kort cyclisch,Proces,Proces feedstock,Proces biogeen | I38: lpg | J38: 60593800 | K38: 54401400 | L38: 52212200 | M38: 49898600 | N38: 44670300 | O38: 39286000 | P38: 35316400 | Q38: 32250300 | R38: 29410100 | S38: 26465600 | T38: 20956100 | U38: 20785100 | V38: 19301800 | W38: 18008300 | X38: 17156300 | Y38: 14362200 | Z38: 12568800 | AA38: 11537600 | AB38: 11150600 | AC38: 10580400 | AD38: 10632200 | AE38: 10814500 | AF38: 10565800 | AG38: 10877600 | AH38: 10656900 | AI38: 10733500 | AJ38: 10877700 | AK38: 11660500 | AL38: 15028700 | AM38: 16551500 | AN38: 16253000 | AO38: 16715400 | AP38: 17453300 | AQ38: 18562600 | AR38: tp_van_lpg_co2_built_env
A39: Uitlaatgassen lichte bedrijfsvoertuigen, autosnelweg:benzine | B39: ER | C39: ER Reeks 1990-2023 Definitief (open) | D39: Uitlaatgassen lichte bedrijfsvoertuigen | E39: autosnelweg | F39: Koolstofdioxide | G39: Lucht | H39: Verbranding,Verbranding verkeer,Verbranding kort cyclisch,Proces,Proces feedstock,Proces biogeen | I39: benzine | J39: 66638400 | K39: 73438100 | L39: 83368200 | M39: 94104300 | N39: 97108400 | O39: 97405800 | P39: 98702800 | Q39: 101149000 | R39: 102061000 | S39: 99393800 | T39: 84328400 | U39: 61506800 | V39: 51480800 | W39: 44675800 | X39: 44555300 | Y39: 36451500 | Z39: 30522500 | AA39: 26910000 | AB39: 24251300 | AC39: 23485300 | AD39: 21385700 | AE39: 18567400 | AF39: 15318300 | AG39: 14617800 | AH39: 13846900 | AI39: 12989300 | AJ39: 13200000 | AK39: 13990000 | AL39: 14686800 | AM39: 15828500 | AN39: 16008500 | AO39: 19256300 | AP39: 21674700 | AQ39: 24954200 | AR39: tp_van_gasoline_co2_motorway
A40: Koelaggregaten zware bedrijfsvoertuigen excl. autobussen, autosnelweg:diesel | B40: ER | C40: ER Reeks 1990-2023 Definitief (open) | D40: Koelaggregaten zware bedrijfsvoertuigen excl. autobussen | E40: autosnelweg | F40: Koolstofdioxide | G40: Lucht | H40: Verbranding,Verbranding verkeer,Verbranding kort cyclisch,Proces,Proces feedstock,Proces biogeen | I40: diesel | J40: 97500900 | K40: 100773000 | L40: 103461000 | M40: 102876000 | N40: 103635000 | O40: 109010000 | P40: 112283000 | Q40: 113801000 | R40: 119176000 | S40: 124985000 | T40: 129133000 | U40: 131680000 | V40: 132305000 | W40: 131632000 | X40: 132057000 | Y40: 132541000 | Z40: 139067000 | AA40: 141866000 | AB40: 144168000 | AC40: 139142000 | AD40: 137569000 | AE40: 136727000 | AF40: 134620000 | AG40: 135605000 | AH40: 135180000 | AI40: 137464000 | AJ40: 141372000 | AK40: 146936000 | AL40: 151596000 | AM40: 157093000 | AN40: 158323000 | AO40: 162089000 | AP40: 167281000 | AQ40: 173213000
A41: Uitlaatgassen zware bedrijfsvoertuigen excl. autobussen, autosnelweg:benzine | B41: ER | C41: ER Reeks 1990-2023 Definitief (open) | D41: Uitlaatgassen zware bedrijfsvoertuigen excl. autobussen | E41: autosnelweg | F41: Koolstofdioxide | G41: Lucht | H41: Verbranding,Verbranding verkeer,Verbranding kort cyclisch,Proces,Proces feedstock,Proces biogeen | I41: benzine | J41: 6337980 | K41: 5370650 | L41: 4955850 | M41: 4865400 | N41: 4645870 | O41: 4182450 | P41: 3857350 | Q41: 3628220 | R41: 3305910 | S41: 3067840 | T41: 1921680 | U41: 1876320 | V41: 1707920 | W41: 1599570 | X41: 1530360 | Y41: 589863 | Z41: 734837 | AA41: 445768 | AB41: 513192 | AC41: 415299 | AD41: 486740 | AE41: 317808 | AF41: 317585 | AG41: 423132 | AH41: 557393 | AI41: 817417 | AJ41: 765416 | AK41: 606784 | AL41: 596750 | AM41: 540329 | AN41: 570224 | AO41: 729306 | AP41: 1008910 | AQ41: 2237310 | AR41: tp_truck_gasoline_co2_motorway
A42: Uitlaatgassen personenauto's, buitenweg:diesel | B42: ER | C42: ER Reeks 1990-2023 Definitief (open) | D42: Uitlaatgassen personenauto's | E42: buitenweg | F42: Koolstofdioxide | G42: Lucht | H42: Verbranding,Verbranding verkeer,Verbranding kort cyclisch,Proces,Proces feedstock,Proces biogeen | I42: diesel | J42: 978551000 | K42: 978489000 | L42: 1012600000 | M42: 1021970000 | N42: 1042810000 | O42: 962628000 | P42: 1006210000 | Q42: 1040060000 | R42: 1105260000 | S42: 1218360000 | T42: 1249510000 | U42: 1256740000 | V42: 1339600000 | W42: 1417850000 | X42: 1497710000 | Y42: 1550800000 | Z42: 1636540000 | AA42: 1712860000 | AB42: 1730840000 | AC42: 1720870000 | AD42: 1678380000 | AE42: 1632990000 | AF42: 1617340000 | AG42: 1582160000 | AH42: 1553460000 | AI42: 1565880000 | AJ42: 1582640000 | AK42: 1560520000 | AL42: 1494450000 | AM42: 1389380000 | AN42: 1004250000 | AO42: 941584000 | AP42: 895979000 | AQ42: 778994000 | AR42: tp_car_diesel_co2_road
A43: Uitlaatgassen autobussen touringcars, autosnelweg:lpg | B43: ER | C43: ER Reeks 1990-2023 Definitief (open) | D43: Uitlaatgassen autobussen touringcars | E43: autosnelweg | F43: Koolstofdioxide | G43: Lucht | H43: Verbranding,Verbranding verkeer,Verbranding kort cyclisch,Proces,Proces feedstock,Proces biogeen | I43: lpg | J43: 0 | K43: 0 | L43: 0 | M43: 0 | N43: 0 | O43: 0 | P43: 0 | Q43: 0 | R43: 0 | S43: 0 | T43: 0 | U43: 0 | V43: 10331.8 | W43: 6775.15 | X43: 0 | Y43: 21789.7 | Z43: 19353.1 | AA43: 29951.3 | AB43: 21584.7 | AC43: 20122.9 | AD43: 40982.5 | AE43: 27996.8 | AF43: 35158.1 | AG43: 19835.5 | AH43: 20777.2 | AI43: 32025.6 | AJ43: 12354.6 | AK43: 43212.9 | AL43: 19907.9 | AM43: 32017.8 | AN43: 4222.29 | AO43: 8675.25 | AP43: 9245.77 | AQ43: 15224.8 | AR43: tp_bus_tc_lpg_co2_motorway
A44: Uitlaatgassen autobussen touringcars, autosnelweg:diesel | B44: ER | C44: ER Reeks 1990-2023 Definitief (open) | D44: Uitlaatgassen autobussen touringcars | E44: autosnelweg | F44: Koolstofdioxide | G44: Lucht | H44: Verbranding,Verbranding verkeer,Verbranding kort cyclisch,Proces,Proces feedstock,Proces biogeen | I44: diesel | J44: 44495800 | K44: 40939500 | L44: 40882900 | M44: 36069500 | N44: 34566900 | O44: 44865700 | P44: 43870900 | Q44: 39375300 | R44: 44500000 | S44: 47941600 | T44: 54180300 | U44: 56461700 | V44: 51561900 | W44: 47428500 | X44: 47185900 | Y44: 45267500 | Z44: 44123200 | AA44: 43852800 | AB44: 43730000 | AC44: 41731400 | AD44: 39747100 | AE44: 38802800 | AF44: 39516400 | AG44: 36072900 | AH44: 35388500 | AI44: 35196000 | AJ44: 35150600 | AK44: 37024200 | AL44: 38097600 | AM44: 34526700 | AN44: 13217900 | AO44: 14398400 | AP44: 20259400 | AQ44: 21967700 | AR44: tp_bus_tc_diesel_co2_motorway
A45: Uitlaatgassen autobussen ov, buitenweg:lpg | B45: ER | C45: ER Reeks 1990-2023 Definitief (open) | D45: Uitlaatgassen autobussen ov | E45: buitenweg | F45: Koolstofdioxide | G45: Lucht | H45: Verbranding,Verbranding verkeer,Verbranding kort cyclisch,Proces,Proces feedstock,Proces biogeen | I45: lpg | J45: 0 | K45: 0 | L45: 0 | M45: 0 | N45: 0 | O45: 0 | P45: 0 | Q45: 0 | R45: 0 | S45: 0 | T45: 0 | U45: 0 | V45: 15249.9 | W45: 0 | X45: 0 | Y45: 1056910 | Z45: 2003300 | AA45: 2081000 | AB45: 2914660 | AC45: 4828490 | AD45: 8180990 | AE45: 8997360 | AF45: 9102050 | AG45: 12060800 | AH45: 11440600 | AI45: 10345600 | AJ45: 10129000 | AK45: 9955950 | AL45: 9668700 | AM45: 9538790 | AN45: 7515730 | AO45: 8360650 | AP45: 7994200 | AQ45: 7563440 | AR45: tp_bus_ov_lpg_co2_road
A46: Uitlaatgassen autobussen touringcars, bebouwde kom:lpg | B46: ER | C46: ER Reeks 1990-2023 Definitief (open) | D46: Uitlaatgassen autobussen touringcars | E46: bebouwde kom | F46: Koolstofdioxide | G46: Lucht | H46: Verbranding,Verbranding verkeer,Verbranding kort cyclisch,Proces,Proces feedstock,Proces biogeen | I46: lpg | J46: 0 | K46: 0 | L46: 0 | M46: 0 | N46: 0 | O46: 0 | P46: 0 | Q46: 0 | R46: 0 | S46: 0 | T46: 0 | U46: 0 | V46: 6041.9 | W46: 3962.01 | X46: 0 | Y46: 12491.4 | Z46: 10874.5 | AA46: 16493 | AB46: 11646.2 | AC46: 10636.7 | AD46: 21662.8 | AE46: 14798.7 | AF46: 18593.5 | AG46: 10484.8 | AH46: 10982.5 | AI46: 16941.2 | AJ46: 6530.63 | AK46: 22859.7 | AL46: 10523.1 | AM46: 15594.3 | AN46: 2031.02 | AO46: 5058.18 | AP46: 5585.54 | AQ46: 9289.86 | AR46: tp_bus_tc_lpg_co2_built_env
A47: Uitlaatgassen zware bedrijfsvoertuigen excl. autobussen, bebouwde kom:lpg | B47: ER | C47: ER Reeks 1990-2023 Definitief (open) | D47: Uitlaatgassen zware bedrijfsvoertuigen excl. autobussen | E47: bebouwde kom | F47: Koolstofdioxide | G47: Lucht | H47: Verbranding,Verbranding verkeer,Verbranding kort cyclisch,Proces,Proces feedstock,Proces biogeen | I47: lpg | J47: 44722.1 | K47: 37228.9 | L47: 36230 | M47: 35963.2 | N47: 37930.8 | O47: 41357.3 | P47: 54012.9 | Q47: 63186.7 | R47: 66231.5 | S47: 103925 | T47: 112869 | U47: 118249 | V47: 111267 | W47: 109175 | X47: 108879 | Y47: 168850 | Z47: 184715 | AA47: 162864 | AB47: 188061 | AC47: 346044 | AD47: 577058 | AE47: 1198360 | AF47: 1836910 | AG47: 3126130 | AH47: 4329740 | AI47: 4745360 | AJ47: 5695480 | AK47: 6427570 | AL47: 5152270 | AM47: 6411070 | AN47: 8185360 | AO47: 10703100 | AP47: 11034000 | AQ47: 10996700 | AR47: tp_truck_lpg_co2_built_env
A48: Uitlaatgassen autobussen ov, autosnelweg:benzine | B48: ER | C48: ER Reeks 1990-2023 Definitief (open) | D48: Uitlaatgassen autobussen ov | E48: autosnelweg | F48: Koolstofdioxide | G48: Lucht | H48: Verbranding,Verbranding verkeer,Verbranding kort cyclisch,Proces,Proces feedstock,Proces biogeen | I48: benzine | J48: 18346 | K48: 79391.5 | L48: 78899.4 | M48: 81359.9 | N48: 40190.2 | O48: 68267.3 | P48: 93488.8 | Q48: 107596 | R48: 108770 | S48: 222818 | T48: 220147 | U48: 247659 | V48: 221619 | W48: 192350 | X48: 168782 | Y48: 41458.4 | Z48: 37476.2 | AA48: 35750.4 | AB48: 15392.7 | AC48: 13430.6 | AD48: 62868.6 | AE48: 71275.3 | AF48: 71053.2 | AG48: 49312.5 | AH48: 51745.8 | AI48: 67168.6 | AJ48: 31248.3 | AK48: 27566.8 | AL48: 41704.9 | AM48: 79575.7 | AN48: 182486 | AO48: 191430 | AP48: 187463 | AQ48: 180977 | AR48: tp_bus_ov_gasoline_co2_motorway
A49: Uitlaatgassen zware bedrijfsvoertuigen excl. autobussen, autosnelweg:diesel | B49: ER | C49: ER Reeks 1990-2023 Definitief (open) | D49: Uitlaatgassen zware bedrijfsvoertuigen excl. autobussen | E49: autosnelweg | F49: Koolstofdioxide | G49: Lucht | H49: Verbranding,Verbranding verkeer,Verbranding kort cyclisch,Proces,Proces feedstock,Proces biogeen | I49: diesel | J49: 2240890000 | K49: 2416380000 | L49: 2625480000 | M49: 2685130000 | N49: 2732180000 | O49: 2897550000 | P49: 2942550000 | Q49: 3035050000 | R49: 3150090000 | S49: 3445400000 | T49: 3468930000 | U49: 3417060000 | V49: 3423210000 | W49: 3424650000 | X49: 3453080000 | Y49: 3421250000 | Z49: 3520110000 | AA49: 3646700000 | AB49: 3778620000 | AC49: 3775960000 | AD49: 3769030000 | AE49: 3747950000 | AF49: 3706420000 | AG49: 3501050000 | AH49: 3497530000 | AI49: 3656290000 | AJ49: 3874160000 | AK49: 3931200000 | AL49: 3967920000 | AM49: 3990020000 | AN49: 3977300000 | AO49: 4046190000 | AP49: 4182520000 | AQ49: 4073880000 | AR49: tp_truck_diesel_co2_motorway
A50: Uitlaatgassen autobussen ov, bebouwde kom:benzine | B50: ER | C50: ER Reeks 1990-2023 Definitief (open) | D50: Uitlaatgassen autobussen ov | E50: bebouwde kom | F50: Koolstofdioxide | G50: Lucht | H50: Verbranding,Verbranding verkeer,Verbranding kort cyclisch,Proces,Proces feedstock,Proces biogeen | I50: benzine | J50: 821800 | K50: 3556300 | L50: 3534260 | M50: 3644480 | N50: 1800300 | O50: 3058000 | P50: 4187790 | Q50: 4819710 | R50: 4872290 | S50: 9981040 | T50: 9861380 | U50: 11093800 | V50: 9927320 | W50: 8616230 | X50: 7560500 | Y50: 1842190 | Z50: 1648440 | AA50: 1552010 | AB50: 656521 | AC50: 558639 | AD50: 1669650 | AE50: 1893810 | AF50: 1891390 | AG50: 1299060 | AH50: 1362190 | AI50: 1759790 | AJ50: 816557 | AK50: 804431 | AL50: 1300870 | AM50: 3537090 | AN50: 9903770 | AO50: 10389200 | AP50: 10178400 | AQ50: 9835010 | AR50: tp_bus_ov_gasoline_co2_built_env
A51: Uitlaatgassen zware bedrijfsvoertuigen excl. autobussen, autosnelweg:lpg | B51: ER | C51: ER Reeks 1990-2023 Definitief (open) | D51: Uitlaatgassen zware bedrijfsvoertuigen excl. autobussen | E51: autosnelweg | F51: Koolstofdioxide | G51: Lucht | H51: Verbranding,Verbranding verkeer,Verbranding kort cyclisch,Proces,Proces feedstock,Proces biogeen | I51: lpg | J51: 87157.8 | K51: 78913.9 | L51: 77457.1 | M51: 78426.5 | N51: 78483 | O51: 88073.5 | P51: 118211 | Q51: 145966 | R51: 155579 | S51: 239514 | T51: 262464 | U51: 272702 | V51: 245462 | W51: 237333 | X51: 236990 | Y51: 369119 | Z51: 423065 | AA51: 416803 | AB51: 477772 | AC51: 975322 | AD51: 1300700 | AE51: 2428780 | AF51: 4648220 | AG51: 10328500 | AH51: 13978800 | AI51: 15099000 | AJ51: 19302600 | AK51: 21738300 | AL51: 25469200 | AM51: 34265500 | AN51: 46908900 | AO51: 63528400 | AP51: 65612100 | AQ51: 65579600 | AR51: tp_truck_lpg_co2_motorway
A52: Uitlaatgassen zware bedrijfsvoertuigen excl. autobussen, buitenweg:lpg | B52: ER | C52: ER Reeks 1990-2023 Definitief (open) | D52: Uitlaatgassen zware bedrijfsvoertuigen excl. autobussen | E52: buitenweg | F52: Koolstofdioxide | G52: Lucht | H52: Verbranding,Verbranding verkeer,Verbranding kort cyclisch,Proces,Proces feedstock,Proces biogeen | I52: lpg | J52: 43201.9 | K52: 35150 | L52: 34404.5 | M52: 33864.3 | N52: 36140.4 | O52: 38892.9 | P52: 49990.3 | Q52: 57677.5 | R52: 60090.5 | S52: 93524.4 | T52: 99985.2 | U52: 105147 | V52: 99005.8 | W52: 96557.7 | X52: 96031.5 | Y52: 145822 | Z52: 162153 | AA52: 154192 | AB52: 172122 | AC52: 338856 | AD52: 417311 | AE52: 686206 | AF52: 1203070 | AG52: 2522240 | AH52: 3605910 | AI52: 4171220 | AJ52: 5511270 | AK52: 6408410 | AL52: 7475210 | AM52: 10180700 | AN52: 14020600 | AO52: 18963800 | AP52: 19597000 | AQ52: 19635000 | AR52: tp_truck_lpg_co2_road
... A56: Uitlaatgassen zware bedrijfsvoertuigen excl. autobussen, buitenweg:benzine | B56: ER | C56: ER Reeks 1990-2023 Definitief (open) | D56: Uitlaatgassen zware bedrijfsvoertuigen excl. autobussen | E56: buitenweg | F56: Koolstofdioxide | G56: Lucht | H56: Verbranding,Verbranding verkeer,Verbranding kort cyclisch,Proces,Proces feedstock,Proces biogeen | I56: benzine | J56: 3506290 | K56: 2656430 | L56: 2388090 | M56: 2201190 | N56: 2107910 | O56: 1825650 | P56: 1605150 | Q56: 1441230 | R56: 1247410 | S56: 1122910 | T56: 734903 | U56: 717240 | V56: 676752 | W56: 644821 | X56: 620544 | Y56: 226989 | Z56: 266430 | AA56: 153072 | AB56: 167473 | AC56: 122803 | AD56: 149953 | AE56: 100096 | AF56: 102405 | AG56: 151591 | AH56: 210974 | AI56: 309372 | AJ56: 310082 | AK56: 248517 | AL56: 341185 | AM56: 299429 | AN56: 312336 | AO56: 398698 | AP56: 569899 | AQ56: 1234460 | AR56: tp_truck_gasoline_co2_road
A57: Uitlaatgassen autobussen ov, bebouwde kom:Ureum | B57: ER | C57: ER Reeks 1990-2023 Definitief (open) | D57: Uitlaatgassen autobussen ov | E57: bebouwde kom | F57: Koolstofdioxide | G57: Lucht | H57: Verbranding,Verbranding verkeer,Verbranding kort cyclisch,Proces,Proces feedstock,Proces biogeen | I57: Ureum | Y57: 214915 | Z57: 422739 | AA57: 667356 | AB57: 914882 | AC57: 1197800 | AD57: 1242070 | AE57: 1137180 | AF57: 1138160 | AG57: 1130580 | AH57: 1104300 | AI57: 1108490 | AJ57: 1086640 | AK57: 1143400 | AL57: 1135880 | AM57: 1077420 | AN57: 931769 | AO57: 801280 | AP57: 730345 | AQ57: 677477
A58: Uitlaatgassen motorfietsen, autosnelweg:verkeersprestatie | B58: ER | C58: ER Reeks 1990-2023 Definitief (open) | D58: Uitlaatgassen motorfietsen | E58: autosnelweg | F58: Koolstofdioxide | G58: Lucht | H58: Verbranding,Verbranding verkeer,Verbranding kort cyclisch,Proces,Proces feedstock,Proces biogeen | I58: verkeersprestatie | J58: 48734800 | K58: 56837100 | L58: 68194500 | M58: 78011900 | N58: 84044700 | O58: 88741900 | P58: 98593800 | Q58: 102809000 | R58: 106610000 | S58: 111795000 | T58: 118170000 | U58: 123949000 | V58: 132062000 | W58: 136713000 | X58: 140434000 | Y58: 142829000 | Z58: 143749000 | AA58: 143829000 | AB58: 144031000 | AC58: 143363000 | AD58: 141915000 | AE58: 138928000 | AF58: 135225000 | AG58: 130582000 | AH58: 125563000 | AI58: 120627000 | AJ58: 118235000 | AK58: 116973000 | AL58: 116428000 | AM58: 117117000 | AN58: 115621000 | AO58: 114356000 | AP58: 112950000 | AQ58: 111881000 | AR58: tp_motorcycle_co2_motorway
A59: Uitlaatgassen lichte bedrijfsvoertuigen, autosnelweg:diesel | B59: ER | C59: ER Reeks 1990-2023 Definitief (open) | D59: Uitlaatgassen lichte bedrijfsvoertuigen | E59: autosnelweg | F59: Koolstofdioxide | G59: Lucht | H59: Verbranding,Verbranding verkeer,Verbranding kort cyclisch,Proces,Proces feedstock,Proces biogeen | I59: diesel | J59: 345983000 | K59: 419318000 | L59: 533408000 | M59: 666019000 | N59: 767022000 | O59: 861063000 | P59: 991509000 | Q59: 1173640000 | R59: 1406080000 | S59: 1690170000 | T59: 1858400000 | U59: 2023290000 | V59: 2068090000 | W59: 2132750000 | X59: 2229060000 | Y59: 2177320000 | Z59: 2047190000 | AA59: 2027220000 | AB59: 1998600000 | AC59: 1882130000 | AD59: 1849190000 | AE59: 1824210000 | AF59: 1781980000 | AG59: 1739130000 | AH59: 1734520000 | AI59: 1760780000 | AJ59: 1829500000 | AK59: 1885280000 | AL59: 1916830000 | AM59: 1963150000 | AN59: 1906830000 | AO59: 1987200000 | AP59: 2014510000 | AQ59: 2011880000 | AR59: tp_van_diesel_co2_motorway
A60: Uitlaatgassen zware bedrijfsvoertuigen excl. autobussen, buitenweg:diesel | B60: ER | C60: ER Reeks 1990-2023 Definitief (open) | D60: Uitlaatgassen zware bedrijfsvoertuigen excl. autobussen | E60: buitenweg | F60: Koolstofdioxide | G60: Lucht | H60: Verbranding,Verbranding verkeer,Verbranding kort cyclisch,Proces,Proces feedstock,Proces biogeen | I60: diesel | J60: 1544600000 | K60: 1569640000 | L60: 1593510000 | M60: 1518960000 | N60: 1462070000 | O60: 1457820000 | P60: 1382420000 | Q60: 1341410000 | R60: 1302520000 | S60: 1338170000 | T60: 1261710000 | U60: 1221610000 | V60: 1211590000 | W60: 1202630000 | X60: 1205520000 | Y60: 1194220000 | Z60: 1224680000 | AA60: 1261710000 | AB60: 1295730000 | AC60: 1282530000 | AD60: 1297490000 | AE60: 1302530000 | AF60: 1298710000 | AG60: 1232950000 | AH60: 1241320000 | AI60: 1301320000 | AJ60: 1382470000 | AK60: 1411980000 | AL60: 1430980000 | AM60: 1439360000 | AN60: 1433550000 | AO60: 1456300000 | AP60: 1502460000 | AQ60: 1464370000 | AR60: tp_truck_diesel_co2_road
A61: Uitlaatgassen personenauto's, autosnelweg:lpg | B61: ER | C61: ER Reeks 1990-2023 Definitief (open) | D61: Uitlaatgassen personenauto's | E61: autosnelweg | F61: Koolstofdioxide | G61: Lucht | H61: Verbranding,Verbranding verkeer,Verbranding kort cyclisch,Proces,Proces feedstock,Proces biogeen | I61: lpg | J61: 869656000 | K61: 927732000 | L61: 913024000 | M61: 830855000 | N61: 794450000 | O61: 742920000 | P61: 738183000 | Q61: 746229000 | R61: 731744000 | S61: 696248000 | T61: 708232000 | U61: 697960000 | V61: 645372000 | W61: 576395000 | X61: 513782000 | Y61: 423689000 | Z61: 390557000 | AA61: 357390000 | AB61: 336234000 | AC61: 310938000 | AD61: 284694000 | AE61: 258795000 | AF61: 242879000 | AG61: 228896000 | AH61: 210178000 | AI61: 195628000 | AJ61: 180613000 | AK61: 165777000 | AL61: 155478000 | AM61: 139587000 | AN61: 104550000 | AO61: 103499000 | AP61: 101717000 | AQ61: 98796400 | AR61: tp_car_lpg_co2_motorway
A62: Uitlaatgassen brommobielen, buitenweg:verkeersprestatie | B62: ER | C62: ER Reeks 1990-2023 Definitief (open) | D62: Uitlaatgassen brommobielen | E62: buitenweg | F62: Koolstofdioxide | G62: Lucht | H62: Verbranding,Verbranding verkeer,Verbranding kort cyclisch,Proces,Proces feedstock,Proces biogeen | I62: verkeersprestatie | O62: 31578.2 | P62: 68013.6 | Q62: 170687 | R62: 270251 | S62: 364623 | T62: 446553 | U62: 520446 | V62: 604907 | W62: 633713 | X62: 654503 | Y62: 668658 | Z62: 682716 | AA62: 686332 | AB62: 788168 | AC62: 857491 | AD62: 1031070 | AE62: 1022760 | AF62: 995532 | AG62: 951046 | AH62: 928805 | AI62: 880711 | AJ62: 837988 | AK62: 817811 | AL62: 794930 | AM62: 769653 | AN62: 750169 | AO62: 755318 | AP62: 760296 | AQ62: 748015 | AR62: tp_quadricycle_co2_road
A63: Uitlaatgassen bromfietsen, bebouwde kom:verkeersprestatie | B63: ER | C63: ER Reeks 1990-2023 Definitief (open) | D63: Uitlaatgassen bromfietsen | E63: bebouwde kom | F63: Koolstofdioxide | G63: Lucht | H63: Verbranding,Verbranding verkeer,Verbranding kort cyclisch,Proces,Proces feedstock,Proces biogeen | I63: verkeersprestatie | J63: 82259700 | K63: 82923900 | L63: 82632300 | M63: 81090100 | N63: 80149100 | O63: 78976400 | P63: 77972800 | Q63: 78042100 | R63: 77561700 | S63: 75383900 | T63: 71550800 | U63: 68365800 | V63: 64723600 | W63: 60296600 | X63: 51573600 | Y63: 51153900 | Z63: 51654400 | AA63: 55197100 | AB63: 60263400 | AC63: 66616600 | AD63: 61336500 | AE63: 61709800 | AF63: 60621100 | AG63: 58690300 | AH63: 58016100 | AI63: 56507900 | AJ63: 55577800 | AK63: 56522300 | AL63: 55333000 | AM63: 52832000 | AN63: 50769900 | AO63: 49433600 | AP63: 46040700 | AQ63: 41805500 | AR63: tp_moped_co2_built_env
A64: Uitlaatgassen autobussen touringcars, buitenweg:diesel | B64: ER | C64: ER Reeks 1990-2023 Definitief (open) | D64: Uitlaatgassen autobussen touringcars | E64: buitenweg | F64: Koolstofdioxide | G64: Lucht | H64: Verbranding,Verbranding verkeer,Verbranding kort cyclisch,Proces,Proces feedstock,Proces biogeen | I64: diesel | J64: 46235700 | K64: 42540300 | L64: 42481500 | M64: 37479900 | N64: 35918500 | O64: 46620000 | P64: 45586300 | Q64: 40915000 | R64: 46240000 | S64: 49816200 | T64: 56298900 | U64: 58669400 | V64: 53578000 | W64: 49283000 | X64: 49031000 | Y64: 46924400 | Z64: 45626800 | AA64: 45235300 | AB64: 44996000 | AC64: 42831100 | AD64: 40883600 | AE64: 39967000 | AF64: 40748700 | AG64: 37265400 | AH64: 36857000 | AI64: 37154900 | AJ64: 37509400 | AK64: 39846500 | AL64: 41265100 | AM64: 37675400 | AN64: 14483900 | AO64: 15820700 | AP64: 22466300 | AQ64: 24513600 | AR64: tp_bus_tc_diesel_co2_road
A65: Uitlaatgassen personenauto's, bebouwde kom:lpg | B65: ER | C65: ER Reeks 1990-2023 Definitief (open) | D65: Uitlaatgassen personenauto's | E65: bebouwde kom | F65: Koolstofdioxide | G65: Lucht | H65: Verbranding,Verbranding verkeer,Verbranding kort cyclisch,Proces,Proces feedstock,Proces biogeen | I65: lpg | J65: 671173000 | K65: 530590000 | L65: 513832000 | M65: 447963000 | N65: 421149000 | O65: 414831000 | P65: 389444000 | Q65: 364773000 | R65: 332650000 | S65: 299286000 | T65: 291206000 | U65: 258219000 | V65: 237618000 | W65: 214562000 | X65: 194920000 | Y65: 168314000 | Z65: 162535000 | AA65: 155886000 | AB65: 153797000 | AC65: 149239000 | AD65: 137983000 | AE65: 127267000 | AF65: 120218000 | AG65: 113074000 | AH65: 105885000 | AI65: 98484700 | AJ65: 91807400 | AK65: 85169900 | AL65: 73110000 | AM65: 65709200 | AN65: 49377300 | AO65: 48769400 | AP65: 47929800 | AQ65: 46671800 | AR65: tp_car_lpg_co2_built_env
A66: Uitlaatgassen motorfietsen, buitenweg:verkeersprestatie | B66: ER | C66: ER Reeks 1990-2023 Definitief (open) | D66: Uitlaatgassen motorfietsen | E66: buitenweg | F66: Koolstofdioxide | G66: Lucht | H66: Verbranding,Verbranding verkeer,Verbranding kort cyclisch,Proces,Proces feedstock,Proces biogeen | I66: verkeersprestatie | J66: 38988400 | K66: 45414400 | L66: 54407500 | M66: 62137100 | N66: 66847000 | O66: 70490300 | P66: 78210800 | Q66: 81480400 | R66: 84451500 | S66: 88186500 | T66: 92583400 | U66: 96607700 | V66: 102517000 | W66: 105871000 | X66: 108610000 | Y66: 110331000 | Z66: 111221000 | AA66: 112264000 | AB66: 113991000 | AC66: 114878000 | AD66: 114900000 | AE66: 113739000 | AF66: 111874000 | AG66: 109045000 | AH66: 105838000 | AI66: 102722000 | AJ66: 101781000 | AK66: 101336000 | AL66: 100600000 | AM66: 101272000 | AN66: 100008000 | AO66: 98905700 | AP66: 97721700 | AQ66: 96658900 | AR66: tp_motorcycle_co2_road
A67: Uitlaatgassen autobussen touringcars, autosnelweg:Ureum | B67: ER | C67: ER Reeks 1990-2023 Definitief (open) | D67: Uitlaatgassen autobussen touringcars | E67: autosnelweg | F67: Koolstofdioxide | G67: Lucht | H67: Verbranding,Verbranding verkeer,Verbranding kort cyclisch,Proces,Proces feedstock,Proces biogeen | I67: Ureum | Y67: 12079.5 | Z67: 23699.2 | AA67: 35558.8 | AB67: 47586 | AC67: 57135 | AD67: 76544.4 | AE67: 85914.2 | AF67: 97147.2 | AG67: 98868.2 | AH67: 105060 | AI67: 114365 | AJ67: 122145 | AK67: 135815 | AL67: 144007 | AM67: 138705 | AN67: 55207.8 | AO67: 62097.4 | AP67: 89939.8 | AQ67: 100334
A68: Uitlaatgassen zware bedrijfsvoertuigen excl. autobussen, bebouwde kom:diesel | B68: ER | C68: ER Reeks 1990-2023 Definitief (open) | D68: Uitlaatgassen zware bedrijfsvoertuigen excl. autobussen | E68: bebouwde kom | F68: Koolstofdioxide | G68: Lucht | H68: Verbranding,Verbranding verkeer,Verbranding kort cyclisch,Proces,Proces feedstock,Proces biogeen | I68: diesel | J68: 1484300000 | K68: 1501590000 | L68: 1516780000 | M68: 1434990000 | N68: 1370930000 | O68: 1352090000 | P68: 1262710000 | Q68: 1206570000 | R68: 1144330000 | S68: 1145610000 | T68: 1040570000 | U68: 976420000 | V68: 949091000 | W68: 927292000 | X68: 918650000 | Y68: 941003000 | Z68: 989094000 | AA68: 1036890000 | AB68: 1072440000 | AC68: 1067080000 | AD68: 1037470000 | AE68: 1017430000 | AF68: 980386000 | AG68: 901999000 | AH68: 864566000 | AI68: 872802000 | AJ68: 906963000 | AK68: 906776000 | AL68: 879990000 | AM68: 881713000 | AN68: 872150000 | AO68: 887052000 | AP68: 911874000 | AQ68: 892007000 | AR68: tp_truck_diesel_co2_built_env
A69: Uitlaatgassen autobussen ov, autosnelweg:lpg | B69: ER | C69: ER Reeks 1990-2023 Definitief (open) | D69: Uitlaatgassen autobussen ov | E69: autosnelweg | F69: Koolstofdioxide | G69: Lucht | H69: Verbranding,Verbranding verkeer,Verbranding kort cyclisch,Proces,Proces feedstock,Proces biogeen | I69: lpg | J69: 0 | K69: 0 | L69: 0 | M69: 0 | N69: 0 | O69: 0 | P69: 0 | Q69: 0 | R69: 0 | S69: 0 | T69: 0 | U69: 0 | V69: 1168.24 | W69: 0 | X69: 0 | Y69: 80944.7 | Z69: 153387 | AA69: 159301 | AB69: 223072 | AC69: 369476 | AD69: 626009 | AE69: 688478 | AF69: 696488 | AG69: 922891 | AH69: 875438 | AI69: 791648 | AJ69: 775067 | AK69: 761786 | AL69: 739152 | AM69: 722570 | AN69: 568531 | AO69: 633144 | AP69: 605534 | AQ69: 572765 | AR69: tp_bus_ov_lpg_co2_motorway
A70: Uitlaatgassen autobussen ov, buitenweg:Ureum | B70: ER | C70: ER Reeks 1990-2023 Definitief (open) | D70: Uitlaatgassen autobussen ov | E70: buitenweg | F70: Koolstofdioxide | G70: Lucht | H70: Verbranding,Verbranding verkeer,Verbranding kort cyclisch,Proces,Proces feedstock,Proces biogeen | I70: Ureum | Y70: 62893.4 | Z70: 123721 | AA70: 195326 | AB70: 267793 | AC70: 350633 | AD70: 363591 | AE70: 332894 | AF70: 333165 | AG70: 330096 | AH70: 317427 | AI70: 317492 | AJ70: 307298 | AK70: 321173 | AL70: 318988 | AM70: 300737 | AN70: 257259 | AO70: 219547 | AP70: 199751 | AQ70: 184808
A71: Uitlaatgassen personenauto's, buitenweg:lpg | B71: ER | C71: ER Reeks 1990-2023 Definitief (open) | D71: Uitlaatgassen personenauto's | E71: buitenweg | F71: Koolstofdioxide | G71: Lucht | H71: Verbranding,Verbranding verkeer,Verbranding kort cyclisch,Proces,Proces feedstock,Proces biogeen | I71: lpg | J71: 794744000 | K71: 759813000 | L71: 742368000 | M71: 711126000 | N71: 674917000 | O71: 562993000 | P71: 564543000 | Q71: 545090000 | R71: 512102000 | S71: 473026000 | T71: 468595000 | U71: 414173000 | V71: 380674000 | W71: 341623000 | X71: 307849000 | Y71: 268102000 | Z71: 261051000 | AA71: 252407000 | AB71: 251001000 | AC71: 245457000 | AD71: 225449000 | AE71: 205522000 | AF71: 193268000 | AG71: 182002000 | AH71: 167239000 | AI71: 155431000 | AJ71: 143792000 | AK71: 132046000 | AL71: 123598000 | AM71: 111006000 | AN71: 83267300 | AO71: 82324200 | AP71: 80896200 | AQ71: 78630900 | AR71: tp_car_lpg_co2_road
A72: Uitlaatgassen personenauto's, bebouwde kom:diesel | B72: ER | C72: ER Reeks 1990-2023 Definitief (open) | D72: Uitlaatgassen personenauto's | E72: bebouwde kom | F72: Koolstofdioxide | G72: Lucht | H72: Verbranding,Verbranding verkeer,Verbranding kort cyclisch,Proces,Proces feedstock,Proces biogeen | I72: diesel | J72: 782947000 | K72: 650462000 | L72: 669125000 | M72: 616678000 | N72: 627958000 | O72: 688462000 | P72: 676836000 | Q72: 676218000 | R72: 692943000 | S72: 734420000 | T72: 727227000 | U72: 728268000 | V72: 772935000 | W72: 815509000 | X72: 859001000 | Y72: 899689000 | Z72: 961110000 | AA72: 1019090000 | AB72: 1044060000 | AC72: 1053220000 | AD72: 1047430000 | AE72: 1028720000 | AF72: 1013020000 | AG72: 988494000 | AH72: 975835000 | AI72: 989207000 | AJ72: 996306000 | AK72: 992819000 | AL72: 952322000 | AM72: 882182000 | AN72: 643159000 | AO72: 605830000 | AP72: 577801000 | AQ72: 502548000 | AR72: tp_car_diesel_co2_built_env
A73: Uitlaatgassen autobussen touringcars, buitenweg:Ureum | B73: ER | C73: ER Reeks 1990-2023 Definitief (open) | D73: Uitlaatgassen autobussen touringcars | E73: buitenweg | F73: Koolstofdioxide | G73: Lucht | H73: Verbranding,Verbranding verkeer,Verbranding kort cyclisch,Proces,Proces feedstock,Proces biogeen | I73: Ureum | Y73: 12587.4 | Z73: 24685.1 | AA73: 37022.4 | AB73: 49523.6 | AC73: 59436.2 | AD73: 79627.4 | AE73: 89374.5 | AF73: 101060 | AG73: 102967 | AH73: 110755 | AI73: 122745 | AJ73: 132717 | AK73: 148800 | AL73: 158622 | AM73: 153575 | AN73: 61271 | AO73: 69032.3 | AP73: 100736 | AQ73: 112871
I74: check SUM | J74: =SUM(J4:J73) -> 2.3985847e+10 | K74: =SUM(K4:K73) -> 2.4171172e+10 | L74: =SUM(L4:L73) -> 2.5335501e+10 | M74: =SUM(M4:M73) -> 2.5304519e+10 | N74: =SUM(N4:N73) -> 2.5637318e+10 | O74: =SUM(O4:O73) -> 2.5625244e+10 | P74: =SUM(P4:P73) -> 2.5884572e+10 | Q74: =SUM(Q4:Q73) -> 26414455036 | ... AQ74: =SUM(AQ4:AQ73) -> 2.7065741e+10
I75: emissieregistratie | J75: 2.3985854e+10 | O75: 2.5625225e+10 | T75: 2.8404792e+10 | Y75: 2.9266092e+10 | AD75: 2.8199101e+10 | AI75: 2.7240944e+10 | AM75: 2.8541849e+10 | AN75: 2.538125e+10 | AO75: 2.6205187e+10 | AP75: 2.6966561e+10 | AQ75: 2.7065743e+10
I76: ratio | J76: =J74/J75 -> 0.99999973 | O76: =O74/O75 -> 1.0000008 | T76: =T74/T75 -> 1.0000003 | Y76: =Y74/Y75 -> 0.99999988 | AD76: =AD74/AD75 -> 0.99999945 | AI76: =AI74/AI75 -> 0.99999999 | AM76: =AM74/AM75 -> 0.9999998 | AN76: =AN74/AN75 -> 1.0000003 | AO76: =AO74/AO75 -> 0.99999988 | AP76: =AP74/AP75 -> 0.9999997 | AQ76: =AQ74/AQ75 -> 0.99999993
