Workbook

Sheet Curve irriadiation 2023
A1: ='Dump 2023'!E2 -> 0
A2: ='Dump 2023'!E3 -> 0
A3: ='Dump 2023'!E4 -> 0
A4: ='Dump 2023'!E5 -> 0
A5: ='Dump 2023'!E6 -> 0
A6: ='Dump 2023'!E7 -> 0
A7: ='Dump 2023'!E8 -> 0
A8: ='Dump 2023'!E9 -> 1
A9: ='Dump 2023'!E10 -> 8
A10: ='Dump 2023'!E11 -> 34
A11: ='Dump 2023'!E12 -> 46
A12: ='Dump 2023'!E13 -> 35
... A8760: ='Dump 2023'!E8761 -> 0

Sheet Comparison
A1: 2023 | B1: Scenario-tools curve
A2: 0 | B2: 0
A3: 0 | B3: 0
A4: 0 | B4: 0
A5: 0 | B5: 0
A6: 0 | B6: 0
A7: 0 | B7: 0
A8: 0 | B8: 0
A9: 1 | B9: 0
A10: 8 | B10: 0.090000004
A11: 34 | B11: 7.7512503
A12: 46 | B12: 22.657501
A13: 35 | B13: 40.826252
... A8761: 0 | B8761: 0

Sheet Dump 2023
A1: STN | B1: YYYYMMDD | C1: HH | D1: SQ | E1: Q
A2: 260 | B2: 20230101 | C2: 1 | D2: 0 | E2: 0 | G2: Output of script | H2: https://github.com/quintel/etdataset/blob/master/curves/supply/solar/script/weather_years/process_irradiation_data.py
A3: 260 | B3: 20230101 | C3: 2 | D3: 0 | E3: 0 | G3: Irradiation from station De Bilt (STN 260)
A4: 260 | B4: 20230101 | C4: 3 | D4: 0 | E4: 0
A5: 260 | B5: 20230101 | C5: 4 | D5: 0 | E5: 0 | G5: Total solar irradiation | H5: =SUM(E:E) -> 394488 | I5: J/cm2
A6: 260 | B6: 20230101 | C6: 5 | D6: 0 | E6: 0
A7: 260 | B7: 20230101 | C7: 6 | D7: 0 | E7: 0
A8: 260 | B8: 20230101 | C8: 7 | D8: 0 | E8: 0 | G8: HH = tijd (HH=uur, UT.12 UT=13 MET, 14 MEZT. Uurvak 05 loopt van 04.00 UT tot 5.00 UT / time (HH uur/hour, UT. 12 UT=13 MET, 14 MEZT. Hourly division 05 runs from 04.00 UT to 5.00 UT
A9: 260 | B9: 20230101 | C9: 8 | D9: 0 | E9: 1 | G9: SQ = Duur van de zonneschijn (in 0.1 uren) per uurvak, berekend uit globale straling (-1 for <0.05 uur) / Sunshine duration (in 0.1 hour) during the hourly division, calculated from global radiation (-1 for <0.05 hour)
A10: 260 | B10: 20230101 | C10: 9 | D10: 0 | E10: 8 | G10: Q = Globale straling (in J/cm2) per uurvak / Global radiation (in J/cm2) during the hourly division
A11: 260 | B11: 20230101 | C11: 10 | D11: 5 | E11: 34
A12: 260 | B12: 20230101 | C12: 11 | D12: 3 | E12: 46
A13: 260 | B13: 20230101 | C13: 12 | D13: 0 | E13: 35
A14: 260 | B14: 20230101 | C14: 13 | D14: 0 | E14: 37
A15: 260 | B15: 20230101 | C15: 14 | D15: 0 | E15: 22
A16: 260 | B16: 20230101 | C16: 15 | D16: 0 | E16: 11
A17: 260 | B17: 20230101 | C17: 16 | D17: 0 | E17: 2
A18: 260 | B18: 20230101 | C18: 17 | D18: 0 | E18: 0
A19: 260 | B19: 20230101 | C19: 18 | D19: 0 | E19: 0
A20: 260 | B20: 20230101 | C20: 19 | D20: 0 | E20: 0
A21: 260 | B21: 20230101 | C21: 20 | D21: 0 | E21: 0
A22: 260 | B22: 20230101 | C22: 21 | D22: 0 | E22: 0
... A8761: 260 | B8761: 20231231 | C8761: 24 | D8761: 0 | E8761: 0
