Workbook
Name exchange_rate_2011_2010: #REF!
Name Final_demand_residences: '[1]Fuel aggregation'!$L$11
Name hours_a_year: #REF!
Name km2_to_m2: #REF!
Name kW_to_MW: #REF!
Name kW_to_W: #REF!
Name kWp_to_MWp: #REF!
Name labor_cost: Notes!#REF!
Name licensing: Notes!#REF!
Name m2_to_km2: #REF!
Name overhead_GA: Notes!#REF!
Name sensitivity_07: '[2]Tornado Charts'!$I$48
Name STC: #REF!
Name STC_insolation: #REF!
Name tax_insurance: Notes!#REF!
Name W_to_MW: #REF!
Name Wp_to_kWp: #REF!
Name WP_to_MWp: #REF!

Sheet Cover sheet
B2: Cover Sheet
B4: Document | C4: industry_useful_demand_for_chemical_refineries
B5: Author | C5: Kas Kranenburg
B6: Organization | C6: Quintel Intelligence
B9: Legend
B11: Cells | C11: Intermediate (calculation)
C12: Result
C13: Manual input
C14: Reference to manual input or data input
B16: Tabs | C16: Introductory
C17: Dashboard
C18: Research data
C19: Sources
C20: Results
C21: Main calculations
C22: Additional calculations
C23: Output to csv

Sheet Dashboard
C9: Attribute | D9: Unit | E9: Value | G9: Definition | I9: Source
C11: Technical
C12: =Sources!C8 -> electricity_input_conversion | D12: - | E12: =ROUND(Notes!D39,5) -> 0.00514 | I12: =Sources!$D$7 -> ETM, EU27_european_union_27_countries
C13: =Sources!C9 -> heat_input_conversion | D13: - | E13: =ROUND(Notes!D40,5) -> 0.05341 | I13: =Sources!$D$7 -> ETM, EU27_european_union_27_countries
C14: =Sources!C10 -> refinery_gas_output_conversion | D14: - | E14: =ROUND(Notes!D8,5) -> 0.03607 | I14: =Sources!$D$7 -> ETM, EU27_european_union_27_countries
C15: =Sources!C11 -> diesel_output_conversion | D15: - | E15: =ROUND(Notes!D9,5) -> 0.40374 | I15: =Sources!$D$7 -> ETM, EU27_european_union_27_countries
C16: =Sources!C12 -> gasoline_output_conversion | D16: - | E16: =ROUND(Notes!D10,5) -> 0.18022 | I16: =Sources!$D$7 -> ETM, EU27_european_union_27_countries
C17: =Sources!C13 -> kerosene_output_conversion | D17: - | E17: =ROUND(Notes!D11,5) -> 0.07896 | I17: =Sources!$D$7 -> ETM, EU27_european_union_27_countries
C18: =Sources!C14 -> lpg_output_conversion | D18: - | E18: =ROUND(Notes!D12,5) -> 0.02683 | I18: =Sources!$D$7 -> ETM, EU27_european_union_27_countries
C19: =Sources!C15 -> naphtha_output_conversion | D19: - | E19: =ROUND(Notes!D13,5) -> 0.07404 | I19: =Sources!$D$7 -> ETM, EU27_european_union_27_countries
C20: =Sources!C16 -> heavy_fuel_oil_output_conversion | D20: - | E20: =ROUND(Notes!D14,5) -> 0.10234 | I20: =Sources!$D$7 -> ETM, EU27_european_union_27_countries
C21: =Sources!C17 -> crude_oil_output_conversion | D21: - | E21: =ROUND(Notes!D15,5) -> 0.09023 | I21: =Sources!$D$7 -> ETM, EU27_european_union_27_countries
C22: =Sources!C18 -> loss_output_conversion | D22: - | E22: =ROUND(Notes!D16,5) -> 0.00758 | I22: =Sources!$D$7 -> ETM, EU27_european_union_27_countries
C23: =Sources!C19 -> network_gas_burner_share | D23: - | E23: =ROUND(Notes!D19,5) -> 0.28676 | I23: =Sources!$D$7 -> ETM, EU27_european_union_27_countries
C24: =Sources!C20 -> crude_oil_burner_share | D24: - | E24: =ROUND(Notes!D20,5) -> 0.65964 | I24: =Sources!$D$7 -> ETM, EU27_european_union_27_countries
C25: =Sources!C21 -> biomass_burner_share | D25: - | E25: =ROUND(Notes!D21,5) -> 8e-05 | I25: =Sources!$D$7 -> ETM, EU27_european_union_27_countries
C26: =Sources!C22 -> coal_burner_share | D26: - | E26: =ROUND(Notes!D22,5) -> 0.00043 | I26: =Sources!$D$7 -> ETM, EU27_european_union_27_countries
C27: =Sources!C23 -> hydrogen_burner_share | D27: - | E27: =ROUND(Notes!D23,5) -> 0 | I27: =Sources!$D$7 -> ETM, EU27_european_union_27_countries
C28: =Sources!C24 -> steam_network_share | D28: - | E28: =ROUND(Notes!D24,5) -> 0.05308 | I28: =Sources!$D$7 -> ETM, EU27_european_union_27_countries
D29: -

Sheet Sources
C3: Definition on the sources
C5: Type | D5: Source | E5: Country | F5: Date published | G5: Subject year | H5: Date retrieved | I5: ETM Library URL | J5: Link
C7: oil_input_conversion | D7: ETM, EU27_european_union_27_countries | H7: 45901
C8: electricity_input_conversion
C9: heat_input_conversion
C10: refinery_gas_output_conversion
C11: diesel_output_conversion
C12: gasoline_output_conversion
C13: kerosene_output_conversion
C14: lpg_output_conversion
C15: naphtha_output_conversion
C16: heavy_fuel_oil_output_conversion
C17: crude_oil_output_conversion
C18: loss_output_conversion
C19: network_gas_burner_share
... C24: steam_network_share

Sheet Notes
C5: For the archetype refinery sector the values of the Europen EU27_european_union_27_countries dataset are used.
H6: Queried from EU27_european_union_27_countries for refinery transformation node efficiencies
C7: Transformation node conversion effiencies
C8: refinery_gas_output_conversion | D8: 0.036066772
C9: diesel_output_conversion | D9: 0.40373804
C10: gasoline_output_conversion | D10: 0.18021812
C11: kerosene_output_conversion | D11: 0.078962482
C12: lpg_output_conversion | D12: 0.02682897
C13: naphtha_output_conversion | D13: 0.074035289
C14: heavy_fuel_oil_output_conversion | D14: 0.10233912
C15: crude_oil_output_conversion | D15: 0.090226732
C16: loss_output_conversion | D16: =1-SUM(D8:D15) -> 0.0075844744
C18: Heat production shares refinery sector
C19: network_gas_burner_share | D19: 0.28675632
C20: crude_oil_burner_share | D20: 0.65964492
C21: biomass_burner_share | D21: =1-SUM(D19,D20,D22,D23,D24) -> 8.1815075e-05
C22: coal_burner_share | D22: 0.00043377176
C23: hydrogen_burner_share | D23: 0
C24: steam_network_share | D24: 0.053083177
C28: - electricity demand in industry_useful_demand_for_chemical_refineries_electricity
C29: - useable heat demand in industry_useful_demand_for_chemical_refineries_useable_heat
C31: electricity_demand | D31: 123192275000
C32: heat_demand | D32: 1281191761860
C33: production industry transformation | D33: 23987762856000
H34: Queried from EU27_european_union_27_countries for heat production shares refinery sector
C35: relative_electricity | D35: =D31/D33 -> 0.00513563
C36: relative_heat | D36: =D32/D33 -> 0.053410223
C38: refinery products output conversion | D38: 1
C39: electricity_input_conversion | D39: =D35 -> 0.00513563
C40: heat_input_conversion | D40: =D36 -> 0.053410223
